timestamp,point_name,lat,lon,current_speed_kmph,free_flow_speed_kmph,current_travel_time_sec,free_flow_travel_time_sec,delay_sec,speed_ratio,congestion_index_pct,confidence,road_closure
2026-05-17 19:18:31.100113,Aleja 29 Listopada / Dobrego Pasterza,50.0953,19.9746,32,41,117,92,25,0.7805,21.95,1.0,False
2026-05-17 19:18:31.100113,Aleja 29 Listopada / Opolska,50.0861,19.952,44,56,360,284,76,0.7857,21.43,1.0,False
2026-05-17 19:18:31.100113,Aleja Pokoju / Centralna,50.0667,20.0028,41,49,46,39,7,0.8367,16.33,1.0,False
2026-05-17 19:18:31.100113,Aleja Powstania Warszawskiego,50.0647,19.9608,26,31,59,49,10,0.8387,16.13,1.0,False
2026-05-17 19:18:31.100113,Aleja Słowackiego / Łobzowska,50.0692,19.9302,23,27,317,270,47,0.8519,14.81,1.0,False
2026-05-17 19:18:31.100113,Aleje Trzech Wieszczów - AGH,50.0674,19.9209,18,21,96,84,12,0.8571,14.29,1.0,False
2026-05-17 19:18:31.100113,Armii Krajowej / Zarzecze,50.0738,19.8985,22,25,154,137,17,0.88,12,1.0,False
2026-05-17 19:18:31.100113,Bieżanowska / Wielicka,50.0207,19.982,19,24,143,113,30,0.7917,20.83,1.0,False
2026-05-17 19:18:31.100113,Bonarka / Kamieńskiego,50.0298,19.9513,29,34,17,15,2,0.8529,14.71,1.0,False
2026-05-17 19:18:31.100113,Bronowice SKA,50.0814,19.8994,98,112,569,498,71,0.875,12.5,1.0,False
2026-05-17 19:18:31.100113,Cracovia / Aleja Mickiewicza,50.0595,19.9235,29,34,258,221,37,0.8529,14.71,1.0,False
2026-05-17 19:18:31.100113,Czarnowiejska / Armii Krajowej,50.069,19.9075,28,36,95,73,22,0.7778,22.22,1.0,False
2026-05-17 19:18:31.100113,Dworzec Główny Tunel,50.0686,19.9477,34,39,142,124,18,0.8718,12.82,1.0,False
2026-05-17 19:18:31.100113,Estakada Obrońców Lwowa,50.0396,19.9627,45,49,97,88,9,0.9184,8.16,1.0,False
2026-05-17 19:18:31.100113,Galeria Krakowska / Pawia,50.0669,19.9457,32,50,182,118,64,0.64,36,1.0,False
2026-05-17 19:18:31.100113,Grzegórzecka,50.0578,19.9564,26,29,52,47,5,0.8966,10.34,1.0,False
2026-05-17 19:18:31.100113,Kalwaryjska,50.0412,19.9443,22,25,130,115,15,0.88,12,1.0,False
2026-05-17 19:18:31.100113,Lubomirskiego,50.0676,19.9536,14,16,109,95,14,0.875,12.5,1.0,False
2026-05-17 19:18:31.100113,M1 / Aleja Pokoju,50.0661,20.0149,24,28,141,120,21,0.8571,14.29,1.0,False
2026-05-17 19:18:31.100113,Most Dębnicki,50.053,19.9278,24,28,205,177,28,0.8571,14.29,1.0,False
2026-05-17 19:18:31.100113,Most Kotlarski,50.0523,19.9605,50,59,54,46,8,0.8475,15.25,1.0,False
2026-05-17 19:18:31.100113,Nowohucka / Klimeckiego,50.0503,19.9765,25,29,266,230,36,0.8621,13.79,1.0,False
2026-05-17 19:18:31.100113,Nowy Kleparz,50.0731,19.9352,14,25,78,45,33,0.56,44,0.92,False
2026-05-17 19:18:31.100113,Opolska Estakada,50.0857,19.9536,26,34,64,50,14,0.7647,23.53,1.0,False
2026-05-17 19:18:31.100113,Plac Centralny,50.072,20.0372,18,21,79,69,10,0.8571,14.29,1.0,False
2026-05-17 19:18:31.100113,Plac Inwalidów,50.0671,19.9269,14,16,147,128,19,0.875,12.5,1.0,False
2026-05-17 19:18:31.100113,Prokocim Szpital,50.0117,20.0005,42,46,65,60,5,0.913,8.7,1.0,False
2026-05-17 19:18:31.100113,Rondo Barei,50.0911,19.9742,32,38,47,40,7,0.8421,15.79,1.0,False
2026-05-17 19:18:31.100113,Rondo Czyżyńskie,50.0729,20.0167,31,38,12,10,2,0.8158,18.42,1.0,False
2026-05-17 19:18:31.100113,Rondo Grunwaldzkie,50.0492,19.9317,14,17,30,24,6,0.8235,17.65,1.0,False
2026-05-17 19:18:31.100113,Rondo Grzegórzeckie,50.0576,19.9609,24,30,62,50,12,0.8,20,1.0,False
2026-05-17 19:18:31.100113,Rondo Matecznego,50.0364,19.9406,20,25,9,7,2,0.8,20,1.0,False
2026-05-17 19:18:31.100113,Rondo Mogilskie,50.0672,19.9595,28,34,20,16,4,0.8235,17.65,1.0,False
2026-05-17 19:18:31.100113,Rondo Ofiar Katynia,50.0879,19.8976,43,56,372,284,88,0.7679,23.21,1.0,False
2026-05-17 19:18:31.100113,Rondo Polsadu,50.0879,19.9618,35,43,43,35,8,0.814,18.6,1.0,False
2026-05-17 19:18:31.100113,Wielicka / Powstańców Wielkopolskich,50.0335,19.9621,38,49,112,88,24,0.7755,22.45,1.0,False
2026-05-17 19:18:31.100113,Węzeł Balice / A4,50.0878,19.7937,33,40,138,114,24,0.825,17.5,1.0,False
2026-05-17 19:18:31.100113,Węzeł Tyniec / A4,50.0196,19.8078,37,45,736,605,131,0.8222,17.78,1.0,False
2026-05-17 19:18:31.100113,Węzeł Wielicka / A4,50.0034,20.0065,37,48,173,133,40,0.7708,22.92,1.0,False
2026-05-17 19:18:31.100113,Węzeł Łagiewniki,50.0136,19.9325,24,29,402,327,75,0.8276,17.24,1.0,False
2026-05-17 19:18:31.100113,Zakopiańska / Brożka,50.0227,19.9349,31,40,91,71,20,0.775,22.5,1.0,False
2026-05-17 19:18:31.100113,Łagiewniki,50.0202,19.9378,55,60,223,203,20,0.9167,8.33,1.0,False
2026-05-17 19:24:01.521162,Aleja 29 Listopada / Dobrego Pasterza,50.0953,19.9746,34,41,112,92,20,0.8293,17.07,1.0,False
2026-05-17 19:24:01.521162,Aleja 29 Listopada / Opolska,50.0861,19.952,44,56,363,284,79,0.7857,21.43,1.0,False
2026-05-17 19:24:01.521162,Aleja Pokoju / Centralna,50.0667,20.0028,40,49,47,39,8,0.8163,18.37,1.0,False
2026-05-17 19:24:01.521162,Aleja Powstania Warszawskiego,50.0647,19.9608,26,31,59,49,10,0.8387,16.13,1.0,False
2026-05-17 19:24:01.521162,Aleja Słowackiego / Łobzowska,50.0692,19.9302,23,27,313,270,43,0.8519,14.81,1.0,False
2026-05-17 19:24:01.521162,Aleje Trzech Wieszczów - AGH,50.0674,19.9209,17,21,101,84,17,0.8095,19.05,1.0,False
2026-05-17 19:24:01.521162,Armii Krajowej / Zarzecze,50.0738,19.8985,23,25,151,137,14,0.92,8,1.0,False
2026-05-17 19:24:01.521162,Bieżanowska / Wielicka,50.0207,19.982,19,24,140,113,27,0.7917,20.83,1.0,False
2026-05-17 19:24:01.521162,Bonarka / Kamieńskiego,50.0298,19.9513,27,34,19,15,4,0.7941,20.59,1.0,False
2026-05-17 19:24:01.521162,Bronowice SKA,50.0814,19.8994,104,112,538,498,40,0.9286,7.14,1.0,False
2026-05-17 19:24:01.521162,Cracovia / Aleja Mickiewicza,50.0595,19.9235,29,34,257,221,36,0.8529,14.71,1.0,False
2026-05-17 19:24:01.521162,Czarnowiejska / Armii Krajowej,50.069,19.9075,32,36,83,73,10,0.8889,11.11,1.0,False
2026-05-17 19:24:01.521162,Dworzec Główny Tunel,50.0686,19.9477,35,39,138,124,14,0.8974,10.26,1.0,False
2026-05-17 19:24:01.521162,Estakada Obrońców Lwowa,50.0396,19.9627,30,49,146,88,58,0.6122,38.78,1.0,False
2026-05-17 19:24:01.521162,Galeria Krakowska / Pawia,50.0669,19.9457,39,49,154,121,33,0.7959,20.41,1.0,False
2026-05-17 19:24:01.521162,Grzegórzecka,50.0578,19.9564,27,29,51,47,4,0.931,6.9,1.0,False
2026-05-17 19:24:01.521162,Kalwaryjska,50.0412,19.9443,22,25,133,115,18,0.88,12,1.0,False
2026-05-17 19:24:01.521162,Lubomirskiego,50.0676,19.9536,14,16,109,95,14,0.875,12.5,1.0,False
2026-05-17 19:24:01.521162,M1 / Aleja Pokoju,50.0661,20.0149,23,28,145,120,25,0.8214,17.86,1.0,False
2026-05-17 19:24:01.521162,Most Dębnicki,50.053,19.9278,24,28,208,177,31,0.8571,14.29,1.0,False
2026-05-17 19:24:01.521162,Nowohucka / Klimeckiego,50.0503,19.9765,26,29,261,230,31,0.8966,10.34,1.0,False
2026-05-17 19:24:01.521162,Nowy Kleparz,50.0731,19.9352,14,25,78,45,33,0.56,44,0.9,False
2026-05-17 19:24:01.521162,Opolska Estakada,50.0857,19.9536,28,34,62,50,12,0.8235,17.65,1.0,False
2026-05-17 19:24:01.521162,Plac Centralny,50.072,20.0372,19,21,75,69,6,0.9048,9.52,1.0,False
2026-05-17 19:24:01.521162,Plac Inwalidów,50.0671,19.9269,14,16,147,128,19,0.875,12.5,1.0,False
2026-05-17 19:24:01.521162,Prokocim Szpital,50.0117,20.0005,32,44,88,63,25,0.7273,27.27,1.0,False
2026-05-17 19:24:01.521162,Rondo Barei,50.0911,19.9742,33,38,46,40,6,0.8684,13.16,1.0,False
2026-05-17 19:24:01.521162,Rondo Czyżyńskie,50.0729,20.0167,31,38,12,10,2,0.8158,18.42,1.0,False
2026-05-17 19:24:01.521162,Rondo Grunwaldzkie,50.0492,19.9317,14,17,28,24,4,0.8235,17.65,1.0,False
2026-05-17 19:24:01.521162,Rondo Grzegórzeckie,50.0576,19.9609,25,30,61,50,11,0.8333,16.67,1.0,False
2026-05-17 19:24:01.521162,Rondo Matecznego,50.0364,19.9406,20,25,9,7,2,0.8,20,1.0,False
2026-05-17 19:24:01.521162,Rondo Mogilskie,50.0672,19.9595,26,34,21,16,5,0.7647,23.53,1.0,False
2026-05-17 19:24:01.521162,Rondo Ofiar Katynia,50.0879,19.8976,43,56,370,284,86,0.7679,23.21,1.0,False
2026-05-17 19:24:01.521162,Rondo Polsadu,50.0879,19.9618,36,43,42,35,7,0.8372,16.28,1.0,False
2026-05-17 19:24:01.521162,Wielicka / Powstańców Wielkopolskich,50.0335,19.9621,24,49,180,88,92,0.4898,51.02,1.0,False
2026-05-17 19:24:01.521162,Węzeł Balice / A4,50.0878,19.7937,34,40,132,114,18,0.85,15,1.0,False
2026-05-17 19:24:01.521162,Węzeł Tyniec / A4,50.0196,19.8078,38,45,714,605,109,0.8444,15.56,1.0,False
2026-05-17 19:24:01.521162,Węzeł Wielicka / A4,50.0034,20.0065,39,48,163,133,30,0.8125,18.75,1.0,False
2026-05-17 19:24:01.521162,Węzeł Łagiewniki,50.0136,19.9325,24,29,402,327,75,0.8276,17.24,1.0,False
2026-05-17 19:24:01.521162,Zakopiańska / Brożka,50.0227,19.9349,30,40,93,71,22,0.75,25,1.0,False
2026-05-17 19:24:01.521162,Łagiewniki,50.0202,19.9378,56,60,219,203,16,0.9333,6.67,1.0,False
2026-05-17 19:25:04.021392,Aleja 29 Listopada / Dobrego Pasterza,50.0953,19.9746,33,41,116,92,24,0.8049,19.51,1.0,False
2026-05-17 19:25:04.021392,Aleja 29 Listopada / Opolska,50.0861,19.952,43,56,374,284,90,0.7679,23.21,1.0,False
2026-05-17 19:25:04.021392,Aleja Pokoju / Centralna,50.0667,20.0028,42,49,46,39,7,0.8571,14.29,1.0,False
2026-05-17 19:25:04.021392,Aleja Powstania Warszawskiego,50.0647,19.9608,27,31,56,49,7,0.871,12.9,1.0,False
2026-05-17 19:25:04.021392,Aleja Słowackiego / Łobzowska,50.0692,19.9302,23,27,322,270,52,0.8519,14.81,1.0,False
2026-05-17 19:25:04.021392,Aleje Trzech Wieszczów - AGH,50.0674,19.9209,18,21,99,84,15,0.8571,14.29,1.0,False
2026-05-17 19:25:04.021392,Armii Krajowej / Zarzecze,50.0738,19.8985,23,25,150,137,13,0.92,8,1.0,False
2026-05-17 19:25:04.021392,Bieżanowska / Wielicka,50.0207,19.982,18,24,147,113,34,0.75,25,1.0,False
2026-05-17 19:25:04.021392,Bonarka / Kamieńskiego,50.0298,19.9513,28,34,18,15,3,0.8235,17.65,1.0,False
2026-05-17 19:25:04.021392,Bronowice SKA,50.0814,19.8994,103,112,539,498,41,0.9196,8.04,1.0,False
2026-05-17 19:25:04.021392,Cracovia / Aleja Mickiewicza,50.0595,19.9235,29,34,263,221,42,0.8529,14.71,1.0,False
2026-05-17 19:25:04.021392,Czarnowiejska / Armii Krajowej,50.069,19.9075,33,36,81,73,8,0.9167,8.33,1.0,False
2026-05-17 19:25:04.021392,Dworzec Główny Tunel,50.0686,19.9477,36,39,135,124,11,0.9231,7.69,1.0,False
2026-05-17 19:25:04.021392,Estakada Obrońców Lwowa,50.0396,19.9627,34,48,127,90,37,0.7083,29.17,1.0,False
2026-05-17 19:25:04.021392,Galeria Krakowska / Pawia,50.0669,19.9457,40,49,150,121,29,0.8163,18.37,1.0,False
2026-05-17 19:25:04.021392,Grzegórzecka,50.0578,19.9564,27,29,51,47,4,0.931,6.9,1.0,False
2026-05-17 19:25:04.021392,Kalwaryjska,50.0412,19.9443,22,25,129,115,14,0.88,12,1.0,False
2026-05-17 19:25:04.021392,Lubomirskiego,50.0676,19.9536,14,16,107,95,12,0.875,12.5,1.0,False
2026-05-17 19:25:04.021392,M1 / Aleja Pokoju,50.0661,20.0149,24,28,141,120,21,0.8571,14.29,1.0,False
2026-05-17 19:25:04.021392,Most Dębnicki,50.053,19.9278,23,28,215,177,38,0.8214,17.86,1.0,False
2026-05-17 19:25:04.021392,Nowohucka / Klimeckiego,50.0503,19.9765,27,29,249,230,19,0.931,6.9,1.0,False
2026-05-17 19:25:04.021392,Nowy Kleparz,50.0731,19.9352,15,26,74,43,31,0.5769,42.31,0.9,False
2026-05-17 19:25:04.021392,Opolska Estakada,50.0857,19.9536,28,34,62,50,12,0.8235,17.65,1.0,False
2026-05-17 19:25:04.021392,Plac Centralny,50.072,20.0372,19,21,75,69,6,0.9048,9.52,1.0,False
2026-05-17 19:25:04.021392,Plac Inwalidów,50.0671,19.9269,15,16,139,128,11,0.9375,6.25,1.0,False
2026-05-17 19:25:04.021392,Prokocim Szpital,50.0117,20.0005,31,45,87,61,26,0.6889,31.11,1.0,False
2026-05-17 19:25:04.021392,Rondo Barei,50.0911,19.9742,31,38,49,40,9,0.8158,18.42,1.0,False
2026-05-17 19:25:04.021392,Rondo Czyżyńskie,50.0729,20.0167,31,38,12,10,2,0.8158,18.42,1.0,False
2026-05-17 19:25:04.021392,Rondo Grunwaldzkie,50.0492,19.9317,14,17,29,24,5,0.8235,17.65,1.0,False
2026-05-17 19:25:04.021392,Rondo Grzegórzeckie,50.0576,19.9609,24,30,62,50,12,0.8,20,1.0,False
2026-05-17 19:25:04.021392,Rondo Matecznego,50.0364,19.9406,19,25,9,7,2,0.76,24,1.0,False
2026-05-17 19:25:04.021392,Rondo Mogilskie,50.0672,19.9595,26,34,21,16,5,0.7647,23.53,1.0,False
2026-05-17 19:25:04.021392,Rondo Ofiar Katynia,50.0879,19.8976,43,56,372,284,88,0.7679,23.21,1.0,False
2026-05-17 19:25:04.021392,Rondo Polsadu,50.0879,19.9618,35,43,44,35,9,0.814,18.6,1.0,False
2026-05-17 19:25:04.021392,Wielicka / Powstańców Wielkopolskich,50.0335,19.9621,29,48,151,90,61,0.6042,39.58,1.0,False
2026-05-17 19:25:04.021392,Węzeł Balice / A4,50.0878,19.7937,33,40,139,114,25,0.825,17.5,1.0,False
2026-05-17 19:25:04.021392,Węzeł Tyniec / A4,50.0196,19.8078,38,45,710,605,105,0.8444,15.56,1.0,False
2026-05-17 19:25:04.021392,Węzeł Wielicka / A4,50.0034,20.0065,39,48,162,133,29,0.8125,18.75,1.0,False
2026-05-17 19:25:04.021392,Węzeł Łagiewniki,50.0136,19.9325,24,29,395,327,68,0.8276,17.24,1.0,False
2026-05-17 19:25:04.021392,Zakopiańska / Brożka,50.0227,19.9349,32,40,87,71,16,0.8,20,1.0,False
2026-05-17 19:25:04.021392,Łagiewniki,50.0202,19.9378,52,60,233,203,30,0.8667,13.33,1.0,False
2026-05-17 19:26:06.516634,Aleja 29 Listopada / Dobrego Pasterza,50.0953,19.9746,32,41,118,92,26,0.7805,21.95,1.0,False
2026-05-17 19:26:06.516634,Aleja 29 Listopada / Opolska,50.0861,19.952,46,56,349,284,65,0.8214,17.86,1.0,False
2026-05-17 19:26:06.516634,Aleja Pokoju / Centralna,50.0667,20.0028,42,49,46,39,7,0.8571,14.29,1.0,False
2026-05-17 19:26:06.516634,Aleja Powstania Warszawskiego,50.0647,19.9608,26,31,58,49,9,0.8387,16.13,1.0,False
2026-05-17 19:26:06.516634,Aleja Słowackiego / Łobzowska,50.0692,19.9302,22,27,335,270,65,0.8148,18.52,1.0,False
2026-05-17 19:26:06.516634,Aleje Trzech Wieszczów - AGH,50.0674,19.9209,18,21,98,84,14,0.8571,14.29,1.0,False
2026-05-17 19:26:06.516634,Armii Krajowej / Zarzecze,50.0738,19.8985,23,25,152,137,15,0.92,8,1.0,False
2026-05-17 19:26:06.516634,Bieżanowska / Wielicka,50.0207,19.982,19,24,146,113,33,0.7917,20.83,1.0,False
2026-05-17 19:26:06.516634,Bonarka / Kamieńskiego,50.0298,19.9513,29,34,18,15,3,0.8529,14.71,1.0,False
2026-05-17 19:26:06.516634,Bronowice SKA,50.0814,19.8994,101,112,554,498,56,0.9018,9.82,1.0,False
2026-05-17 19:26:06.516634,Cracovia / Aleja Mickiewicza,50.0595,19.9235,29,34,257,221,36,0.8529,14.71,1.0,False
2026-05-17 19:26:06.516634,Czarnowiejska / Armii Krajowej,50.069,19.9075,32,36,81,73,8,0.8889,11.11,1.0,False
2026-05-17 19:26:06.516634,Dworzec Główny Tunel,50.0686,19.9477,34,39,141,124,17,0.8718,12.82,1.0,False
2026-05-17 19:26:06.516634,Estakada Obrońców Lwowa,50.0396,19.9627,44,49,99,88,11,0.898,10.2,1.0,False
2026-05-17 19:26:06.516634,Galeria Krakowska / Pawia,50.0669,19.9457,40,49,148,121,27,0.8163,18.37,1.0,False
2026-05-17 19:26:06.516634,Grzegórzecka,50.0578,19.9564,26,29,52,47,5,0.8966,10.34,1.0,False
2026-05-17 19:26:06.516634,Kalwaryjska,50.0412,19.9443,22,25,132,115,17,0.88,12,1.0,False
2026-05-17 19:26:06.516634,Lubomirskiego,50.0676,19.9536,14,16,107,95,12,0.875,12.5,1.0,False
2026-05-17 19:26:06.516634,M1 / Aleja Pokoju,50.0661,20.0149,23,28,143,120,23,0.8214,17.86,1.0,False
2026-05-17 19:26:06.516634,Most Dębnicki,50.053,19.9278,23,28,213,177,36,0.8214,17.86,1.0,False
2026-05-17 19:26:06.516634,Nowohucka / Klimeckiego,50.0503,19.9765,25,29,265,230,35,0.8621,13.79,1.0,False
2026-05-17 19:26:06.516634,Nowy Kleparz,50.0731,19.9352,14,25,78,45,33,0.56,44,0.9,False
2026-05-17 19:26:06.516634,Opolska Estakada,50.0857,19.9536,27,34,63,50,13,0.7941,20.59,1.0,False
2026-05-17 19:26:06.516634,Plac Centralny,50.072,20.0372,19,21,75,69,6,0.9048,9.52,1.0,False
2026-05-17 19:26:06.516634,Plac Inwalidów,50.0671,19.9269,14,16,149,128,21,0.875,12.5,1.0,False
2026-05-17 19:26:06.516634,Prokocim Szpital,50.0117,20.0005,29,44,96,63,33,0.6591,34.09,1.0,False
2026-05-17 19:26:06.516634,Rondo Barei,50.0911,19.9742,32,38,47,40,7,0.8421,15.79,1.0,False
2026-05-17 19:26:06.516634,Rondo Czyżyńskie,50.0729,20.0167,33,38,12,10,2,0.8684,13.16,1.0,False
2026-05-17 19:26:06.516634,Rondo Grunwaldzkie,50.0492,19.9317,14,17,30,24,6,0.8235,17.65,1.0,False
2026-05-17 19:26:06.516634,Rondo Grzegórzeckie,50.0576,19.9609,25,30,61,50,11,0.8333,16.67,1.0,False
2026-05-17 19:26:06.516634,Rondo Matecznego,50.0364,19.9406,20,25,9,7,2,0.8,20,1.0,False
2026-05-17 19:26:06.516634,Rondo Mogilskie,50.0672,19.9595,27,34,20,16,4,0.7941,20.59,1.0,False
2026-05-17 19:26:06.516634,Rondo Ofiar Katynia,50.0879,19.8976,45,56,354,284,70,0.8036,19.64,1.0,False
2026-05-17 19:26:06.516634,Rondo Polsadu,50.0879,19.9618,35,43,43,35,8,0.814,18.6,1.0,False
2026-05-17 19:26:06.516634,Wielicka / Powstańców Wielkopolskich,50.0335,19.9621,37,49,115,88,27,0.7551,24.49,1.0,False
2026-05-17 19:26:06.516634,Węzeł Balice / A4,50.0878,19.7937,34,40,135,114,21,0.85,15,1.0,False
2026-05-17 19:26:06.516634,Węzeł Tyniec / A4,50.0196,19.8078,37,45,745,605,140,0.8222,17.78,1.0,False
2026-05-17 19:26:06.516634,Węzeł Wielicka / A4,50.0034,20.0065,38,48,168,133,35,0.7917,20.83,1.0,False
2026-05-17 19:26:06.516634,Węzeł Łagiewniki,50.0136,19.9325,24,29,391,327,64,0.8276,17.24,1.0,False
2026-05-17 19:26:06.516634,Zakopiańska / Brożka,50.0227,19.9349,33,40,87,71,16,0.825,17.5,1.0,False
2026-05-17 19:26:06.516634,Łagiewniki,50.0202,19.9378,53,60,230,203,27,0.8833,11.67,1.0,False
2026-05-17 19:27:08.775844,Aleja 29 Listopada / Dobrego Pasterza,50.0953,19.9746,31,41,120,92,28,0.7561,24.39,1.0,False
2026-05-17 19:27:08.775844,Aleja 29 Listopada / Opolska,50.0861,19.952,46,56,348,284,64,0.8214,17.86,1.0,False
2026-05-17 19:27:08.775844,Aleja Pokoju / Centralna,50.0667,20.0028,41,49,46,39,7,0.8367,16.33,1.0,False
2026-05-17 19:27:08.775844,Aleja Powstania Warszawskiego,50.0647,19.9608,25,31,61,49,12,0.8065,19.35,1.0,False
2026-05-17 19:27:08.775844,Aleja Słowackiego / Łobzowska,50.0692,19.9302,23,27,323,270,53,0.8519,14.81,1.0,False
2026-05-17 19:27:08.775844,Aleje Trzech Wieszczów - AGH,50.0674,19.9209,18,21,97,84,13,0.8571,14.29,1.0,False
2026-05-17 19:27:08.775844,Armii Krajowej / Zarzecze,50.0738,19.8985,23,25,148,137,11,0.92,8,1.0,False
2026-05-17 19:27:08.775844,Bieżanowska / Wielicka,50.0207,19.982,19,24,146,113,33,0.7917,20.83,1.0,False
2026-05-17 19:27:08.775844,Bonarka / Kamieńskiego,50.0298,19.9513,29,34,18,15,3,0.8529,14.71,1.0,False
2026-05-17 19:27:08.775844,Bronowice SKA,50.0814,19.8994,101,112,553,498,55,0.9018,9.82,1.0,False
2026-05-17 19:27:08.775844,Cracovia / Aleja Mickiewicza,50.0595,19.9235,28,34,264,221,43,0.8235,17.65,1.0,False
2026-05-17 19:27:08.775844,Czarnowiejska / Armii Krajowej,50.069,19.9075,33,36,79,73,6,0.9167,8.33,1.0,False
2026-05-17 19:27:08.775844,Dworzec Główny Tunel,50.0686,19.9477,35,39,137,124,13,0.8974,10.26,1.0,False
2026-05-17 19:27:08.775844,Estakada Obrońców Lwowa,50.0396,19.9627,45,49,95,88,7,0.9184,8.16,1.0,False
2026-05-17 19:27:08.775844,Galeria Krakowska / Pawia,50.0669,19.9457,40,49,150,121,29,0.8163,18.37,1.0,False
2026-05-17 19:27:08.775844,Grzegórzecka,50.0578,19.9564,26,29,52,47,5,0.8966,10.34,1.0,False
2026-05-17 19:27:08.775844,Kalwaryjska,50.0412,19.9443,22,25,129,115,14,0.88,12,1.0,False
2026-05-17 19:27:08.775844,Lubomirskiego,50.0676,19.9536,15,16,104,95,9,0.9375,6.25,1.0,False
2026-05-17 19:27:08.775844,M1 / Aleja Pokoju,50.0661,20.0149,24,28,142,120,22,0.8571,14.29,1.0,False
2026-05-17 19:27:08.775844,Most Dębnicki,50.053,19.9278,24,28,208,177,31,0.8571,14.29,1.0,False
2026-05-17 19:27:08.775844,Nowohucka / Klimeckiego,50.0503,19.9765,27,29,250,230,20,0.931,6.9,1.0,False
2026-05-17 19:27:08.775844,Nowy Kleparz,50.0731,19.9352,15,26,74,43,31,0.5769,42.31,0.89,False
2026-05-17 19:27:08.775844,Opolska Estakada,50.0857,19.9536,28,34,61,50,11,0.8235,17.65,1.0,False
2026-05-17 19:27:08.775844,Plac Centralny,50.072,20.0372,20,21,74,69,5,0.9524,4.76,1.0,False
2026-05-17 19:27:08.775844,Plac Inwalidów,50.0671,19.9269,14,16,144,128,16,0.875,12.5,1.0,False
2026-05-17 19:27:08.775844,Prokocim Szpital,50.0117,20.0005,27,45,103,61,42,0.6,40,1.0,False
2026-05-17 19:27:08.775844,Rondo Barei,50.0911,19.9742,32,38,47,40,7,0.8421,15.79,1.0,False
2026-05-17 19:27:08.775844,Rondo Czyżyńskie,50.0729,20.0167,32,38,12,10,2,0.8421,15.79,1.0,False
2026-05-17 19:27:08.775844,Rondo Grunwaldzkie,50.0492,19.9317,14,17,28,24,4,0.8235,17.65,1.0,False
2026-05-17 19:27:08.775844,Rondo Grzegórzeckie,50.0576,19.9609,25,30,61,50,11,0.8333,16.67,1.0,False
2026-05-17 19:27:08.775844,Rondo Matecznego,50.0364,19.9406,20,25,9,7,2,0.8,20,1.0,False
2026-05-17 19:27:08.775844,Rondo Mogilskie,50.0672,19.9595,26,34,21,16,5,0.7647,23.53,1.0,False
2026-05-17 19:27:08.775844,Rondo Ofiar Katynia,50.0879,19.8976,43,56,374,284,90,0.7679,23.21,1.0,False
2026-05-17 19:27:08.775844,Rondo Polsadu,50.0879,19.9618,35,43,42,35,7,0.814,18.6,1.0,False
2026-05-17 19:27:08.775844,Wielicka / Powstańców Wielkopolskich,50.0335,19.9621,38,49,113,88,25,0.7755,22.45,1.0,False
2026-05-17 19:27:08.775844,Węzeł Balice / A4,50.0878,19.7937,34,40,134,114,20,0.85,15,1.0,False
2026-05-17 19:27:08.775844,Węzeł Tyniec / A4,50.0196,19.8078,39,45,696,605,91,0.8667,13.33,1.0,False
2026-05-17 19:27:08.775844,Węzeł Wielicka / A4,50.0034,20.0065,38,48,169,133,36,0.7917,20.83,1.0,False
2026-05-17 19:27:08.775844,Węzeł Łagiewniki,50.0136,19.9325,24,29,403,327,76,0.8276,17.24,1.0,False
2026-05-17 19:27:08.775844,Zakopiańska / Brożka,50.0227,19.9349,33,40,87,71,16,0.825,17.5,1.0,False
2026-05-17 19:27:08.775844,Łagiewniki,50.0202,19.9378,55,60,221,203,18,0.9167,8.33,1.0,False
2026-05-17 19:28:11.094632,Aleja 29 Listopada / Dobrego Pasterza,50.0953,19.9746,32,41,118,92,26,0.7805,21.95,1.0,False
2026-05-17 19:28:11.094632,Aleja 29 Listopada / Opolska,50.0861,19.952,45,56,353,284,69,0.8036,19.64,1.0,False
2026-05-17 19:28:11.094632,Aleja Pokoju / Centralna,50.0667,20.0028,40,49,48,39,9,0.8163,18.37,1.0,False
2026-05-17 19:28:11.094632,Aleja Powstania Warszawskiego,50.0647,19.9608,27,31,56,49,7,0.871,12.9,1.0,False
2026-05-17 19:28:11.094632,Aleja Słowackiego / Łobzowska,50.0692,19.9302,23,27,312,270,42,0.8519,14.81,1.0,False
2026-05-17 19:28:11.094632,Aleje Trzech Wieszczów - AGH,50.0674,19.9209,18,21,99,84,15,0.8571,14.29,1.0,False
2026-05-17 19:28:11.094632,Armii Krajowej / Zarzecze,50.0738,19.8985,23,25,152,137,15,0.92,8,1.0,False
2026-05-17 19:28:11.094632,Bieżanowska / Wielicka,50.0207,19.982,20,24,137,113,24,0.8333,16.67,1.0,False
2026-05-17 19:28:11.094632,Bonarka / Kamieńskiego,50.0298,19.9513,29,34,17,15,2,0.8529,14.71,1.0,False
2026-05-17 19:28:11.094632,Bronowice SKA,50.0814,19.8994,100,112,557,498,59,0.8929,10.71,1.0,False
2026-05-17 19:28:11.094632,Cracovia / Aleja Mickiewicza,50.0595,19.9235,30,34,254,221,33,0.8824,11.76,1.0,False
2026-05-17 19:28:11.094632,Czarnowiejska / Armii Krajowej,50.069,19.9075,32,36,81,73,8,0.8889,11.11,1.0,False
2026-05-17 19:28:11.094632,Dworzec Główny Tunel,50.0686,19.9477,35,39,138,124,14,0.8974,10.26,1.0,False
2026-05-17 19:28:11.094632,Estakada Obrońców Lwowa,50.0396,19.9627,45,49,96,88,8,0.9184,8.16,1.0,False
2026-05-17 19:28:11.094632,Galeria Krakowska / Pawia,50.0669,19.9457,38,49,158,121,37,0.7755,22.45,1.0,False
2026-05-17 19:28:11.094632,Grzegórzecka,50.0578,19.9564,25,29,55,47,8,0.8621,13.79,1.0,False
2026-05-17 19:28:11.094632,Kalwaryjska,50.0412,19.9443,22,25,132,115,17,0.88,12,1.0,False
2026-05-17 19:28:11.094632,Lubomirskiego,50.0676,19.9536,15,16,102,95,7,0.9375,6.25,1.0,False
2026-05-17 19:28:11.094632,M1 / Aleja Pokoju,50.0661,20.0149,23,28,147,120,27,0.8214,17.86,1.0,False
2026-05-17 19:28:11.094632,Most Dębnicki,50.053,19.9278,24,28,210,177,33,0.8571,14.29,1.0,False
2026-05-17 19:28:11.094632,Nowohucka / Klimeckiego,50.0503,19.9765,26,29,253,230,23,0.8966,10.34,1.0,False
2026-05-17 19:28:11.094632,Nowy Kleparz,50.0731,19.9352,15,26,74,43,31,0.5769,42.31,0.9,False
2026-05-17 19:28:11.094632,Opolska Estakada,50.0857,19.9536,28,34,62,50,12,0.8235,17.65,1.0,False
2026-05-17 19:28:11.094632,Plac Centralny,50.072,20.0372,18,21,79,69,10,0.8571,14.29,1.0,False
2026-05-17 19:28:11.094632,Plac Inwalidów,50.0671,19.9269,14,16,146,128,18,0.875,12.5,1.0,False
2026-05-17 19:28:11.094632,Prokocim Szpital,50.0117,20.0005,30,45,91,61,30,0.6667,33.33,1.0,False
2026-05-17 19:28:11.094632,Rondo Barei,50.0911,19.9742,33,38,47,40,7,0.8684,13.16,1.0,False
2026-05-17 19:28:11.094632,Rondo Czyżyńskie,50.0729,20.0167,31,38,12,10,2,0.8158,18.42,1.0,False
2026-05-17 19:28:11.094632,Rondo Grunwaldzkie,50.0492,19.9317,14,17,29,24,5,0.8235,17.65,1.0,False
2026-05-17 19:28:11.094632,Rondo Grzegórzeckie,50.0576,19.9609,23,30,64,50,14,0.7667,23.33,1.0,False
2026-05-17 19:28:11.094632,Rondo Matecznego,50.0364,19.9406,20,25,9,7,2,0.8,20,1.0,False
2026-05-17 19:28:11.094632,Rondo Mogilskie,50.0672,19.9595,26,34,21,16,5,0.7647,23.53,1.0,False
2026-05-17 19:28:11.094632,Rondo Ofiar Katynia,50.0879,19.8976,46,56,349,284,65,0.8214,17.86,1.0,False
2026-05-17 19:28:11.094632,Rondo Polsadu,50.0879,19.9618,36,43,42,35,7,0.8372,16.28,1.0,False
2026-05-17 19:28:11.094632,Wielicka / Powstańców Wielkopolskich,50.0335,19.9621,38,49,113,88,25,0.7755,22.45,1.0,False
2026-05-17 19:28:11.094632,Węzeł Balice / A4,50.0878,19.7937,32,40,141,114,27,0.8,20,1.0,False
2026-05-17 19:28:11.094632,Węzeł Tyniec / A4,50.0196,19.8078,37,45,726,605,121,0.8222,17.78,1.0,False
2026-05-17 19:28:11.094632,Węzeł Wielicka / A4,50.0034,20.0065,40,48,161,133,28,0.8333,16.67,1.0,False
2026-05-17 19:28:11.094632,Węzeł Łagiewniki,50.0136,19.9325,24,29,400,327,73,0.8276,17.24,1.0,False
2026-05-17 19:28:11.094632,Zakopiańska / Brożka,50.0227,19.9349,31,40,93,71,22,0.775,22.5,1.0,False
2026-05-17 19:28:11.094632,Łagiewniki,50.0202,19.9378,53,60,228,203,25,0.8833,11.67,1.0,False
2026-05-17 19:29:13.472723,Aleja 29 Listopada / Dobrego Pasterza,50.0953,19.9746,32,41,119,92,27,0.7805,21.95,1.0,False
2026-05-17 19:29:13.472723,Aleja 29 Listopada / Opolska,50.0861,19.952,43,56,367,284,83,0.7679,23.21,1.0,False
2026-05-17 19:29:13.472723,Aleja Pokoju / Centralna,50.0667,20.0028,40,49,47,39,8,0.8163,18.37,1.0,False
2026-05-17 19:29:13.472723,Aleja Powstania Warszawskiego,50.0647,19.9608,25,31,60,49,11,0.8065,19.35,1.0,False
2026-05-17 19:29:13.472723,Aleja Słowackiego / Łobzowska,50.0692,19.9302,23,27,321,270,51,0.8519,14.81,1.0,False
2026-05-17 19:29:13.472723,Aleje Trzech Wieszczów - AGH,50.0674,19.9209,18,21,101,84,17,0.8571,14.29,1.0,False
2026-05-17 19:29:13.472723,Armii Krajowej / Zarzecze,50.0738,19.8985,22,25,154,137,17,0.88,12,1.0,False
2026-05-17 19:29:13.472723,Bieżanowska / Wielicka,50.0207,19.982,20,24,138,113,25,0.8333,16.67,1.0,False
2026-05-17 19:29:13.472723,Bonarka / Kamieńskiego,50.0298,19.9513,28,34,18,15,3,0.8235,17.65,1.0,False
2026-05-17 19:29:13.472723,Bronowice SKA,50.0814,19.8994,99,112,565,498,67,0.8839,11.61,1.0,False
2026-05-17 19:29:13.472723,Cracovia / Aleja Mickiewicza,50.0595,19.9235,27,34,275,221,54,0.7941,20.59,1.0,False
2026-05-17 19:29:13.472723,Czarnowiejska / Armii Krajowej,50.069,19.9075,33,36,81,73,8,0.9167,8.33,1.0,False
2026-05-17 19:29:13.472723,Dworzec Główny Tunel,50.0686,19.9477,36,39,134,124,10,0.9231,7.69,1.0,False
2026-05-17 19:29:13.472723,Estakada Obrońców Lwowa,50.0396,19.9627,44,49,98,88,10,0.898,10.2,1.0,False
2026-05-17 19:29:13.472723,Galeria Krakowska / Pawia,50.0669,19.9457,40,49,149,121,28,0.8163,18.37,1.0,False
2026-05-17 19:29:13.472723,Grzegórzecka,50.0578,19.9564,25,29,53,47,6,0.8621,13.79,1.0,False
2026-05-17 19:29:13.472723,Kalwaryjska,50.0412,19.9443,22,25,131,115,16,0.88,12,1.0,False
2026-05-17 19:29:13.472723,Lubomirskiego,50.0676,19.9536,15,16,105,95,10,0.9375,6.25,1.0,False
2026-05-17 19:29:13.472723,M1 / Aleja Pokoju,50.0661,20.0149,24,28,140,120,20,0.8571,14.29,1.0,False
2026-05-17 19:29:13.472723,Most Dębnicki,50.053,19.9278,24,28,209,177,32,0.8571,14.29,1.0,False
2026-05-17 19:29:13.472723,Nowohucka / Klimeckiego,50.0503,19.9765,26,29,261,230,31,0.8966,10.34,1.0,False
2026-05-17 19:29:13.472723,Nowy Kleparz,50.0731,19.9352,14,25,78,45,33,0.56,44,0.9,False
2026-05-17 19:29:13.472723,Opolska Estakada,50.0857,19.9536,27,34,62,50,12,0.7941,20.59,1.0,False
2026-05-17 19:29:13.472723,Plac Centralny,50.072,20.0372,20,21,74,69,5,0.9524,4.76,1.0,False
2026-05-17 19:29:13.472723,Plac Inwalidów,50.0671,19.9269,15,16,141,128,13,0.9375,6.25,1.0,False
2026-05-17 19:29:13.472723,Prokocim Szpital,50.0117,20.0005,41,46,67,60,7,0.8913,10.87,1.0,False
2026-05-17 19:29:13.472723,Rondo Barei,50.0911,19.9742,33,38,46,40,6,0.8684,13.16,1.0,False
2026-05-17 19:29:13.472723,Rondo Czyżyńskie,50.0729,20.0167,31,38,12,10,2,0.8158,18.42,1.0,False
2026-05-17 19:29:13.472723,Rondo Grunwaldzkie,50.0492,19.9317,15,17,28,24,4,0.8824,11.76,1.0,False
2026-05-17 19:29:13.472723,Rondo Grzegórzeckie,50.0576,19.9609,25,30,61,50,11,0.8333,16.67,1.0,False
2026-05-17 19:29:13.472723,Rondo Matecznego,50.0364,19.9406,20,25,9,7,2,0.8,20,1.0,False
2026-05-17 19:29:13.472723,Rondo Mogilskie,50.0672,19.9595,27,34,20,16,4,0.7941,20.59,1.0,False
2026-05-17 19:29:13.472723,Rondo Ofiar Katynia,50.0879,19.8976,46,56,345,284,61,0.8214,17.86,1.0,False
2026-05-17 19:29:13.472723,Rondo Polsadu,50.0879,19.9618,35,43,43,35,8,0.814,18.6,1.0,False
2026-05-17 19:29:13.472723,Wielicka / Powstańców Wielkopolskich,50.0335,19.9621,38,49,112,88,24,0.7755,22.45,1.0,False
2026-05-17 19:29:13.472723,Węzeł Balice / A4,50.0878,19.7937,34,40,133,114,19,0.85,15,1.0,False
2026-05-17 19:29:13.472723,Węzeł Tyniec / A4,50.0196,19.8078,39,45,705,605,100,0.8667,13.33,1.0,False
2026-05-17 19:29:13.472723,Węzeł Wielicka / A4,50.0034,20.0065,39,48,163,133,30,0.8125,18.75,1.0,False
2026-05-17 19:29:13.472723,Węzeł Łagiewniki,50.0136,19.9325,25,29,381,327,54,0.8621,13.79,1.0,False
2026-05-17 19:29:13.472723,Zakopiańska / Brożka,50.0227,19.9349,32,40,89,71,18,0.8,20,1.0,False
2026-05-17 19:29:13.472723,Łagiewniki,50.0202,19.9378,53,60,229,203,26,0.8833,11.67,1.0,False
2026-05-17 19:30:15.872360,Aleja 29 Listopada / Dobrego Pasterza,50.0953,19.9746,34,41,112,92,20,0.8293,17.07,1.0,False
2026-05-17 19:30:15.872360,Aleja 29 Listopada / Opolska,50.0861,19.952,44,56,359,284,75,0.7857,21.43,1.0,False
2026-05-17 19:30:15.872360,Aleja Pokoju / Centralna,50.0667,20.0028,40,49,48,39,9,0.8163,18.37,1.0,False
2026-05-17 19:30:15.872360,Aleja Powstania Warszawskiego,50.0647,19.9608,25,31,61,49,12,0.8065,19.35,1.0,False
2026-05-17 19:30:15.872360,Aleja Słowackiego / Łobzowska,50.0692,19.9302,22,27,328,270,58,0.8148,18.52,1.0,False
2026-05-17 19:30:15.872360,Aleje Trzech Wieszczów - AGH,50.0674,19.9209,18,21,97,84,13,0.8571,14.29,1.0,False
2026-05-17 19:30:15.872360,Armii Krajowej / Zarzecze,50.0738,19.8985,23,25,150,137,13,0.92,8,1.0,False
2026-05-17 19:30:15.872360,Bieżanowska / Wielicka,50.0207,19.982,19,24,141,113,28,0.7917,20.83,1.0,False
2026-05-17 19:30:15.872360,Bonarka / Kamieńskiego,50.0298,19.9513,29,34,18,15,3,0.8529,14.71,1.0,False
2026-05-17 19:30:15.872360,Bronowice SKA,50.0814,19.8994,101,112,553,498,55,0.9018,9.82,1.0,False
2026-05-17 19:30:15.872360,Cracovia / Aleja Mickiewicza,50.0595,19.9235,28,34,273,221,52,0.8235,17.65,1.0,False
2026-05-17 19:30:15.872360,Czarnowiejska / Armii Krajowej,50.069,19.9075,33,36,79,73,6,0.9167,8.33,1.0,False
2026-05-17 19:30:15.872360,Dworzec Główny Tunel,50.0686,19.9477,35,39,137,124,13,0.8974,10.26,1.0,False
2026-05-17 19:30:15.872360,Estakada Obrońców Lwowa,50.0396,19.9627,44,49,97,88,9,0.898,10.2,1.0,False
2026-05-17 19:30:15.872360,Galeria Krakowska / Pawia,50.0669,19.9457,40,49,147,121,26,0.8163,18.37,1.0,False
2026-05-17 19:30:15.872360,Grzegórzecka,50.0578,19.9564,26,29,52,47,5,0.8966,10.34,1.0,False
2026-05-17 19:30:15.872360,Kalwaryjska,50.0412,19.9443,22,25,133,115,18,0.88,12,1.0,False
2026-05-17 19:30:15.872360,Lubomirskiego,50.0676,19.9536,14,16,109,95,14,0.875,12.5,1.0,False
2026-05-17 19:30:15.872360,M1 / Aleja Pokoju,50.0661,20.0149,23,28,144,120,24,0.8214,17.86,1.0,False
2026-05-17 19:30:15.872360,Most Dębnicki,50.053,19.9278,23,28,220,177,43,0.8214,17.86,1.0,False
2026-05-17 19:30:15.872360,Nowohucka / Klimeckiego,50.0503,19.9765,25,29,263,230,33,0.8621,13.79,1.0,False
2026-05-17 19:30:15.872360,Nowy Kleparz,50.0731,19.9352,14,25,78,45,33,0.56,44,0.9,False
2026-05-17 19:30:15.872360,Opolska Estakada,50.0857,19.9536,27,34,62,50,12,0.7941,20.59,1.0,False
2026-05-17 19:30:15.872360,Plac Centralny,50.072,20.0372,19,21,76,69,7,0.9048,9.52,1.0,False
2026-05-17 19:30:15.872360,Plac Inwalidów,50.0671,19.9269,14,16,149,128,21,0.875,12.5,1.0,False
2026-05-17 19:30:15.872360,Prokocim Szpital,50.0117,20.0005,40,46,70,60,10,0.8696,13.04,1.0,False
2026-05-17 19:30:15.872360,Rondo Barei,50.0911,19.9742,31,38,48,40,8,0.8158,18.42,1.0,False
2026-05-17 19:30:15.872360,Rondo Czyżyńskie,50.0729,20.0167,31,38,12,10,2,0.8158,18.42,1.0,False
2026-05-17 19:30:15.872360,Rondo Grunwaldzkie,50.0492,19.9317,14,17,28,24,4,0.8235,17.65,1.0,False
2026-05-17 19:30:15.872360,Rondo Grzegórzeckie,50.0576,19.9609,23,30,65,50,15,0.7667,23.33,1.0,False
2026-05-17 19:30:15.872360,Rondo Matecznego,50.0364,19.9406,19,25,9,7,2,0.76,24,1.0,False
2026-05-17 19:30:15.872360,Rondo Mogilskie,50.0672,19.9595,28,34,19,16,3,0.8235,17.65,1.0,False
2026-05-17 19:30:15.872360,Rondo Ofiar Katynia,50.0879,19.8976,45,56,357,284,73,0.8036,19.64,1.0,False
2026-05-17 19:30:15.872360,Rondo Polsadu,50.0879,19.9618,35,43,43,35,8,0.814,18.6,1.0,False
2026-05-17 19:30:15.872360,Wielicka / Powstańców Wielkopolskich,50.0335,19.9621,39,49,111,88,23,0.7959,20.41,1.0,False
2026-05-17 19:30:15.872360,Węzeł Balice / A4,50.0878,19.7937,33,40,139,114,25,0.825,17.5,1.0,False
2026-05-17 19:30:15.872360,Węzeł Tyniec / A4,50.0196,19.8078,37,45,731,605,126,0.8222,17.78,1.0,False
2026-05-17 19:30:15.872360,Węzeł Wielicka / A4,50.0034,20.0065,38,48,168,133,35,0.7917,20.83,1.0,False
2026-05-17 19:30:15.872360,Węzeł Łagiewniki,50.0136,19.9325,25,29,380,327,53,0.8621,13.79,1.0,False
2026-05-17 19:30:15.872360,Zakopiańska / Brożka,50.0227,19.9349,32,40,88,71,17,0.8,20,1.0,False
2026-05-17 19:30:15.872360,Łagiewniki,50.0202,19.9378,53,60,230,203,27,0.8833,11.67,1.0,False
2026-05-17 19:31:18.448874,Aleja 29 Listopada / Dobrego Pasterza,50.0953,19.9746,31,41,120,92,28,0.7561,24.39,1.0,False
2026-05-17 19:31:18.448874,Aleja 29 Listopada / Opolska,50.0861,19.952,43,56,374,284,90,0.7679,23.21,1.0,False
2026-05-17 19:31:18.448874,Aleja Pokoju / Centralna,50.0667,20.0028,40,49,47,39,8,0.8163,18.37,1.0,False
2026-05-17 19:31:18.448874,Aleja Powstania Warszawskiego,50.0647,19.9608,27,31,57,49,8,0.871,12.9,1.0,False
2026-05-17 19:31:18.448874,Aleja Słowackiego / Łobzowska,50.0692,19.9302,22,27,335,270,65,0.8148,18.52,1.0,False
2026-05-17 19:31:18.448874,Aleje Trzech Wieszczów - AGH,50.0674,19.9209,17,21,102,84,18,0.8095,19.05,1.0,False
2026-05-17 19:31:18.448874,Armii Krajowej / Zarzecze,50.0738,19.8985,22,25,154,137,17,0.88,12,1.0,False
2026-05-17 19:31:18.448874,Bieżanowska / Wielicka,50.0207,19.982,19,24,144,113,31,0.7917,20.83,1.0,False
2026-05-17 19:31:18.448874,Bonarka / Kamieńskiego,50.0298,19.9513,29,34,18,15,3,0.8529,14.71,1.0,False
2026-05-17 19:31:18.448874,Bronowice SKA,50.0814,19.8994,99,112,564,498,66,0.8839,11.61,1.0,False
2026-05-17 19:31:18.448874,Cracovia / Aleja Mickiewicza,50.0595,19.9235,28,34,264,221,43,0.8235,17.65,1.0,False
2026-05-17 19:31:18.448874,Czarnowiejska / Armii Krajowej,50.069,19.9075,32,36,82,73,9,0.8889,11.11,1.0,False
2026-05-17 19:31:18.448874,Dworzec Główny Tunel,50.0686,19.9477,35,39,137,124,13,0.8974,10.26,1.0,False
2026-05-17 19:31:18.448874,Estakada Obrońców Lwowa,50.0396,19.9627,44,49,98,88,10,0.898,10.2,1.0,False
2026-05-17 19:31:18.448874,Galeria Krakowska / Pawia,50.0669,19.9457,40,49,148,121,27,0.8163,18.37,1.0,False
2026-05-17 19:31:18.448874,Grzegórzecka,50.0578,19.9564,25,29,55,47,8,0.8621,13.79,1.0,False
2026-05-17 19:31:18.448874,Kalwaryjska,50.0412,19.9443,22,25,134,115,19,0.88,12,1.0,False
2026-05-17 19:31:18.448874,Lubomirskiego,50.0676,19.9536,14,16,106,95,11,0.875,12.5,1.0,False
2026-05-17 19:31:18.448874,M1 / Aleja Pokoju,50.0661,20.0149,23,28,147,120,27,0.8214,17.86,1.0,False
2026-05-17 19:31:18.448874,Most Dębnicki,50.053,19.9278,24,28,209,177,32,0.8571,14.29,1.0,False
2026-05-17 19:31:18.448874,Nowohucka / Klimeckiego,50.0503,19.9765,26,29,256,230,26,0.8966,10.34,1.0,False
2026-05-17 19:31:18.448874,Nowy Kleparz,50.0731,19.9352,15,26,74,43,31,0.5769,42.31,0.9,False
2026-05-17 19:31:18.448874,Opolska Estakada,50.0857,19.9536,26,34,64,50,14,0.7647,23.53,1.0,False
2026-05-17 19:31:18.448874,Plac Centralny,50.072,20.0372,18,21,78,69,9,0.8571,14.29,1.0,False
2026-05-17 19:31:18.448874,Plac Inwalidów,50.0671,19.9269,14,16,143,128,15,0.875,12.5,1.0,False
2026-05-17 19:31:18.448874,Prokocim Szpital,50.0117,20.0005,41,46,68,60,8,0.8913,10.87,1.0,False
2026-05-17 19:31:18.448874,Rondo Barei,50.0911,19.9742,33,38,47,40,7,0.8684,13.16,1.0,False
2026-05-17 19:31:18.448874,Rondo Czyżyńskie,50.0729,20.0167,32,38,12,10,2,0.8421,15.79,1.0,False
2026-05-17 19:31:18.448874,Rondo Grunwaldzkie,50.0492,19.9317,14,17,30,24,6,0.8235,17.65,1.0,False
2026-05-17 19:31:18.448874,Rondo Grzegórzeckie,50.0576,19.9609,18,30,85,50,35,0.6,40,1.0,False
2026-05-17 19:31:18.448874,Rondo Matecznego,50.0364,19.9406,20,25,9,7,2,0.8,20,1.0,False
2026-05-17 19:31:18.448874,Rondo Mogilskie,50.0672,19.9595,27,34,20,16,4,0.7941,20.59,1.0,False
2026-05-17 19:31:18.448874,Rondo Ofiar Katynia,50.0879,19.8976,45,56,352,284,68,0.8036,19.64,1.0,False
2026-05-17 19:31:18.448874,Rondo Polsadu,50.0879,19.9618,37,43,41,35,6,0.8605,13.95,1.0,False
2026-05-17 19:31:18.448874,Wielicka / Powstańców Wielkopolskich,50.0335,19.9621,38,49,114,88,26,0.7755,22.45,1.0,False
2026-05-17 19:31:18.448874,Węzeł Balice / A4,50.0878,19.7937,33,40,138,114,24,0.825,17.5,1.0,False
2026-05-17 19:31:18.448874,Węzeł Tyniec / A4,50.0196,19.8078,37,45,745,605,140,0.8222,17.78,1.0,False
2026-05-17 19:31:18.448874,Węzeł Wielicka / A4,50.0034,20.0065,39,48,165,133,32,0.8125,18.75,1.0,False
2026-05-17 19:31:18.448874,Węzeł Łagiewniki,50.0136,19.9325,24,29,394,327,67,0.8276,17.24,1.0,False
2026-05-17 19:31:18.448874,Zakopiańska / Brożka,50.0227,19.9349,32,40,88,71,17,0.8,20,1.0,False
2026-05-17 19:31:18.448874,Łagiewniki,50.0202,19.9378,53,60,231,203,28,0.8833,11.67,1.0,False
2026-05-17 19:32:20.823030,Aleja 29 Listopada / Dobrego Pasterza,50.0953,19.9746,33,41,115,92,23,0.8049,19.51,1.0,False
2026-05-17 19:32:20.823030,Aleja 29 Listopada / Opolska,50.0861,19.952,43,56,369,284,85,0.7679,23.21,1.0,False
2026-05-17 19:32:20.823030,Aleja Pokoju / Centralna,50.0667,20.0028,42,49,45,39,6,0.8571,14.29,1.0,False
2026-05-17 19:32:20.823030,Aleja Powstania Warszawskiego,50.0647,19.9608,25,31,60,49,11,0.8065,19.35,1.0,False
2026-05-17 19:32:20.823030,Aleja Słowackiego / Łobzowska,50.0692,19.9302,23,27,319,270,49,0.8519,14.81,1.0,False
2026-05-17 19:32:20.823030,Aleje Trzech Wieszczów - AGH,50.0674,19.9209,19,21,95,84,11,0.9048,9.52,1.0,False
2026-05-17 19:32:20.823030,Armii Krajowej / Zarzecze,50.0738,19.8985,22,25,153,137,16,0.88,12,1.0,False
2026-05-17 19:32:20.823030,Bieżanowska / Wielicka,50.0207,19.982,18,24,148,113,35,0.75,25,1.0,False
2026-05-17 19:32:20.823030,Bonarka / Kamieńskiego,50.0298,19.9513,27,34,19,15,4,0.7941,20.59,1.0,False
2026-05-17 19:32:20.823030,Bronowice SKA,50.0814,19.8994,104,112,536,498,38,0.9286,7.14,1.0,False
2026-05-17 19:32:20.823030,Cracovia / Aleja Mickiewicza,50.0595,19.9235,29,34,257,221,36,0.8529,14.71,1.0,False
2026-05-17 19:32:20.823030,Czarnowiejska / Armii Krajowej,50.069,19.9075,33,36,79,73,6,0.9167,8.33,1.0,False
2026-05-17 19:32:20.823030,Dworzec Główny Tunel,50.0686,19.9477,35,39,140,124,16,0.8974,10.26,1.0,False
2026-05-17 19:32:20.823030,Estakada Obrońców Lwowa,50.0396,19.9627,45,49,96,88,8,0.9184,8.16,1.0,False
2026-05-17 19:32:20.823030,Galeria Krakowska / Pawia,50.0669,19.9457,38,49,155,121,34,0.7755,22.45,1.0,False
2026-05-17 19:32:20.823030,Grzegórzecka,50.0578,19.9564,25,29,54,47,7,0.8621,13.79,1.0,False
2026-05-17 19:32:20.823030,Kalwaryjska,50.0412,19.9443,22,25,132,115,17,0.88,12,1.0,False
2026-05-17 19:32:20.823030,Lubomirskiego,50.0676,19.9536,15,16,104,95,9,0.9375,6.25,1.0,False
2026-05-17 19:32:20.823030,M1 / Aleja Pokoju,50.0661,20.0149,23,28,149,120,29,0.8214,17.86,1.0,False
2026-05-17 19:32:20.823030,Most Dębnicki,50.053,19.9278,23,28,216,177,39,0.8214,17.86,1.0,False
2026-05-17 19:32:20.823030,Nowohucka / Klimeckiego,50.0503,19.9765,25,29,266,230,36,0.8621,13.79,1.0,False
2026-05-17 19:32:20.823030,Nowy Kleparz,50.0731,19.9352,15,26,74,43,31,0.5769,42.31,0.9,False
2026-05-17 19:32:20.823030,Opolska Estakada,50.0857,19.9536,27,34,63,50,13,0.7941,20.59,1.0,False
2026-05-17 19:32:20.823030,Plac Centralny,50.072,20.0372,19,21,76,69,7,0.9048,9.52,1.0,False
2026-05-17 19:32:20.823030,Plac Inwalidów,50.0671,19.9269,14,16,143,128,15,0.875,12.5,1.0,False
2026-05-17 19:32:20.823030,Prokocim Szpital,50.0117,20.0005,41,46,68,60,8,0.8913,10.87,1.0,False
2026-05-17 19:32:20.823030,Rondo Barei,50.0911,19.9742,32,38,48,40,8,0.8421,15.79,1.0,False
2026-05-17 19:32:20.823030,Rondo Czyżyńskie,50.0729,20.0167,32,38,12,10,2,0.8421,15.79,1.0,False
2026-05-17 19:32:20.823030,Rondo Grunwaldzkie,50.0492,19.9317,15,17,28,24,4,0.8824,11.76,1.0,False
2026-05-17 19:32:20.823030,Rondo Grzegórzeckie,50.0576,19.9609,24,30,63,50,13,0.8,20,1.0,False
2026-05-17 19:32:20.823030,Rondo Matecznego,50.0364,19.9406,20,25,9,7,2,0.8,20,1.0,False
2026-05-17 19:32:20.823030,Rondo Mogilskie,50.0672,19.9595,26,34,21,16,5,0.7647,23.53,1.0,False
2026-05-17 19:32:20.823030,Rondo Ofiar Katynia,50.0879,19.8976,45,56,356,284,72,0.8036,19.64,1.0,False
2026-05-17 19:32:20.823030,Rondo Polsadu,50.0879,19.9618,37,43,41,35,6,0.8605,13.95,1.0,False
2026-05-17 19:32:20.823030,Wielicka / Powstańców Wielkopolskich,50.0335,19.9621,38,49,115,88,27,0.7755,22.45,1.0,False
2026-05-17 19:32:20.823030,Węzeł Balice / A4,50.0878,19.7937,35,40,132,114,18,0.875,12.5,1.0,False
2026-05-17 19:32:20.823030,Węzeł Tyniec / A4,50.0196,19.8078,37,45,744,605,139,0.8222,17.78,1.0,False
2026-05-17 19:32:20.823030,Węzeł Wielicka / A4,50.0034,20.0065,40,48,161,133,28,0.8333,16.67,1.0,False
2026-05-17 19:32:20.823030,Węzeł Łagiewniki,50.0136,19.9325,24,29,391,327,64,0.8276,17.24,1.0,False
2026-05-17 19:32:20.823030,Zakopiańska / Brożka,50.0227,19.9349,30,40,93,71,22,0.75,25,1.0,False
2026-05-17 19:32:20.823030,Łagiewniki,50.0202,19.9378,55,60,223,203,20,0.9167,8.33,1.0,False
2026-05-17 19:33:23.142992,Aleja 29 Listopada / Dobrego Pasterza,50.0953,19.9746,33,41,115,92,23,0.8049,19.51,1.0,False
2026-05-17 19:33:23.142992,Aleja 29 Listopada / Opolska,50.0861,19.952,44,56,363,284,79,0.7857,21.43,1.0,False
2026-05-17 19:33:23.142992,Aleja Pokoju / Centralna,50.0667,20.0028,41,49,46,39,7,0.8367,16.33,1.0,False
2026-05-17 19:33:23.142992,Aleja Powstania Warszawskiego,50.0647,19.9608,26,31,58,49,9,0.8387,16.13,1.0,False
2026-05-17 19:33:23.142992,Aleja Słowackiego / Łobzowska,50.0692,19.9302,23,27,319,270,49,0.8519,14.81,1.0,False
2026-05-17 19:33:23.142992,Aleje Trzech Wieszczów - AGH,50.0674,19.9209,18,21,99,84,15,0.8571,14.29,1.0,False
2026-05-17 19:33:23.142992,Armii Krajowej / Zarzecze,50.0738,19.8985,17,24,198,142,56,0.7083,29.17,0.57,False
2026-05-17 19:33:23.142992,Bieżanowska / Wielicka,50.0207,19.982,18,24,149,113,36,0.75,25,1.0,False
2026-05-17 19:33:23.142992,Bonarka / Kamieńskiego,50.0298,19.9513,29,34,18,15,3,0.8529,14.71,1.0,False
2026-05-17 19:33:23.142992,Bronowice SKA,50.0814,19.8994,104,112,538,498,40,0.9286,7.14,1.0,False
2026-05-17 19:33:23.142992,Cracovia / Aleja Mickiewicza,50.0595,19.9235,28,34,265,221,44,0.8235,17.65,1.0,False
2026-05-17 19:33:23.142992,Czarnowiejska / Armii Krajowej,50.069,19.9075,33,36,79,73,6,0.9167,8.33,1.0,False
2026-05-17 19:33:23.142992,Dworzec Główny Tunel,50.0686,19.9477,34,39,144,124,20,0.8718,12.82,1.0,False
2026-05-17 19:33:23.142992,Estakada Obrońców Lwowa,50.0396,19.9627,44,49,98,88,10,0.898,10.2,1.0,False
2026-05-17 19:33:23.142992,Galeria Krakowska / Pawia,50.0669,19.9457,39,49,152,121,31,0.7959,20.41,1.0,False
2026-05-17 19:33:23.142992,Grzegórzecka,50.0578,19.9564,25,29,54,47,7,0.8621,13.79,1.0,False
2026-05-17 19:33:23.142992,Kalwaryjska,50.0412,19.9443,22,25,131,115,16,0.88,12,1.0,False
2026-05-17 19:33:23.142992,Lubomirskiego,50.0676,19.9536,14,16,106,95,11,0.875,12.5,1.0,False
2026-05-17 19:33:23.142992,M1 / Aleja Pokoju,50.0661,20.0149,23,28,147,120,27,0.8214,17.86,1.0,False
2026-05-17 19:33:23.142992,Most Dębnicki,50.053,19.9278,24,28,205,177,28,0.8571,14.29,1.0,False
2026-05-17 19:33:23.142992,Nowohucka / Klimeckiego,50.0503,19.9765,26,29,258,230,28,0.8966,10.34,1.0,False
2026-05-17 19:33:23.142992,Nowy Kleparz,50.0731,19.9352,15,26,74,43,31,0.5769,42.31,0.9,False
2026-05-17 19:33:23.142992,Opolska Estakada,50.0857,19.9536,27,34,63,50,13,0.7941,20.59,1.0,False
2026-05-17 19:33:23.142992,Plac Centralny,50.072,20.0372,19,21,75,69,6,0.9048,9.52,1.0,False
2026-05-17 19:33:23.142992,Plac Inwalidów,50.0671,19.9269,15,16,140,128,12,0.9375,6.25,1.0,False
2026-05-17 19:33:23.142992,Prokocim Szpital,50.0117,20.0005,42,46,65,60,5,0.913,8.7,1.0,False
2026-05-17 19:33:23.142992,Rondo Barei,50.0911,19.9742,32,38,47,40,7,0.8421,15.79,1.0,False
2026-05-17 19:33:23.142992,Rondo Czyżyńskie,50.0729,20.0167,31,38,12,10,2,0.8158,18.42,1.0,False
2026-05-17 19:33:23.142992,Rondo Grunwaldzkie,50.0492,19.9317,15,17,28,24,4,0.8824,11.76,1.0,False
2026-05-17 19:33:23.142992,Rondo Grzegórzeckie,50.0576,19.9609,24,30,63,50,13,0.8,20,1.0,False
2026-05-17 19:33:23.142992,Rondo Matecznego,50.0364,19.9406,19,25,9,7,2,0.76,24,1.0,False
2026-05-17 19:33:23.142992,Rondo Mogilskie,50.0672,19.9595,28,34,19,16,3,0.8235,17.65,1.0,False
2026-05-17 19:33:23.142992,Rondo Ofiar Katynia,50.0879,19.8976,44,56,362,284,78,0.7857,21.43,1.0,False
2026-05-17 19:33:23.142992,Rondo Polsadu,50.0879,19.9618,35,43,43,35,8,0.814,18.6,1.0,False
2026-05-17 19:33:23.142992,Wielicka / Powstańców Wielkopolskich,50.0335,19.9621,38,49,113,88,25,0.7755,22.45,1.0,False
2026-05-17 19:33:23.142992,Węzeł Balice / A4,50.0878,19.7937,35,40,132,114,18,0.875,12.5,1.0,False
2026-05-17 19:33:23.142992,Węzeł Tyniec / A4,50.0196,19.8078,36,45,749,605,144,0.8,20,1.0,False
2026-05-17 19:33:23.142992,Węzeł Wielicka / A4,50.0034,20.0065,39,48,165,133,32,0.8125,18.75,1.0,False
2026-05-17 19:33:23.142992,Węzeł Łagiewniki,50.0136,19.9325,23,29,407,327,80,0.7931,20.69,1.0,False
2026-05-17 19:33:23.142992,Zakopiańska / Brożka,50.0227,19.9349,32,40,87,71,16,0.8,20,1.0,False
2026-05-17 19:33:23.142992,Łagiewniki,50.0202,19.9378,52,60,236,203,33,0.8667,13.33,1.0,False
2026-05-17 19:34:25.577149,Aleja 29 Listopada / Dobrego Pasterza,50.0953,19.9746,32,41,118,92,26,0.7805,21.95,1.0,False
2026-05-17 19:34:25.577149,Aleja 29 Listopada / Opolska,50.0861,19.952,43,56,374,284,90,0.7679,23.21,1.0,False
2026-05-17 19:34:25.577149,Aleja Pokoju / Centralna,50.0667,20.0028,39,49,48,39,9,0.7959,20.41,1.0,False
2026-05-17 19:34:25.577149,Aleja Powstania Warszawskiego,50.0647,19.9608,26,31,59,49,10,0.8387,16.13,1.0,False
2026-05-17 19:34:25.577149,Aleja Słowackiego / Łobzowska,50.0692,19.9302,22,27,331,270,61,0.8148,18.52,1.0,False
2026-05-17 19:34:25.577149,Aleje Trzech Wieszczów - AGH,50.0674,19.9209,18,21,98,84,14,0.8571,14.29,1.0,False
2026-05-17 19:34:25.577149,Armii Krajowej / Zarzecze,50.0738,19.8985,17,24,201,142,59,0.7083,29.17,0.57,False
2026-05-17 19:34:25.577149,Bieżanowska / Wielicka,50.0207,19.982,19,24,140,113,27,0.7917,20.83,1.0,False
2026-05-17 19:34:25.577149,Bonarka / Kamieńskiego,50.0298,19.9513,27,34,19,15,4,0.7941,20.59,1.0,False
2026-05-17 19:34:25.577149,Bronowice SKA,50.0814,19.8994,102,112,549,498,51,0.9107,8.93,1.0,False
2026-05-17 19:34:25.577149,Cracovia / Aleja Mickiewicza,50.0595,19.9235,29,34,260,221,39,0.8529,14.71,1.0,False
2026-05-17 19:34:25.577149,Czarnowiejska / Armii Krajowej,50.069,19.9075,33,36,79,73,6,0.9167,8.33,1.0,False
2026-05-17 19:34:25.577149,Dworzec Główny Tunel,50.0686,19.9477,35,39,137,124,13,0.8974,10.26,1.0,False
2026-05-17 19:34:25.577149,Estakada Obrońców Lwowa,50.0396,19.9627,43,49,100,88,12,0.8776,12.24,1.0,False
2026-05-17 19:34:25.577149,Galeria Krakowska / Pawia,50.0669,19.9457,38,49,155,121,34,0.7755,22.45,1.0,False
2026-05-17 19:34:25.577149,Grzegórzecka,50.0578,19.9564,27,29,51,47,4,0.931,6.9,1.0,False
2026-05-17 19:34:25.577149,Kalwaryjska,50.0412,19.9443,22,25,129,115,14,0.88,12,1.0,False
2026-05-17 19:34:25.577149,Lubomirskiego,50.0676,19.9536,14,16,110,95,15,0.875,12.5,1.0,False
2026-05-17 19:34:25.577149,M1 / Aleja Pokoju,50.0661,20.0149,24,28,138,120,18,0.8571,14.29,1.0,False
2026-05-17 19:34:25.577149,Most Dębnicki,50.053,19.9278,23,28,219,177,42,0.8214,17.86,1.0,False
2026-05-17 19:34:25.577149,Nowohucka / Klimeckiego,50.0503,19.9765,26,29,259,230,29,0.8966,10.34,1.0,False
2026-05-17 19:34:25.577149,Nowy Kleparz,50.0731,19.9352,14,25,78,45,33,0.56,44,0.9,False
2026-05-17 19:34:25.577149,Opolska Estakada,50.0857,19.9536,26,34,65,50,15,0.7647,23.53,1.0,False
2026-05-17 19:34:25.577149,Plac Centralny,50.072,20.0372,18,21,80,69,11,0.8571,14.29,1.0,False
2026-05-17 19:34:25.577149,Plac Inwalidów,50.0671,19.9269,15,16,139,128,11,0.9375,6.25,1.0,False
2026-05-17 19:34:25.577149,Prokocim Szpital,50.0117,20.0005,42,46,66,60,6,0.913,8.7,1.0,False
2026-05-17 19:34:25.577149,Rondo Barei,50.0911,19.9742,32,38,47,40,7,0.8421,15.79,1.0,False
2026-05-17 19:34:25.577149,Rondo Czyżyńskie,50.0729,20.0167,33,38,12,10,2,0.8684,13.16,1.0,False
2026-05-17 19:34:25.577149,Rondo Grunwaldzkie,50.0492,19.9317,14,17,28,24,4,0.8235,17.65,1.0,False
2026-05-17 19:34:25.577149,Rondo Grzegórzeckie,50.0576,19.9609,23,30,65,50,15,0.7667,23.33,1.0,False
2026-05-17 19:34:25.577149,Rondo Matecznego,50.0364,19.9406,20,25,9,7,2,0.8,20,1.0,False
2026-05-17 19:34:25.577149,Rondo Mogilskie,50.0672,19.9595,16,33,33,16,17,0.4848,51.52,1.0,False
2026-05-17 19:34:25.577149,Rondo Ofiar Katynia,50.0879,19.8976,43,56,373,284,89,0.7679,23.21,1.0,False
2026-05-17 19:34:25.577149,Rondo Polsadu,50.0879,19.9618,37,43,40,35,5,0.8605,13.95,1.0,False
2026-05-17 19:34:25.577149,Wielicka / Powstańców Wielkopolskich,50.0335,19.9621,39,49,110,88,22,0.7959,20.41,1.0,False
2026-05-17 19:34:25.577149,Węzeł Balice / A4,50.0878,19.7937,33,40,139,114,25,0.825,17.5,1.0,False
2026-05-17 19:34:25.577149,Węzeł Tyniec / A4,50.0196,19.8078,37,45,729,605,124,0.8222,17.78,1.0,False
2026-05-17 19:34:25.577149,Węzeł Wielicka / A4,50.0034,20.0065,37,48,173,133,40,0.7708,22.92,1.0,False
2026-05-17 19:34:25.577149,Węzeł Łagiewniki,50.0136,19.9325,24,29,391,327,64,0.8276,17.24,1.0,False
2026-05-17 19:34:25.577149,Zakopiańska / Brożka,50.0227,19.9349,31,40,91,71,20,0.775,22.5,1.0,False
2026-05-17 19:34:25.577149,Łagiewniki,50.0202,19.9378,52,60,233,203,30,0.8667,13.33,1.0,False
2026-05-17 19:35:28.099745,Aleja 29 Listopada / Dobrego Pasterza,50.0953,19.9746,33,41,115,92,23,0.8049,19.51,1.0,False
2026-05-17 19:35:28.099745,Aleja 29 Listopada / Opolska,50.0861,19.952,43,56,372,284,88,0.7679,23.21,1.0,False
2026-05-17 19:35:28.099745,Aleja Pokoju / Centralna,50.0667,20.0028,40,49,48,39,9,0.8163,18.37,1.0,False
2026-05-17 19:35:28.099745,Aleja Powstania Warszawskiego,50.0647,19.9608,25,31,60,49,11,0.8065,19.35,1.0,False
2026-05-17 19:35:28.099745,Aleja Słowackiego / Łobzowska,50.0692,19.9302,23,27,313,270,43,0.8519,14.81,1.0,False
2026-05-17 19:35:28.099745,Aleje Trzech Wieszczów - AGH,50.0674,19.9209,18,21,98,84,14,0.8571,14.29,1.0,False
2026-05-17 19:35:28.099745,Armii Krajowej / Zarzecze,50.0738,19.8985,16,25,208,137,71,0.64,36,0.62,False
2026-05-17 19:35:28.099745,Bieżanowska / Wielicka,50.0207,19.982,20,24,138,113,25,0.8333,16.67,1.0,False
2026-05-17 19:35:28.099745,Bonarka / Kamieńskiego,50.0298,19.9513,28,34,19,15,4,0.8235,17.65,1.0,False
2026-05-17 19:35:28.099745,Bronowice SKA,50.0814,19.8994,102,112,549,498,51,0.9107,8.93,1.0,False
2026-05-17 19:35:28.099745,Cracovia / Aleja Mickiewicza,50.0595,19.9235,29,34,255,221,34,0.8529,14.71,1.0,False
2026-05-17 19:35:28.099745,Czarnowiejska / Armii Krajowej,50.069,19.9075,33,36,80,73,7,0.9167,8.33,1.0,False
2026-05-17 19:35:28.099745,Dworzec Główny Tunel,50.0686,19.9477,36,39,134,124,10,0.9231,7.69,1.0,False
2026-05-17 19:35:28.099745,Estakada Obrońców Lwowa,50.0396,19.9627,44,49,97,88,9,0.898,10.2,1.0,False
2026-05-17 19:35:28.099745,Galeria Krakowska / Pawia,50.0669,19.9457,37,49,158,121,37,0.7551,24.49,1.0,False
2026-05-17 19:35:28.099745,Grzegórzecka,50.0578,19.9564,25,29,54,47,7,0.8621,13.79,1.0,False
2026-05-17 19:35:28.099745,Kalwaryjska,50.0412,19.9443,23,25,125,115,10,0.92,8,1.0,False
2026-05-17 19:35:28.099745,Lubomirskiego,50.0676,19.9536,14,16,106,95,11,0.875,12.5,1.0,False
2026-05-17 19:35:28.099745,M1 / Aleja Pokoju,50.0661,20.0149,24,28,141,120,21,0.8571,14.29,1.0,False
2026-05-17 19:35:28.099745,Most Dębnicki,50.053,19.9278,24,28,211,177,34,0.8571,14.29,1.0,False
2026-05-17 19:35:28.099745,Nowohucka / Klimeckiego,50.0503,19.9765,26,29,254,230,24,0.8966,10.34,1.0,False
2026-05-17 19:35:28.099745,Nowy Kleparz,50.0731,19.9352,15,26,74,43,31,0.5769,42.31,0.9,False
2026-05-17 19:35:28.099745,Opolska Estakada,50.0857,19.9536,26,34,64,50,14,0.7647,23.53,1.0,False
2026-05-17 19:35:28.099745,Plac Centralny,50.072,20.0372,18,21,80,69,11,0.8571,14.29,1.0,False
2026-05-17 19:35:28.099745,Plac Inwalidów,50.0671,19.9269,15,16,138,128,10,0.9375,6.25,1.0,False
2026-05-17 19:35:28.099745,Prokocim Szpital,50.0117,20.0005,28,45,97,61,36,0.6222,37.78,1.0,False
2026-05-17 19:35:28.099745,Rondo Barei,50.0911,19.9742,32,38,47,40,7,0.8421,15.79,1.0,False
2026-05-17 19:35:28.099745,Rondo Czyżyńskie,50.0729,20.0167,31,38,12,10,2,0.8158,18.42,1.0,False
2026-05-17 19:35:28.099745,Rondo Grunwaldzkie,50.0492,19.9317,14,17,29,24,5,0.8235,17.65,1.0,False
2026-05-17 19:35:28.099745,Rondo Grzegórzeckie,50.0576,19.9609,23,30,64,50,14,0.7667,23.33,1.0,False
2026-05-17 19:35:28.099745,Rondo Matecznego,50.0364,19.9406,20,25,9,7,2,0.8,20,1.0,False
2026-05-17 19:35:28.099745,Rondo Mogilskie,50.0672,19.9595,16,33,33,16,17,0.4848,51.52,1.0,False
2026-05-17 19:35:28.099745,Rondo Ofiar Katynia,50.0879,19.8976,44,56,363,284,79,0.7857,21.43,1.0,False
2026-05-17 19:35:28.099745,Rondo Polsadu,50.0879,19.9618,35,43,43,35,8,0.814,18.6,1.0,False
2026-05-17 19:35:28.099745,Wielicka / Powstańców Wielkopolskich,50.0335,19.9621,40,49,107,88,19,0.8163,18.37,1.0,False
2026-05-17 19:35:28.099745,Węzeł Balice / A4,50.0878,19.7937,34,40,133,114,19,0.85,15,1.0,False
2026-05-17 19:35:28.099745,Węzeł Tyniec / A4,50.0196,19.8078,38,45,712,605,107,0.8444,15.56,1.0,False
2026-05-17 19:35:28.099745,Węzeł Wielicka / A4,50.0034,20.0065,39,48,163,133,30,0.8125,18.75,1.0,False
2026-05-17 19:35:28.099745,Węzeł Łagiewniki,50.0136,19.9325,25,29,379,327,52,0.8621,13.79,1.0,False
2026-05-17 19:35:28.099745,Zakopiańska / Brożka,50.0227,19.9349,31,40,91,71,20,0.775,22.5,1.0,False
2026-05-17 19:35:28.099745,Łagiewniki,50.0202,19.9378,54,60,225,203,22,0.9,10,1.0,False
2026-05-17 20:18:31.100113,Aleja 29 Listopada / Dobrego Pasterza,50.0953,19.9746,36,41,105,92,13,0.878,12.2,1.0,False
2026-05-17 20:18:31.100113,Aleja 29 Listopada / Opolska,50.0861,19.952,48,56,334,284,50,0.8571,14.29,1.0,False
2026-05-17 20:18:31.100113,Aleja Pokoju / Centralna,50.0667,20.0028,43,49,44,39,5,0.8776,12.24,1.0,False
2026-05-17 20:18:31.100113,Aleja Powstania Warszawskiego,50.0647,19.9608,27,31,55,49,6,0.871,12.9,1.0,False
2026-05-17 20:18:31.100113,Aleja Słowackiego / Łobzowska,50.0692,19.9302,25,27,292,270,22,0.9259,7.41,1.0,False
2026-05-17 20:18:31.100113,Aleje Trzech Wieszczów - AGH,50.0674,19.9209,19,21,91,84,7,0.9048,9.52,1.0,False
2026-05-17 20:18:31.100113,Armii Krajowej / Zarzecze,50.0738,19.8985,23,25,148,137,11,0.92,8,1.0,False
2026-05-17 20:18:31.100113,Bieżanowska / Wielicka,50.0207,19.982,20,24,132,113,19,0.8333,16.67,1.0,False
2026-05-17 20:18:31.100113,Bonarka / Kamieńskiego,50.0298,19.9513,30,34,17,15,2,0.8824,11.76,1.0,False
2026-05-17 20:18:31.100113,Bronowice SKA,50.0814,19.8994,102,112,548,498,50,0.9107,8.93,1.0,False
2026-05-17 20:18:31.100113,Cracovia / Aleja Mickiewicza,50.0595,19.9235,29,34,255,221,34,0.8529,14.71,1.0,False
2026-05-17 20:18:31.100113,Czarnowiejska / Armii Krajowej,50.069,19.9075,30,36,87,73,14,0.8333,16.67,1.0,False
2026-05-17 20:18:31.100113,Dworzec Główny Tunel,50.0686,19.9477,38,39,129,124,5,0.9744,2.56,1.0,False
2026-05-17 20:18:31.100113,Estakada Obrońców Lwowa,50.0396,19.9627,46,49,93,88,5,0.9388,6.12,1.0,False
2026-05-17 20:18:31.100113,Galeria Krakowska / Pawia,50.0669,19.9457,37,50,159,118,41,0.74,26,1.0,False
2026-05-17 20:18:31.100113,Grzegórzecka,50.0578,19.9564,27,29,51,47,4,0.931,6.9,1.0,False
2026-05-17 20:18:31.100113,Kalwaryjska,50.0412,19.9443,23,25,127,115,12,0.92,8,1.0,False
2026-05-17 20:18:31.100113,Lubomirskiego,50.0676,19.9536,15,16,103,95,8,0.9375,6.25,1.0,False
2026-05-17 20:18:31.100113,M1 / Aleja Pokoju,50.0661,20.0149,25,28,137,120,17,0.8929,10.71,1.0,False
2026-05-17 20:18:31.100113,Most Dębnicki,50.053,19.9278,25,28,201,177,24,0.8929,10.71,1.0,False
2026-05-17 20:18:31.100113,Most Kotlarski,50.0523,19.9605,53,59,51,46,5,0.8983,10.17,1.0,False
2026-05-17 20:18:31.100113,Nowohucka / Klimeckiego,50.0503,19.9765,27,29,244,230,14,0.931,6.9,1.0,False
2026-05-17 20:18:31.100113,Nowy Kleparz,50.0731,19.9352,16,25,69,45,24,0.64,36,0.92,False
2026-05-17 20:18:31.100113,Opolska Estakada,50.0857,19.9536,30,34,56,50,6,0.8824,11.76,1.0,False
2026-05-17 20:18:31.100113,Plac Centralny,50.072,20.0372,20,21,72,69,3,0.9524,4.76,1.0,False
2026-05-17 20:18:31.100113,Plac Inwalidów,50.0671,19.9269,15,16,133,128,5,0.9375,6.25,1.0,False
2026-05-17 20:18:31.100113,Prokocim Szpital,50.0117,20.0005,43,46,64,60,4,0.9348,6.52,1.0,False
2026-05-17 20:18:31.100113,Rondo Barei,50.0911,19.9742,33,38,45,40,5,0.8684,13.16,1.0,False
2026-05-17 20:18:31.100113,Rondo Czyżyńskie,50.0729,20.0167,34,38,11,10,1,0.8947,10.53,1.0,False
2026-05-17 20:18:31.100113,Rondo Grunwaldzkie,50.0492,19.9317,15,17,27,24,3,0.8824,11.76,1.0,False
2026-05-17 20:18:31.100113,Rondo Grzegórzeckie,50.0576,19.9609,27,30,56,50,6,0.9,10,1.0,False
2026-05-17 20:18:31.100113,Rondo Matecznego,50.0364,19.9406,22,25,8,7,1,0.88,12,1.0,False
2026-05-17 20:18:31.100113,Rondo Mogilskie,50.0672,19.9595,29,34,19,16,3,0.8529,14.71,1.0,False
2026-05-17 20:18:31.100113,Rondo Ofiar Katynia,50.0879,19.8976,50,56,321,284,37,0.8929,10.71,1.0,False
2026-05-17 20:18:31.100113,Rondo Polsadu,50.0879,19.9618,37,43,40,35,5,0.8605,13.95,1.0,False
2026-05-17 20:18:31.100113,Wielicka / Powstańców Wielkopolskich,50.0335,19.9621,41,49,104,88,16,0.8367,16.33,1.0,False
2026-05-17 20:18:31.100113,Węzeł Balice / A4,50.0878,19.7937,35,40,129,114,15,0.875,12.5,1.0,False
2026-05-17 20:18:31.100113,Węzeł Tyniec / A4,50.0196,19.8078,41,45,660,605,55,0.9111,8.89,1.0,False
2026-05-17 20:18:31.100113,Węzeł Wielicka / A4,50.0034,20.0065,43,48,150,133,17,0.8958,10.42,1.0,False
2026-05-17 20:18:31.100113,Węzeł Łagiewniki,50.0136,19.9325,25,29,376,327,49,0.8621,13.79,1.0,False
2026-05-17 20:18:31.100113,Zakopiańska / Brożka,50.0227,19.9349,35,40,81,71,10,0.875,12.5,1.0,False
2026-05-17 20:18:31.100113,Łagiewniki,50.0202,19.9378,57,60,214,203,11,0.95,5,1.0,False
2026-05-17 20:24:01.521162,Aleja 29 Listopada / Dobrego Pasterza,50.0953,19.9746,37,41,103,92,11,0.9024,9.76,1.0,False
2026-05-17 20:24:01.521162,Aleja 29 Listopada / Opolska,50.0861,19.952,47,56,340,284,56,0.8393,16.07,1.0,False
2026-05-17 20:24:01.521162,Aleja Pokoju / Centralna,50.0667,20.0028,44,49,44,39,5,0.898,10.2,1.0,False
2026-05-17 20:24:01.521162,Aleja Powstania Warszawskiego,50.0647,19.9608,27,31,56,49,7,0.871,12.9,1.0,False
2026-05-17 20:24:01.521162,Aleja Słowackiego / Łobzowska,50.0692,19.9302,24,27,307,270,37,0.8889,11.11,1.0,False
2026-05-17 20:24:01.521162,Aleje Trzech Wieszczów - AGH,50.0674,19.9209,19,21,92,84,8,0.9048,9.52,1.0,False
2026-05-17 20:24:01.521162,Armii Krajowej / Zarzecze,50.0738,19.8985,23,25,149,137,12,0.92,8,1.0,False
2026-05-17 20:24:01.521162,Bieżanowska / Wielicka,50.0207,19.982,21,24,127,113,14,0.875,12.5,1.0,False
2026-05-17 20:24:01.521162,Bonarka / Kamieńskiego,50.0298,19.9513,30,34,17,15,2,0.8824,11.76,1.0,False
2026-05-17 20:24:01.521162,Bronowice SKA,50.0814,19.8994,106,112,525,498,27,0.9464,5.36,1.0,False
2026-05-17 20:24:01.521162,Cracovia / Aleja Mickiewicza,50.0595,19.9235,30,34,246,221,25,0.8824,11.76,1.0,False
2026-05-17 20:24:01.521162,Czarnowiejska / Armii Krajowej,50.069,19.9075,34,36,78,73,5,0.9444,5.56,1.0,False
2026-05-17 20:24:01.521162,Dworzec Główny Tunel,50.0686,19.9477,36,39,136,124,12,0.9231,7.69,1.0,False
2026-05-17 20:24:01.521162,Estakada Obrońców Lwowa,50.0396,19.9627,33,49,132,88,44,0.6735,32.65,1.0,False
2026-05-17 20:24:01.521162,Galeria Krakowska / Pawia,50.0669,19.9457,43,49,137,121,16,0.8776,12.24,1.0,False
2026-05-17 20:24:01.521162,Grzegórzecka,50.0578,19.9564,28,29,49,47,2,0.9655,3.45,1.0,False
2026-05-17 20:24:01.521162,Kalwaryjska,50.0412,19.9443,23,25,126,115,11,0.92,8,1.0,False
2026-05-17 20:24:01.521162,Lubomirskiego,50.0676,19.9536,15,16,104,95,9,0.9375,6.25,1.0,False
2026-05-17 20:24:01.521162,M1 / Aleja Pokoju,50.0661,20.0149,25,28,135,120,15,0.8929,10.71,1.0,False
2026-05-17 20:24:01.521162,Most Dębnicki,50.053,19.9278,26,28,193,177,16,0.9286,7.14,1.0,False
2026-05-17 20:24:01.521162,Nowohucka / Klimeckiego,50.0503,19.9765,27,29,248,230,18,0.931,6.9,1.0,False
2026-05-17 20:24:01.521162,Nowy Kleparz,50.0731,19.9352,16,25,69,45,24,0.64,36,0.9,False
2026-05-17 20:24:01.521162,Opolska Estakada,50.0857,19.9536,30,34,58,50,8,0.8824,11.76,1.0,False
2026-05-17 20:24:01.521162,Plac Centralny,50.072,20.0372,20,21,73,69,4,0.9524,4.76,1.0,False
2026-05-17 20:24:01.521162,Plac Inwalidów,50.0671,19.9269,15,16,140,128,12,0.9375,6.25,1.0,False
2026-05-17 20:24:01.521162,Prokocim Szpital,50.0117,20.0005,33,44,84,63,21,0.75,25,1.0,False
2026-05-17 20:24:01.521162,Rondo Barei,50.0911,19.9742,34,38,45,40,5,0.8947,10.53,1.0,False
2026-05-17 20:24:01.521162,Rondo Czyżyńskie,50.0729,20.0167,33,38,11,10,1,0.8684,13.16,1.0,False
2026-05-17 20:24:01.521162,Rondo Grunwaldzkie,50.0492,19.9317,15,17,27,24,3,0.8824,11.76,1.0,False
2026-05-17 20:24:01.521162,Rondo Grzegórzeckie,50.0576,19.9609,26,30,57,50,7,0.8667,13.33,1.0,False
2026-05-17 20:24:01.521162,Rondo Matecznego,50.0364,19.9406,21,25,8,7,1,0.84,16,1.0,False
2026-05-17 20:24:01.521162,Rondo Mogilskie,50.0672,19.9595,29,34,19,16,3,0.8529,14.71,1.0,False
2026-05-17 20:24:01.521162,Rondo Ofiar Katynia,50.0879,19.8976,47,56,337,284,53,0.8393,16.07,1.0,False
2026-05-17 20:24:01.521162,Rondo Polsadu,50.0879,19.9618,39,43,38,35,3,0.907,9.3,1.0,False
2026-05-17 20:24:01.521162,Wielicka / Powstańców Wielkopolskich,50.0335,19.9621,27,49,159,88,71,0.551,44.9,1.0,False
2026-05-17 20:24:01.521162,Węzeł Balice / A4,50.0878,19.7937,36,40,128,114,14,0.9,10,1.0,False
2026-05-17 20:24:01.521162,Węzeł Tyniec / A4,50.0196,19.8078,40,45,689,605,84,0.8889,11.11,1.0,False
2026-05-17 20:24:01.521162,Węzeł Wielicka / A4,50.0034,20.0065,40,48,158,133,25,0.8333,16.67,1.0,False
2026-05-17 20:24:01.521162,Węzeł Łagiewniki,50.0136,19.9325,27,29,354,327,27,0.931,6.9,1.0,False
2026-05-17 20:24:01.521162,Zakopiańska / Brożka,50.0227,19.9349,34,40,84,71,13,0.85,15,1.0,False
2026-05-17 20:24:01.521162,Łagiewniki,50.0202,19.9378,55,60,222,203,19,0.9167,8.33,1.0,False
2026-05-17 20:25:04.021392,Aleja 29 Listopada / Dobrego Pasterza,50.0953,19.9746,36,41,105,92,13,0.878,12.2,1.0,False
2026-05-17 20:25:04.021392,Aleja 29 Listopada / Opolska,50.0861,19.952,50,56,321,284,37,0.8929,10.71,1.0,False
2026-05-17 20:25:04.021392,Aleja Pokoju / Centralna,50.0667,20.0028,45,49,42,39,3,0.9184,8.16,1.0,False
2026-05-17 20:25:04.021392,Aleja Powstania Warszawskiego,50.0647,19.9608,27,31,56,49,7,0.871,12.9,1.0,False
2026-05-17 20:25:04.021392,Aleja Słowackiego / Łobzowska,50.0692,19.9302,24,27,308,270,38,0.8889,11.11,1.0,False
2026-05-17 20:25:04.021392,Aleje Trzech Wieszczów - AGH,50.0674,19.9209,19,21,91,84,7,0.9048,9.52,1.0,False
2026-05-17 20:25:04.021392,Armii Krajowej / Zarzecze,50.0738,19.8985,23,25,147,137,10,0.92,8,1.0,False
2026-05-17 20:25:04.021392,Bieżanowska / Wielicka,50.0207,19.982,20,24,133,113,20,0.8333,16.67,1.0,False
2026-05-17 20:25:04.021392,Bonarka / Kamieńskiego,50.0298,19.9513,31,34,16,15,1,0.9118,8.82,1.0,False
2026-05-17 20:25:04.021392,Bronowice SKA,50.0814,19.8994,105,112,531,498,33,0.9375,6.25,1.0,False
2026-05-17 20:25:04.021392,Cracovia / Aleja Mickiewicza,50.0595,19.9235,31,34,241,221,20,0.9118,8.82,1.0,False
2026-05-17 20:25:04.021392,Czarnowiejska / Armii Krajowej,50.069,19.9075,33,36,79,73,6,0.9167,8.33,1.0,False
2026-05-17 20:25:04.021392,Dworzec Główny Tunel,50.0686,19.9477,35,39,137,124,13,0.8974,10.26,1.0,False
2026-05-17 20:25:04.021392,Estakada Obrońców Lwowa,50.0396,19.9627,36,48,119,90,29,0.75,25,1.0,False
2026-05-17 20:25:04.021392,Galeria Krakowska / Pawia,50.0669,19.9457,43,49,138,121,17,0.8776,12.24,1.0,False
2026-05-17 20:25:04.021392,Grzegórzecka,50.0578,19.9564,27,29,50,47,3,0.931,6.9,1.0,False
2026-05-17 20:25:04.021392,Kalwaryjska,50.0412,19.9443,23,25,123,115,8,0.92,8,1.0,False
2026-05-17 20:25:04.021392,Lubomirskiego,50.0676,19.9536,15,16,103,95,8,0.9375,6.25,1.0,False
2026-05-17 20:25:04.021392,M1 / Aleja Pokoju,50.0661,20.0149,24,28,138,120,18,0.8571,14.29,1.0,False
2026-05-17 20:25:04.021392,Most Dębnicki,50.053,19.9278,26,28,194,177,17,0.9286,7.14,1.0,False
2026-05-17 20:25:04.021392,Nowohucka / Klimeckiego,50.0503,19.9765,27,29,243,230,13,0.931,6.9,1.0,False
2026-05-17 20:25:04.021392,Nowy Kleparz,50.0731,19.9352,17,26,66,43,23,0.6538,34.62,0.9,False
2026-05-17 20:25:04.021392,Opolska Estakada,50.0857,19.9536,30,34,56,50,6,0.8824,11.76,1.0,False
2026-05-17 20:25:04.021392,Plac Centralny,50.072,20.0372,19,21,74,69,5,0.9048,9.52,1.0,False
2026-05-17 20:25:04.021392,Plac Inwalidów,50.0671,19.9269,15,16,137,128,9,0.9375,6.25,1.0,False
2026-05-17 20:25:04.021392,Prokocim Szpital,50.0117,20.0005,33,45,83,61,22,0.7333,26.67,1.0,False
2026-05-17 20:25:04.021392,Rondo Barei,50.0911,19.9742,33,38,46,40,6,0.8684,13.16,1.0,False
2026-05-17 20:25:04.021392,Rondo Czyżyńskie,50.0729,20.0167,33,38,11,10,1,0.8684,13.16,1.0,False
2026-05-17 20:25:04.021392,Rondo Grunwaldzkie,50.0492,19.9317,16,17,26,24,2,0.9412,5.88,1.0,False
2026-05-17 20:25:04.021392,Rondo Grzegórzeckie,50.0576,19.9609,26,30,57,50,7,0.8667,13.33,1.0,False
2026-05-17 20:25:04.021392,Rondo Matecznego,50.0364,19.9406,22,25,8,7,1,0.88,12,1.0,False
2026-05-17 20:25:04.021392,Rondo Mogilskie,50.0672,19.9595,30,34,18,16,2,0.8824,11.76,1.0,False
2026-05-17 20:25:04.021392,Rondo Ofiar Katynia,50.0879,19.8976,48,56,334,284,50,0.8571,14.29,1.0,False
2026-05-17 20:25:04.021392,Rondo Polsadu,50.0879,19.9618,39,43,39,35,4,0.907,9.3,1.0,False
2026-05-17 20:25:04.021392,Wielicka / Powstańców Wielkopolskich,50.0335,19.9621,31,48,140,90,50,0.6458,35.42,1.0,False
2026-05-17 20:25:04.021392,Węzeł Balice / A4,50.0878,19.7937,36,40,126,114,12,0.9,10,1.0,False
2026-05-17 20:25:04.021392,Węzeł Tyniec / A4,50.0196,19.8078,40,45,679,605,74,0.8889,11.11,1.0,False
2026-05-17 20:25:04.021392,Węzeł Wielicka / A4,50.0034,20.0065,42,48,153,133,20,0.875,12.5,1.0,False
2026-05-17 20:25:04.021392,Węzeł Łagiewniki,50.0136,19.9325,26,29,364,327,37,0.8966,10.34,1.0,False
2026-05-17 20:25:04.021392,Zakopiańska / Brożka,50.0227,19.9349,34,40,84,71,13,0.85,15,1.0,False
2026-05-17 20:25:04.021392,Łagiewniki,50.0202,19.9378,55,60,223,203,20,0.9167,8.33,1.0,False
2026-05-17 20:26:06.516634,Aleja 29 Listopada / Dobrego Pasterza,50.0953,19.9746,36,41,105,92,13,0.878,12.2,1.0,False
2026-05-17 20:26:06.516634,Aleja 29 Listopada / Opolska,50.0861,19.952,49,56,323,284,39,0.875,12.5,1.0,False
2026-05-17 20:26:06.516634,Aleja Pokoju / Centralna,50.0667,20.0028,43,49,45,39,6,0.8776,12.24,1.0,False
2026-05-17 20:26:06.516634,Aleja Powstania Warszawskiego,50.0647,19.9608,27,31,56,49,7,0.871,12.9,1.0,False
2026-05-17 20:26:06.516634,Aleja Słowackiego / Łobzowska,50.0692,19.9302,24,27,302,270,32,0.8889,11.11,1.0,False
2026-05-17 20:26:06.516634,Aleje Trzech Wieszczów - AGH,50.0674,19.9209,19,21,94,84,10,0.9048,9.52,1.0,False
2026-05-17 20:26:06.516634,Armii Krajowej / Zarzecze,50.0738,19.8985,23,25,148,137,11,0.92,8,1.0,False
2026-05-17 20:26:06.516634,Bieżanowska / Wielicka,50.0207,19.982,20,24,133,113,20,0.8333,16.67,1.0,False
2026-05-17 20:26:06.516634,Bonarka / Kamieńskiego,50.0298,19.9513,31,34,16,15,1,0.9118,8.82,1.0,False
2026-05-17 20:26:06.516634,Bronowice SKA,50.0814,19.8994,106,112,527,498,29,0.9464,5.36,1.0,False
2026-05-17 20:26:06.516634,Cracovia / Aleja Mickiewicza,50.0595,19.9235,30,34,251,221,30,0.8824,11.76,1.0,False
2026-05-17 20:26:06.516634,Czarnowiejska / Armii Krajowej,50.069,19.9075,34,36,78,73,5,0.9444,5.56,1.0,False
2026-05-17 20:26:06.516634,Dworzec Główny Tunel,50.0686,19.9477,37,39,132,124,8,0.9487,5.13,1.0,False
2026-05-17 20:26:06.516634,Estakada Obrońców Lwowa,50.0396,19.9627,45,49,96,88,8,0.9184,8.16,1.0,False
2026-05-17 20:26:06.516634,Galeria Krakowska / Pawia,50.0669,19.9457,43,49,139,121,18,0.8776,12.24,1.0,False
2026-05-17 20:26:06.516634,Grzegórzecka,50.0578,19.9564,27,29,50,47,3,0.931,6.9,1.0,False
2026-05-17 20:26:06.516634,Kalwaryjska,50.0412,19.9443,23,25,123,115,8,0.92,8,1.0,False
2026-05-17 20:26:06.516634,Lubomirskiego,50.0676,19.9536,15,16,102,95,7,0.9375,6.25,1.0,False
2026-05-17 20:26:06.516634,M1 / Aleja Pokoju,50.0661,20.0149,25,28,132,120,12,0.8929,10.71,1.0,False
2026-05-17 20:26:06.516634,Most Dębnicki,50.053,19.9278,25,28,199,177,22,0.8929,10.71,1.0,False
2026-05-17 20:26:06.516634,Nowohucka / Klimeckiego,50.0503,19.9765,26,29,252,230,22,0.8966,10.34,1.0,False
2026-05-17 20:26:06.516634,Nowy Kleparz,50.0731,19.9352,16,25,69,45,24,0.64,36,0.9,False
2026-05-17 20:26:06.516634,Opolska Estakada,50.0857,19.9536,29,34,58,50,8,0.8529,14.71,1.0,False
2026-05-17 20:26:06.516634,Plac Centralny,50.072,20.0372,20,21,74,69,5,0.9524,4.76,1.0,False
2026-05-17 20:26:06.516634,Plac Inwalidów,50.0671,19.9269,15,16,133,128,5,0.9375,6.25,1.0,False
2026-05-17 20:26:06.516634,Prokocim Szpital,50.0117,20.0005,31,44,89,63,26,0.7045,29.55,1.0,False
2026-05-17 20:26:06.516634,Rondo Barei,50.0911,19.9742,35,38,44,40,4,0.9211,7.89,1.0,False
2026-05-17 20:26:06.516634,Rondo Czyżyńskie,50.0729,20.0167,35,38,11,10,1,0.9211,7.89,1.0,False
2026-05-17 20:26:06.516634,Rondo Grunwaldzkie,50.0492,19.9317,16,17,26,24,2,0.9412,5.88,1.0,False
2026-05-17 20:26:06.516634,Rondo Grzegórzeckie,50.0576,19.9609,26,30,59,50,9,0.8667,13.33,1.0,False
2026-05-17 20:26:06.516634,Rondo Matecznego,50.0364,19.9406,22,25,8,7,1,0.88,12,1.0,False
2026-05-17 20:26:06.516634,Rondo Mogilskie,50.0672,19.9595,29,34,19,16,3,0.8529,14.71,1.0,False
2026-05-17 20:26:06.516634,Rondo Ofiar Katynia,50.0879,19.8976,50,56,320,284,36,0.8929,10.71,1.0,False
2026-05-17 20:26:06.516634,Rondo Polsadu,50.0879,19.9618,40,43,38,35,3,0.9302,6.98,1.0,False
2026-05-17 20:26:06.516634,Wielicka / Powstańców Wielkopolskich,50.0335,19.9621,43,49,101,88,13,0.8776,12.24,1.0,False
2026-05-17 20:26:06.516634,Węzeł Balice / A4,50.0878,19.7937,35,40,129,114,15,0.875,12.5,1.0,False
2026-05-17 20:26:06.516634,Węzeł Tyniec / A4,50.0196,19.8078,40,45,687,605,82,0.8889,11.11,1.0,False
2026-05-17 20:26:06.516634,Węzeł Wielicka / A4,50.0034,20.0065,41,48,157,133,24,0.8542,14.58,1.0,False
2026-05-17 20:26:06.516634,Węzeł Łagiewniki,50.0136,19.9325,25,29,373,327,46,0.8621,13.79,1.0,False
2026-05-17 20:26:06.516634,Zakopiańska / Brożka,50.0227,19.9349,35,40,82,71,11,0.875,12.5,1.0,False
2026-05-17 20:26:06.516634,Łagiewniki,50.0202,19.9378,55,60,221,203,18,0.9167,8.33,1.0,False
2026-05-17 20:27:08.775844,Aleja 29 Listopada / Dobrego Pasterza,50.0953,19.9746,36,41,105,92,13,0.878,12.2,1.0,False
2026-05-17 20:27:08.775844,Aleja 29 Listopada / Opolska,50.0861,19.952,49,56,322,284,38,0.875,12.5,1.0,False
2026-05-17 20:27:08.775844,Aleja Pokoju / Centralna,50.0667,20.0028,44,49,43,39,4,0.898,10.2,1.0,False
2026-05-17 20:27:08.775844,Aleja Powstania Warszawskiego,50.0647,19.9608,28,31,54,49,5,0.9032,9.68,1.0,False
2026-05-17 20:27:08.775844,Aleja Słowackiego / Łobzowska,50.0692,19.9302,24,27,305,270,35,0.8889,11.11,1.0,False
2026-05-17 20:27:08.775844,Aleje Trzech Wieszczów - AGH,50.0674,19.9209,19,21,91,84,7,0.9048,9.52,1.0,False
2026-05-17 20:27:08.775844,Armii Krajowej / Zarzecze,50.0738,19.8985,24,25,145,137,8,0.96,4,1.0,False
2026-05-17 20:27:08.775844,Bieżanowska / Wielicka,50.0207,19.982,20,24,133,113,20,0.8333,16.67,1.0,False
2026-05-17 20:27:08.775844,Bonarka / Kamieńskiego,50.0298,19.9513,30,34,17,15,2,0.8824,11.76,1.0,False
2026-05-17 20:27:08.775844,Bronowice SKA,50.0814,19.8994,104,112,539,498,41,0.9286,7.14,1.0,False
2026-05-17 20:27:08.775844,Cracovia / Aleja Mickiewicza,50.0595,19.9235,29,34,256,221,35,0.8529,14.71,1.0,False
2026-05-17 20:27:08.775844,Czarnowiejska / Armii Krajowej,50.069,19.9075,34,36,76,73,3,0.9444,5.56,1.0,False
2026-05-17 20:27:08.775844,Dworzec Główny Tunel,50.0686,19.9477,36,39,135,124,11,0.9231,7.69,1.0,False
2026-05-17 20:27:08.775844,Estakada Obrońców Lwowa,50.0396,19.9627,45,49,96,88,8,0.9184,8.16,1.0,False
2026-05-17 20:27:08.775844,Galeria Krakowska / Pawia,50.0669,19.9457,41,49,144,121,23,0.8367,16.33,1.0,False
2026-05-17 20:27:08.775844,Grzegórzecka,50.0578,19.9564,27,29,50,47,3,0.931,6.9,1.0,False
2026-05-17 20:27:08.775844,Kalwaryjska,50.0412,19.9443,24,25,121,115,6,0.96,4,1.0,False
2026-05-17 20:27:08.775844,Lubomirskiego,50.0676,19.9536,15,16,103,95,8,0.9375,6.25,1.0,False
2026-05-17 20:27:08.775844,M1 / Aleja Pokoju,50.0661,20.0149,25,28,132,120,12,0.8929,10.71,1.0,False
2026-05-17 20:27:08.775844,Most Dębnicki,50.053,19.9278,26,28,193,177,16,0.9286,7.14,1.0,False
2026-05-17 20:27:08.775844,Nowohucka / Klimeckiego,50.0503,19.9765,27,29,251,230,21,0.931,6.9,1.0,False
2026-05-17 20:27:08.775844,Nowy Kleparz,50.0731,19.9352,17,26,66,43,23,0.6538,34.62,0.89,False
2026-05-17 20:27:08.775844,Opolska Estakada,50.0857,19.9536,29,34,59,50,9,0.8529,14.71,1.0,False
2026-05-17 20:27:08.775844,Plac Centralny,50.072,20.0372,20,21,73,69,4,0.9524,4.76,1.0,False
2026-05-17 20:27:08.775844,Plac Inwalidów,50.0671,19.9269,15,16,134,128,6,0.9375,6.25,1.0,False
2026-05-17 20:27:08.775844,Prokocim Szpital,50.0117,20.0005,31,45,88,61,27,0.6889,31.11,1.0,False
2026-05-17 20:27:08.775844,Rondo Barei,50.0911,19.9742,34,38,45,40,5,0.8947,10.53,1.0,False
2026-05-17 20:27:08.775844,Rondo Czyżyńskie,50.0729,20.0167,34,38,11,10,1,0.8947,10.53,1.0,False
2026-05-17 20:27:08.775844,Rondo Grunwaldzkie,50.0492,19.9317,16,17,26,24,2,0.9412,5.88,1.0,False
2026-05-17 20:27:08.775844,Rondo Grzegórzeckie,50.0576,19.9609,25,30,60,50,10,0.8333,16.67,1.0,False
2026-05-17 20:27:08.775844,Rondo Matecznego,50.0364,19.9406,21,25,8,7,1,0.84,16,1.0,False
2026-05-17 20:27:08.775844,Rondo Mogilskie,50.0672,19.9595,30,34,18,16,2,0.8824,11.76,1.0,False
2026-05-17 20:27:08.775844,Rondo Ofiar Katynia,50.0879,19.8976,47,56,339,284,55,0.8393,16.07,1.0,False
2026-05-17 20:27:08.775844,Rondo Polsadu,50.0879,19.9618,39,43,39,35,4,0.907,9.3,1.0,False
2026-05-17 20:27:08.775844,Wielicka / Powstańców Wielkopolskich,50.0335,19.9621,43,49,101,88,13,0.8776,12.24,1.0,False
2026-05-17 20:27:08.775844,Węzeł Balice / A4,50.0878,19.7937,36,40,126,114,12,0.9,10,1.0,False
2026-05-17 20:27:08.775844,Węzeł Tyniec / A4,50.0196,19.8078,39,45,698,605,93,0.8667,13.33,1.0,False
2026-05-17 20:27:08.775844,Węzeł Wielicka / A4,50.0034,20.0065,40,48,158,133,25,0.8333,16.67,1.0,False
2026-05-17 20:27:08.775844,Węzeł Łagiewniki,50.0136,19.9325,27,29,355,327,28,0.931,6.9,1.0,False
2026-05-17 20:27:08.775844,Zakopiańska / Brożka,50.0227,19.9349,34,40,84,71,13,0.85,15,1.0,False
2026-05-17 20:27:08.775844,Łagiewniki,50.0202,19.9378,56,60,217,203,14,0.9333,6.67,1.0,False
2026-05-17 20:28:11.094632,Aleja 29 Listopada / Dobrego Pasterza,50.0953,19.9746,36,41,104,92,12,0.878,12.2,1.0,False
2026-05-17 20:28:11.094632,Aleja 29 Listopada / Opolska,50.0861,19.952,47,56,336,284,52,0.8393,16.07,1.0,False
2026-05-17 20:28:11.094632,Aleja Pokoju / Centralna,50.0667,20.0028,43,49,44,39,5,0.8776,12.24,1.0,False
2026-05-17 20:28:11.094632,Aleja Powstania Warszawskiego,50.0647,19.9608,28,31,55,49,6,0.9032,9.68,1.0,False
2026-05-17 20:28:11.094632,Aleja Słowackiego / Łobzowska,50.0692,19.9302,25,27,298,270,28,0.9259,7.41,1.0,False
2026-05-17 20:28:11.094632,Aleje Trzech Wieszczów - AGH,50.0674,19.9209,19,21,91,84,7,0.9048,9.52,1.0,False
2026-05-17 20:28:11.094632,Armii Krajowej / Zarzecze,50.0738,19.8985,23,25,147,137,10,0.92,8,1.0,False
2026-05-17 20:28:11.094632,Bieżanowska / Wielicka,50.0207,19.982,21,24,131,113,18,0.875,12.5,1.0,False
2026-05-17 20:28:11.094632,Bonarka / Kamieńskiego,50.0298,19.9513,31,34,16,15,1,0.9118,8.82,1.0,False
2026-05-17 20:28:11.094632,Bronowice SKA,50.0814,19.8994,105,112,533,498,35,0.9375,6.25,1.0,False
2026-05-17 20:28:11.094632,Cracovia / Aleja Mickiewicza,50.0595,19.9235,31,34,246,221,25,0.9118,8.82,1.0,False
2026-05-17 20:28:11.094632,Czarnowiejska / Armii Krajowej,50.069,19.9075,34,36,78,73,5,0.9444,5.56,1.0,False
2026-05-17 20:28:11.094632,Dworzec Główny Tunel,50.0686,19.9477,36,39,133,124,9,0.9231,7.69,1.0,False
2026-05-17 20:28:11.094632,Estakada Obrońców Lwowa,50.0396,19.9627,46,49,94,88,6,0.9388,6.12,1.0,False
2026-05-17 20:28:11.094632,Galeria Krakowska / Pawia,50.0669,19.9457,44,49,136,121,15,0.898,10.2,1.0,False
2026-05-17 20:28:11.094632,Grzegórzecka,50.0578,19.9564,28,29,49,47,2,0.9655,3.45,1.0,False
2026-05-17 20:28:11.094632,Kalwaryjska,50.0412,19.9443,24,25,121,115,6,0.96,4,1.0,False
2026-05-17 20:28:11.094632,Lubomirskiego,50.0676,19.9536,15,16,101,95,6,0.9375,6.25,1.0,False
2026-05-17 20:28:11.094632,M1 / Aleja Pokoju,50.0661,20.0149,26,28,131,120,11,0.9286,7.14,1.0,False
2026-05-17 20:28:11.094632,Most Dębnicki,50.053,19.9278,25,28,198,177,21,0.8929,10.71,1.0,False
2026-05-17 20:28:11.094632,Nowohucka / Klimeckiego,50.0503,19.9765,27,29,250,230,20,0.931,6.9,1.0,False
2026-05-17 20:28:11.094632,Nowy Kleparz,50.0731,19.9352,17,26,66,43,23,0.6538,34.62,0.9,False
2026-05-17 20:28:11.094632,Opolska Estakada,50.0857,19.9536,29,34,58,50,8,0.8529,14.71,1.0,False
2026-05-17 20:28:11.094632,Plac Centralny,50.072,20.0372,19,21,74,69,5,0.9048,9.52,1.0,False
2026-05-17 20:28:11.094632,Plac Inwalidów,50.0671,19.9269,15,16,133,128,5,0.9375,6.25,1.0,False
2026-05-17 20:28:11.094632,Prokocim Szpital,50.0117,20.0005,31,45,89,61,28,0.6889,31.11,1.0,False
2026-05-17 20:28:11.094632,Rondo Barei,50.0911,19.9742,34,38,44,40,4,0.8947,10.53,1.0,False
2026-05-17 20:28:11.094632,Rondo Czyżyńskie,50.0729,20.0167,35,38,11,10,1,0.9211,7.89,1.0,False
2026-05-17 20:28:11.094632,Rondo Grunwaldzkie,50.0492,19.9317,15,17,28,24,4,0.8824,11.76,1.0,False
2026-05-17 20:28:11.094632,Rondo Grzegórzeckie,50.0576,19.9609,27,30,56,50,6,0.9,10,1.0,False
2026-05-17 20:28:11.094632,Rondo Matecznego,50.0364,19.9406,22,25,8,7,1,0.88,12,1.0,False
2026-05-17 20:28:11.094632,Rondo Mogilskie,50.0672,19.9595,30,34,18,16,2,0.8824,11.76,1.0,False
2026-05-17 20:28:11.094632,Rondo Ofiar Katynia,50.0879,19.8976,49,56,325,284,41,0.875,12.5,1.0,False
2026-05-17 20:28:11.094632,Rondo Polsadu,50.0879,19.9618,39,43,38,35,3,0.907,9.3,1.0,False
2026-05-17 20:28:11.094632,Wielicka / Powstańców Wielkopolskich,50.0335,19.9621,42,49,102,88,14,0.8571,14.29,1.0,False
2026-05-17 20:28:11.094632,Węzeł Balice / A4,50.0878,19.7937,36,40,126,114,12,0.9,10,1.0,False
2026-05-17 20:28:11.094632,Węzeł Tyniec / A4,50.0196,19.8078,39,45,693,605,88,0.8667,13.33,1.0,False
2026-05-17 20:28:11.094632,Węzeł Wielicka / A4,50.0034,20.0065,41,48,156,133,23,0.8542,14.58,1.0,False
2026-05-17 20:28:11.094632,Węzeł Łagiewniki,50.0136,19.9325,27,29,355,327,28,0.931,6.9,1.0,False
2026-05-17 20:28:11.094632,Zakopiańska / Brożka,50.0227,19.9349,35,40,82,71,11,0.875,12.5,1.0,False
2026-05-17 20:28:11.094632,Łagiewniki,50.0202,19.9378,55,60,221,203,18,0.9167,8.33,1.0,False
2026-05-17 20:29:13.472723,Aleja 29 Listopada / Dobrego Pasterza,50.0953,19.9746,36,41,106,92,14,0.878,12.2,1.0,False
2026-05-17 20:29:13.472723,Aleja 29 Listopada / Opolska,50.0861,19.952,49,56,327,284,43,0.875,12.5,1.0,False
2026-05-17 20:29:13.472723,Aleja Pokoju / Centralna,50.0667,20.0028,43,49,45,39,6,0.8776,12.24,1.0,False
2026-05-17 20:29:13.472723,Aleja Powstania Warszawskiego,50.0647,19.9608,28,31,54,49,5,0.9032,9.68,1.0,False
2026-05-17 20:29:13.472723,Aleja Słowackiego / Łobzowska,50.0692,19.9302,24,27,310,270,40,0.8889,11.11,1.0,False
2026-05-17 20:29:13.472723,Aleje Trzech Wieszczów - AGH,50.0674,19.9209,19,21,94,84,10,0.9048,9.52,1.0,False
2026-05-17 20:29:13.472723,Armii Krajowej / Zarzecze,50.0738,19.8985,23,25,149,137,12,0.92,8,1.0,False
2026-05-17 20:29:13.472723,Bieżanowska / Wielicka,50.0207,19.982,20,24,133,113,20,0.8333,16.67,1.0,False
2026-05-17 20:29:13.472723,Bonarka / Kamieńskiego,50.0298,19.9513,31,34,17,15,2,0.9118,8.82,1.0,False
2026-05-17 20:29:13.472723,Bronowice SKA,50.0814,19.8994,104,112,538,498,40,0.9286,7.14,1.0,False
2026-05-17 20:29:13.472723,Cracovia / Aleja Mickiewicza,50.0595,19.9235,31,34,244,221,23,0.9118,8.82,1.0,False
2026-05-17 20:29:13.472723,Czarnowiejska / Armii Krajowej,50.069,19.9075,34,36,76,73,3,0.9444,5.56,1.0,False
2026-05-17 20:29:13.472723,Dworzec Główny Tunel,50.0686,19.9477,35,39,136,124,12,0.8974,10.26,1.0,False
2026-05-17 20:29:13.472723,Estakada Obrońców Lwowa,50.0396,19.9627,44,49,97,88,9,0.898,10.2,1.0,False
2026-05-17 20:29:13.472723,Galeria Krakowska / Pawia,50.0669,19.9457,43,49,138,121,17,0.8776,12.24,1.0,False
2026-05-17 20:29:13.472723,Grzegórzecka,50.0578,19.9564,28,29,49,47,2,0.9655,3.45,1.0,False
2026-05-17 20:29:13.472723,Kalwaryjska,50.0412,19.9443,24,25,120,115,5,0.96,4,1.0,False
2026-05-17 20:29:13.472723,Lubomirskiego,50.0676,19.9536,15,16,102,95,7,0.9375,6.25,1.0,False
2026-05-17 20:29:13.472723,M1 / Aleja Pokoju,50.0661,20.0149,25,28,134,120,14,0.8929,10.71,1.0,False
2026-05-17 20:29:13.472723,Most Dębnicki,50.053,19.9278,24,28,203,177,26,0.8571,14.29,1.0,False
2026-05-17 20:29:13.472723,Nowohucka / Klimeckiego,50.0503,19.9765,27,29,250,230,20,0.931,6.9,1.0,False
2026-05-17 20:29:13.472723,Nowy Kleparz,50.0731,19.9352,16,25,69,45,24,0.64,36,0.9,False
2026-05-17 20:29:13.472723,Opolska Estakada,50.0857,19.9536,29,34,59,50,9,0.8529,14.71,1.0,False
2026-05-17 20:29:13.472723,Plac Centralny,50.072,20.0372,19,21,74,69,5,0.9048,9.52,1.0,False
2026-05-17 20:29:13.472723,Plac Inwalidów,50.0671,19.9269,15,16,140,128,12,0.9375,6.25,1.0,False
2026-05-17 20:29:13.472723,Prokocim Szpital,50.0117,20.0005,42,46,66,60,6,0.913,8.7,1.0,False
2026-05-17 20:29:13.472723,Rondo Barei,50.0911,19.9742,34,38,44,40,4,0.8947,10.53,1.0,False
2026-05-17 20:29:13.472723,Rondo Czyżyńskie,50.0729,20.0167,35,38,11,10,1,0.9211,7.89,1.0,False
2026-05-17 20:29:13.472723,Rondo Grunwaldzkie,50.0492,19.9317,15,17,27,24,3,0.8824,11.76,1.0,False
2026-05-17 20:29:13.472723,Rondo Grzegórzeckie,50.0576,19.9609,26,30,57,50,7,0.8667,13.33,1.0,False
2026-05-17 20:29:13.472723,Rondo Matecznego,50.0364,19.9406,22,25,8,7,1,0.88,12,1.0,False
2026-05-17 20:29:13.472723,Rondo Mogilskie,50.0672,19.9595,29,34,19,16,3,0.8529,14.71,1.0,False
2026-05-17 20:29:13.472723,Rondo Ofiar Katynia,50.0879,19.8976,49,56,323,284,39,0.875,12.5,1.0,False
2026-05-17 20:29:13.472723,Rondo Polsadu,50.0879,19.9618,37,43,40,35,5,0.8605,13.95,1.0,False
2026-05-17 20:29:13.472723,Wielicka / Powstańców Wielkopolskich,50.0335,19.9621,42,49,104,88,16,0.8571,14.29,1.0,False
2026-05-17 20:29:13.472723,Węzeł Balice / A4,50.0878,19.7937,37,40,125,114,11,0.925,7.5,1.0,False
2026-05-17 20:29:13.472723,Węzeł Tyniec / A4,50.0196,19.8078,40,45,686,605,81,0.8889,11.11,1.0,False
2026-05-17 20:29:13.472723,Węzeł Wielicka / A4,50.0034,20.0065,42,48,152,133,19,0.875,12.5,1.0,False
2026-05-17 20:29:13.472723,Węzeł Łagiewniki,50.0136,19.9325,25,29,373,327,46,0.8621,13.79,1.0,False
2026-05-17 20:29:13.472723,Zakopiańska / Brożka,50.0227,19.9349,36,40,80,71,9,0.9,10,1.0,False
2026-05-17 20:29:13.472723,Łagiewniki,50.0202,19.9378,58,60,211,203,8,0.9667,3.33,1.0,False
2026-05-17 20:30:15.872360,Aleja 29 Listopada / Dobrego Pasterza,50.0953,19.9746,36,41,104,92,12,0.878,12.2,1.0,False
2026-05-17 20:30:15.872360,Aleja 29 Listopada / Opolska,50.0861,19.952,49,56,325,284,41,0.875,12.5,1.0,False
2026-05-17 20:30:15.872360,Aleja Pokoju / Centralna,50.0667,20.0028,43,49,44,39,5,0.8776,12.24,1.0,False
2026-05-17 20:30:15.872360,Aleja Powstania Warszawskiego,50.0647,19.9608,28,31,55,49,6,0.9032,9.68,1.0,False
2026-05-17 20:30:15.872360,Aleja Słowackiego / Łobzowska,50.0692,19.9302,24,27,299,270,29,0.8889,11.11,1.0,False
2026-05-17 20:30:15.872360,Aleje Trzech Wieszczów - AGH,50.0674,19.9209,19,21,94,84,10,0.9048,9.52,1.0,False
2026-05-17 20:30:15.872360,Armii Krajowej / Zarzecze,50.0738,19.8985,23,25,147,137,10,0.92,8,1.0,False
2026-05-17 20:30:15.872360,Bieżanowska / Wielicka,50.0207,19.982,20,24,134,113,21,0.8333,16.67,1.0,False
2026-05-17 20:30:15.872360,Bonarka / Kamieńskiego,50.0298,19.9513,30,34,17,15,2,0.8824,11.76,1.0,False
2026-05-17 20:30:15.872360,Bronowice SKA,50.0814,19.8994,102,112,547,498,49,0.9107,8.93,1.0,False
2026-05-17 20:30:15.872360,Cracovia / Aleja Mickiewicza,50.0595,19.9235,30,34,250,221,29,0.8824,11.76,1.0,False
2026-05-17 20:30:15.872360,Czarnowiejska / Armii Krajowej,50.069,19.9075,33,36,80,73,7,0.9167,8.33,1.0,False
2026-05-17 20:30:15.872360,Dworzec Główny Tunel,50.0686,19.9477,35,39,136,124,12,0.8974,10.26,1.0,False
2026-05-17 20:30:15.872360,Estakada Obrońców Lwowa,50.0396,19.9627,46,49,95,88,7,0.9388,6.12,1.0,False
2026-05-17 20:30:15.872360,Galeria Krakowska / Pawia,50.0669,19.9457,42,49,140,121,19,0.8571,14.29,1.0,False
2026-05-17 20:30:15.872360,Grzegórzecka,50.0578,19.9564,27,29,50,47,3,0.931,6.9,1.0,False
2026-05-17 20:30:15.872360,Kalwaryjska,50.0412,19.9443,23,25,123,115,8,0.92,8,1.0,False
2026-05-17 20:30:15.872360,Lubomirskiego,50.0676,19.9536,15,16,101,95,6,0.9375,6.25,1.0,False
2026-05-17 20:30:15.872360,M1 / Aleja Pokoju,50.0661,20.0149,25,28,133,120,13,0.8929,10.71,1.0,False
2026-05-17 20:30:15.872360,Most Dębnicki,50.053,19.9278,25,28,197,177,20,0.8929,10.71,1.0,False
2026-05-17 20:30:15.872360,Nowohucka / Klimeckiego,50.0503,19.9765,27,29,243,230,13,0.931,6.9,1.0,False
2026-05-17 20:30:15.872360,Nowy Kleparz,50.0731,19.9352,16,25,69,45,24,0.64,36,0.9,False
2026-05-17 20:30:15.872360,Opolska Estakada,50.0857,19.9536,29,34,60,50,10,0.8529,14.71,1.0,False
2026-05-17 20:30:15.872360,Plac Centralny,50.072,20.0372,20,21,73,69,4,0.9524,4.76,1.0,False
2026-05-17 20:30:15.872360,Plac Inwalidów,50.0671,19.9269,15,16,134,128,6,0.9375,6.25,1.0,False
2026-05-17 20:30:15.872360,Prokocim Szpital,50.0117,20.0005,44,46,63,60,3,0.9565,4.35,1.0,False
2026-05-17 20:30:15.872360,Rondo Barei,50.0911,19.9742,34,38,45,40,5,0.8947,10.53,1.0,False
2026-05-17 20:30:15.872360,Rondo Czyżyńskie,50.0729,20.0167,34,38,11,10,1,0.8947,10.53,1.0,False
2026-05-17 20:30:15.872360,Rondo Grunwaldzkie,50.0492,19.9317,15,17,27,24,3,0.8824,11.76,1.0,False
2026-05-17 20:30:15.872360,Rondo Grzegórzeckie,50.0576,19.9609,27,30,57,50,7,0.9,10,1.0,False
2026-05-17 20:30:15.872360,Rondo Matecznego,50.0364,19.9406,22,25,8,7,1,0.88,12,1.0,False
2026-05-17 20:30:15.872360,Rondo Mogilskie,50.0672,19.9595,29,34,19,16,3,0.8529,14.71,1.0,False
2026-05-17 20:30:15.872360,Rondo Ofiar Katynia,50.0879,19.8976,50,56,321,284,37,0.8929,10.71,1.0,False
2026-05-17 20:30:15.872360,Rondo Polsadu,50.0879,19.9618,38,43,40,35,5,0.8837,11.63,1.0,False
2026-05-17 20:30:15.872360,Wielicka / Powstańców Wielkopolskich,50.0335,19.9621,44,49,99,88,11,0.898,10.2,1.0,False
2026-05-17 20:30:15.872360,Węzeł Balice / A4,50.0878,19.7937,36,40,127,114,13,0.9,10,1.0,False
2026-05-17 20:30:15.872360,Węzeł Tyniec / A4,50.0196,19.8078,40,45,677,605,72,0.8889,11.11,1.0,False
2026-05-17 20:30:15.872360,Węzeł Wielicka / A4,50.0034,20.0065,41,48,157,133,24,0.8542,14.58,1.0,False
2026-05-17 20:30:15.872360,Węzeł Łagiewniki,50.0136,19.9325,26,29,360,327,33,0.8966,10.34,1.0,False
2026-05-17 20:30:15.872360,Zakopiańska / Brożka,50.0227,19.9349,35,40,82,71,11,0.875,12.5,1.0,False
2026-05-17 20:30:15.872360,Łagiewniki,50.0202,19.9378,57,60,214,203,11,0.95,5,1.0,False
2026-05-17 20:31:18.448874,Aleja 29 Listopada / Dobrego Pasterza,50.0953,19.9746,35,41,107,92,15,0.8537,14.63,1.0,False
2026-05-17 20:31:18.448874,Aleja 29 Listopada / Opolska,50.0861,19.952,47,56,339,284,55,0.8393,16.07,1.0,False
2026-05-17 20:31:18.448874,Aleja Pokoju / Centralna,50.0667,20.0028,44,49,44,39,5,0.898,10.2,1.0,False
2026-05-17 20:31:18.448874,Aleja Powstania Warszawskiego,50.0647,19.9608,27,31,55,49,6,0.871,12.9,1.0,False
2026-05-17 20:31:18.448874,Aleja Słowackiego / Łobzowska,50.0692,19.9302,24,27,298,270,28,0.8889,11.11,1.0,False
2026-05-17 20:31:18.448874,Aleje Trzech Wieszczów - AGH,50.0674,19.9209,20,21,90,84,6,0.9524,4.76,1.0,False
2026-05-17 20:31:18.448874,Armii Krajowej / Zarzecze,50.0738,19.8985,24,25,144,137,7,0.96,4,1.0,False
2026-05-17 20:31:18.448874,Bieżanowska / Wielicka,50.0207,19.982,21,24,128,113,15,0.875,12.5,1.0,False
2026-05-17 20:31:18.448874,Bonarka / Kamieńskiego,50.0298,19.9513,31,34,16,15,1,0.9118,8.82,1.0,False
2026-05-17 20:31:18.448874,Bronowice SKA,50.0814,19.8994,107,112,521,498,23,0.9554,4.46,1.0,False
2026-05-17 20:31:18.448874,Cracovia / Aleja Mickiewicza,50.0595,19.9235,31,34,241,221,20,0.9118,8.82,1.0,False
2026-05-17 20:31:18.448874,Czarnowiejska / Armii Krajowej,50.069,19.9075,33,36,79,73,6,0.9167,8.33,1.0,False
2026-05-17 20:31:18.448874,Dworzec Główny Tunel,50.0686,19.9477,37,39,130,124,6,0.9487,5.13,1.0,False
2026-05-17 20:31:18.448874,Estakada Obrońców Lwowa,50.0396,19.9627,46,49,94,88,6,0.9388,6.12,1.0,False
2026-05-17 20:31:18.448874,Galeria Krakowska / Pawia,50.0669,19.9457,42,49,141,121,20,0.8571,14.29,1.0,False
2026-05-17 20:31:18.448874,Grzegórzecka,50.0578,19.9564,27,29,50,47,3,0.931,6.9,1.0,False
2026-05-17 20:31:18.448874,Kalwaryjska,50.0412,19.9443,24,25,119,115,4,0.96,4,1.0,False
2026-05-17 20:31:18.448874,Lubomirskiego,50.0676,19.9536,15,16,100,95,5,0.9375,6.25,1.0,False
2026-05-17 20:31:18.448874,M1 / Aleja Pokoju,50.0661,20.0149,25,28,132,120,12,0.8929,10.71,1.0,False
2026-05-17 20:31:18.448874,Most Dębnicki,50.053,19.9278,25,28,198,177,21,0.8929,10.71,1.0,False
2026-05-17 20:31:18.448874,Nowohucka / Klimeckiego,50.0503,19.9765,27,29,248,230,18,0.931,6.9,1.0,False
2026-05-17 20:31:18.448874,Nowy Kleparz,50.0731,19.9352,17,26,66,43,23,0.6538,34.62,0.9,False
2026-05-17 20:31:18.448874,Opolska Estakada,50.0857,19.9536,29,34,58,50,8,0.8529,14.71,1.0,False
2026-05-17 20:31:18.448874,Plac Centralny,50.072,20.0372,20,21,73,69,4,0.9524,4.76,1.0,False
2026-05-17 20:31:18.448874,Plac Inwalidów,50.0671,19.9269,15,16,136,128,8,0.9375,6.25,1.0,False
2026-05-17 20:31:18.448874,Prokocim Szpital,50.0117,20.0005,44,46,63,60,3,0.9565,4.35,1.0,False
2026-05-17 20:31:18.448874,Rondo Barei,50.0911,19.9742,34,38,45,40,5,0.8947,10.53,1.0,False
2026-05-17 20:31:18.448874,Rondo Czyżyńskie,50.0729,20.0167,34,38,11,10,1,0.8947,10.53,1.0,False
2026-05-17 20:31:18.448874,Rondo Grunwaldzkie,50.0492,19.9317,15,17,27,24,3,0.8824,11.76,1.0,False
2026-05-17 20:31:18.448874,Rondo Grzegórzeckie,50.0576,19.9609,20,30,76,50,26,0.6667,33.33,1.0,False
2026-05-17 20:31:18.448874,Rondo Matecznego,50.0364,19.9406,21,25,8,7,1,0.84,16,1.0,False
2026-05-17 20:31:18.448874,Rondo Mogilskie,50.0672,19.9595,30,34,18,16,2,0.8824,11.76,1.0,False
2026-05-17 20:31:18.448874,Rondo Ofiar Katynia,50.0879,19.8976,47,56,338,284,54,0.8393,16.07,1.0,False
2026-05-17 20:31:18.448874,Rondo Polsadu,50.0879,19.9618,37,43,40,35,5,0.8605,13.95,1.0,False
2026-05-17 20:31:18.448874,Wielicka / Powstańców Wielkopolskich,50.0335,19.9621,42,49,103,88,15,0.8571,14.29,1.0,False
2026-05-17 20:31:18.448874,Węzeł Balice / A4,50.0878,19.7937,35,40,131,114,17,0.875,12.5,1.0,False
2026-05-17 20:31:18.448874,Węzeł Tyniec / A4,50.0196,19.8078,40,45,689,605,84,0.8889,11.11,1.0,False
2026-05-17 20:31:18.448874,Węzeł Wielicka / A4,50.0034,20.0065,42,48,153,133,20,0.875,12.5,1.0,False
2026-05-17 20:31:18.448874,Węzeł Łagiewniki,50.0136,19.9325,26,29,367,327,40,0.8966,10.34,1.0,False
2026-05-17 20:31:18.448874,Zakopiańska / Brożka,50.0227,19.9349,35,40,81,71,10,0.875,12.5,1.0,False
2026-05-17 20:31:18.448874,Łagiewniki,50.0202,19.9378,55,60,222,203,19,0.9167,8.33,1.0,False
2026-05-17 20:32:20.823030,Aleja 29 Listopada / Dobrego Pasterza,50.0953,19.9746,35,41,107,92,15,0.8537,14.63,1.0,False
2026-05-17 20:32:20.823030,Aleja 29 Listopada / Opolska,50.0861,19.952,49,56,328,284,44,0.875,12.5,1.0,False
2026-05-17 20:32:20.823030,Aleja Pokoju / Centralna,50.0667,20.0028,44,49,43,39,4,0.898,10.2,1.0,False
2026-05-17 20:32:20.823030,Aleja Powstania Warszawskiego,50.0647,19.9608,28,31,55,49,6,0.9032,9.68,1.0,False
2026-05-17 20:32:20.823030,Aleja Słowackiego / Łobzowska,50.0692,19.9302,24,27,310,270,40,0.8889,11.11,1.0,False
2026-05-17 20:32:20.823030,Aleje Trzech Wieszczów - AGH,50.0674,19.9209,19,21,92,84,8,0.9048,9.52,1.0,False
2026-05-17 20:32:20.823030,Armii Krajowej / Zarzecze,50.0738,19.8985,23,25,150,137,13,0.92,8,1.0,False
2026-05-17 20:32:20.823030,Bieżanowska / Wielicka,50.0207,19.982,21,24,132,113,19,0.875,12.5,1.0,False
2026-05-17 20:32:20.823030,Bonarka / Kamieńskiego,50.0298,19.9513,30,34,17,15,2,0.8824,11.76,1.0,False
2026-05-17 20:32:20.823030,Bronowice SKA,50.0814,19.8994,106,112,524,498,26,0.9464,5.36,1.0,False
2026-05-17 20:32:20.823030,Cracovia / Aleja Mickiewicza,50.0595,19.9235,30,34,253,221,32,0.8824,11.76,1.0,False
2026-05-17 20:32:20.823030,Czarnowiejska / Armii Krajowej,50.069,19.9075,34,36,77,73,4,0.9444,5.56,1.0,False
2026-05-17 20:32:20.823030,Dworzec Główny Tunel,50.0686,19.9477,38,39,129,124,5,0.9744,2.56,1.0,False
2026-05-17 20:32:20.823030,Estakada Obrońców Lwowa,50.0396,19.9627,46,49,94,88,6,0.9388,6.12,1.0,False
2026-05-17 20:32:20.823030,Galeria Krakowska / Pawia,50.0669,19.9457,42,49,143,121,22,0.8571,14.29,1.0,False
2026-05-17 20:32:20.823030,Grzegórzecka,50.0578,19.9564,28,29,49,47,2,0.9655,3.45,1.0,False
2026-05-17 20:32:20.823030,Kalwaryjska,50.0412,19.9443,24,25,122,115,7,0.96,4,1.0,False
2026-05-17 20:32:20.823030,Lubomirskiego,50.0676,19.9536,15,16,99,95,4,0.9375,6.25,1.0,False
2026-05-17 20:32:20.823030,M1 / Aleja Pokoju,50.0661,20.0149,25,28,135,120,15,0.8929,10.71,1.0,False
2026-05-17 20:32:20.823030,Most Dębnicki,50.053,19.9278,24,28,205,177,28,0.8571,14.29,1.0,False
2026-05-17 20:32:20.823030,Nowohucka / Klimeckiego,50.0503,19.9765,27,29,250,230,20,0.931,6.9,1.0,False
2026-05-17 20:32:20.823030,Nowy Kleparz,50.0731,19.9352,17,26,66,43,23,0.6538,34.62,0.9,False
2026-05-17 20:32:20.823030,Opolska Estakada,50.0857,19.9536,29,34,58,50,8,0.8529,14.71,1.0,False
2026-05-17 20:32:20.823030,Plac Centralny,50.072,20.0372,20,21,73,69,4,0.9524,4.76,1.0,False
2026-05-17 20:32:20.823030,Plac Inwalidów,50.0671,19.9269,15,16,140,128,12,0.9375,6.25,1.0,False
2026-05-17 20:32:20.823030,Prokocim Szpital,50.0117,20.0005,44,46,63,60,3,0.9565,4.35,1.0,False
2026-05-17 20:32:20.823030,Rondo Barei,50.0911,19.9742,35,38,43,40,3,0.9211,7.89,1.0,False
2026-05-17 20:32:20.823030,Rondo Czyżyńskie,50.0729,20.0167,34,38,11,10,1,0.8947,10.53,1.0,False
2026-05-17 20:32:20.823030,Rondo Grunwaldzkie,50.0492,19.9317,15,17,27,24,3,0.8824,11.76,1.0,False
2026-05-17 20:32:20.823030,Rondo Grzegórzeckie,50.0576,19.9609,26,30,57,50,7,0.8667,13.33,1.0,False
2026-05-17 20:32:20.823030,Rondo Matecznego,50.0364,19.9406,21,25,8,7,1,0.84,16,1.0,False
2026-05-17 20:32:20.823030,Rondo Mogilskie,50.0672,19.9595,29,34,19,16,3,0.8529,14.71,1.0,False
2026-05-17 20:32:20.823030,Rondo Ofiar Katynia,50.0879,19.8976,47,56,337,284,53,0.8393,16.07,1.0,False
2026-05-17 20:32:20.823030,Rondo Polsadu,50.0879,19.9618,38,43,39,35,4,0.8837,11.63,1.0,False
2026-05-17 20:32:20.823030,Wielicka / Powstańców Wielkopolskich,50.0335,19.9621,41,49,105,88,17,0.8367,16.33,1.0,False
2026-05-17 20:32:20.823030,Węzeł Balice / A4,50.0878,19.7937,36,40,128,114,14,0.9,10,1.0,False
2026-05-17 20:32:20.823030,Węzeł Tyniec / A4,50.0196,19.8078,40,45,684,605,79,0.8889,11.11,1.0,False
2026-05-17 20:32:20.823030,Węzeł Wielicka / A4,50.0034,20.0065,41,48,155,133,22,0.8542,14.58,1.0,False
2026-05-17 20:32:20.823030,Węzeł Łagiewniki,50.0136,19.9325,26,29,364,327,37,0.8966,10.34,1.0,False
2026-05-17 20:32:20.823030,Zakopiańska / Brożka,50.0227,19.9349,34,40,84,71,13,0.85,15,1.0,False
2026-05-17 20:32:20.823030,Łagiewniki,50.0202,19.9378,54,60,224,203,21,0.9,10,1.0,False
2026-05-17 20:33:23.142992,Aleja 29 Listopada / Dobrego Pasterza,50.0953,19.9746,36,41,105,92,13,0.878,12.2,1.0,False
2026-05-17 20:33:23.142992,Aleja 29 Listopada / Opolska,50.0861,19.952,50,56,321,284,37,0.8929,10.71,1.0,False
2026-05-17 20:33:23.142992,Aleja Pokoju / Centralna,50.0667,20.0028,42,49,45,39,6,0.8571,14.29,1.0,False
2026-05-17 20:33:23.142992,Aleja Powstania Warszawskiego,50.0647,19.9608,28,31,54,49,5,0.9032,9.68,1.0,False
2026-05-17 20:33:23.142992,Aleja Słowackiego / Łobzowska,50.0692,19.9302,25,27,293,270,23,0.9259,7.41,1.0,False
2026-05-17 20:33:23.142992,Aleje Trzech Wieszczów - AGH,50.0674,19.9209,19,21,92,84,8,0.9048,9.52,1.0,False
2026-05-17 20:33:23.142992,Armii Krajowej / Zarzecze,50.0738,19.8985,17,24,202,142,60,0.7083,29.17,0.57,False
2026-05-17 20:33:23.142992,Bieżanowska / Wielicka,50.0207,19.982,20,24,135,113,22,0.8333,16.67,1.0,False
2026-05-17 20:33:23.142992,Bonarka / Kamieńskiego,50.0298,19.9513,31,34,17,15,2,0.9118,8.82,1.0,False
2026-05-17 20:33:23.142992,Bronowice SKA,50.0814,19.8994,107,112,522,498,24,0.9554,4.46,1.0,False
2026-05-17 20:33:23.142992,Cracovia / Aleja Mickiewicza,50.0595,19.9235,31,34,242,221,21,0.9118,8.82,1.0,False
2026-05-17 20:33:23.142992,Czarnowiejska / Armii Krajowej,50.069,19.9075,34,36,77,73,4,0.9444,5.56,1.0,False
2026-05-17 20:33:23.142992,Dworzec Główny Tunel,50.0686,19.9477,36,39,133,124,9,0.9231,7.69,1.0,False
2026-05-17 20:33:23.142992,Estakada Obrońców Lwowa,50.0396,19.9627,47,49,92,88,4,0.9592,4.08,1.0,False
2026-05-17 20:33:23.142992,Galeria Krakowska / Pawia,50.0669,19.9457,43,49,137,121,16,0.8776,12.24,1.0,False
2026-05-17 20:33:23.142992,Grzegórzecka,50.0578,19.9564,28,29,50,47,3,0.9655,3.45,1.0,False
2026-05-17 20:33:23.142992,Kalwaryjska,50.0412,19.9443,23,25,127,115,12,0.92,8,1.0,False
2026-05-17 20:33:23.142992,Lubomirskiego,50.0676,19.9536,15,16,102,95,7,0.9375,6.25,1.0,False
2026-05-17 20:33:23.142992,M1 / Aleja Pokoju,50.0661,20.0149,25,28,135,120,15,0.8929,10.71,1.0,False
2026-05-17 20:33:23.142992,Most Dębnicki,50.053,19.9278,24,28,203,177,26,0.8571,14.29,1.0,False
2026-05-17 20:33:23.142992,Nowohucka / Klimeckiego,50.0503,19.9765,26,29,254,230,24,0.8966,10.34,1.0,False
2026-05-17 20:33:23.142992,Nowy Kleparz,50.0731,19.9352,17,26,66,43,23,0.6538,34.62,0.9,False
2026-05-17 20:33:23.142992,Opolska Estakada,50.0857,19.9536,28,34,60,50,10,0.8235,17.65,1.0,False
2026-05-17 20:33:23.142992,Plac Centralny,50.072,20.0372,20,21,74,69,5,0.9524,4.76,1.0,False
2026-05-17 20:33:23.142992,Plac Inwalidów,50.0671,19.9269,15,16,140,128,12,0.9375,6.25,1.0,False
2026-05-17 20:33:23.142992,Prokocim Szpital,50.0117,20.0005,42,46,65,60,5,0.913,8.7,1.0,False
2026-05-17 20:33:23.142992,Rondo Barei,50.0911,19.9742,34,38,45,40,5,0.8947,10.53,1.0,False
2026-05-17 20:33:23.142992,Rondo Czyżyńskie,50.0729,20.0167,34,38,11,10,1,0.8947,10.53,1.0,False
2026-05-17 20:33:23.142992,Rondo Grunwaldzkie,50.0492,19.9317,16,17,26,24,2,0.9412,5.88,1.0,False
2026-05-17 20:33:23.142992,Rondo Grzegórzeckie,50.0576,19.9609,26,30,58,50,8,0.8667,13.33,1.0,False
2026-05-17 20:33:23.142992,Rondo Matecznego,50.0364,19.9406,22,25,8,7,1,0.88,12,1.0,False
2026-05-17 20:33:23.142992,Rondo Mogilskie,50.0672,19.9595,28,34,19,16,3,0.8235,17.65,1.0,False
2026-05-17 20:33:23.142992,Rondo Ofiar Katynia,50.0879,19.8976,48,56,333,284,49,0.8571,14.29,1.0,False
2026-05-17 20:33:23.142992,Rondo Polsadu,50.0879,19.9618,37,43,40,35,5,0.8605,13.95,1.0,False
2026-05-17 20:33:23.142992,Wielicka / Powstańców Wielkopolskich,50.0335,19.9621,44,49,99,88,11,0.898,10.2,1.0,False
2026-05-17 20:33:23.142992,Węzeł Balice / A4,50.0878,19.7937,36,40,127,114,13,0.9,10,1.0,False
2026-05-17 20:33:23.142992,Węzeł Tyniec / A4,50.0196,19.8078,39,45,692,605,87,0.8667,13.33,1.0,False
2026-05-17 20:33:23.142992,Węzeł Wielicka / A4,50.0034,20.0065,41,48,155,133,22,0.8542,14.58,1.0,False
2026-05-17 20:33:23.142992,Węzeł Łagiewniki,50.0136,19.9325,25,29,376,327,49,0.8621,13.79,1.0,False
2026-05-17 20:33:23.142992,Zakopiańska / Brożka,50.0227,19.9349,34,40,85,71,14,0.85,15,1.0,False
2026-05-17 20:33:23.142992,Łagiewniki,50.0202,19.9378,56,60,219,203,16,0.9333,6.67,1.0,False
2026-05-17 20:34:25.577149,Aleja 29 Listopada / Dobrego Pasterza,50.0953,19.9746,36,41,106,92,14,0.878,12.2,1.0,False
2026-05-17 20:34:25.577149,Aleja 29 Listopada / Opolska,50.0861,19.952,47,56,336,284,52,0.8393,16.07,1.0,False
2026-05-17 20:34:25.577149,Aleja Pokoju / Centralna,50.0667,20.0028,45,49,43,39,4,0.9184,8.16,1.0,False
2026-05-17 20:34:25.577149,Aleja Powstania Warszawskiego,50.0647,19.9608,28,31,54,49,5,0.9032,9.68,1.0,False
2026-05-17 20:34:25.577149,Aleja Słowackiego / Łobzowska,50.0692,19.9302,24,27,306,270,36,0.8889,11.11,1.0,False
2026-05-17 20:34:25.577149,Aleje Trzech Wieszczów - AGH,50.0674,19.9209,18,21,96,84,12,0.8571,14.29,1.0,False
2026-05-17 20:34:25.577149,Armii Krajowej / Zarzecze,50.0738,19.8985,18,24,189,142,47,0.75,25,0.57,False
2026-05-17 20:34:25.577149,Bieżanowska / Wielicka,50.0207,19.982,20,24,133,113,20,0.8333,16.67,1.0,False
2026-05-17 20:34:25.577149,Bonarka / Kamieńskiego,50.0298,19.9513,30,34,17,15,2,0.8824,11.76,1.0,False
2026-05-17 20:34:25.577149,Bronowice SKA,50.0814,19.8994,105,112,533,498,35,0.9375,6.25,1.0,False
2026-05-17 20:34:25.577149,Cracovia / Aleja Mickiewicza,50.0595,19.9235,31,34,242,221,21,0.9118,8.82,1.0,False
2026-05-17 20:34:25.577149,Czarnowiejska / Armii Krajowej,50.069,19.9075,34,36,77,73,4,0.9444,5.56,1.0,False
2026-05-17 20:34:25.577149,Dworzec Główny Tunel,50.0686,19.9477,37,39,131,124,7,0.9487,5.13,1.0,False
2026-05-17 20:34:25.577149,Estakada Obrońców Lwowa,50.0396,19.9627,45,49,96,88,8,0.9184,8.16,1.0,False
2026-05-17 20:34:25.577149,Galeria Krakowska / Pawia,50.0669,19.9457,42,49,142,121,21,0.8571,14.29,1.0,False
2026-05-17 20:34:25.577149,Grzegórzecka,50.0578,19.9564,26,29,52,47,5,0.8966,10.34,1.0,False
2026-05-17 20:34:25.577149,Kalwaryjska,50.0412,19.9443,23,25,124,115,9,0.92,8,1.0,False
2026-05-17 20:34:25.577149,Lubomirskiego,50.0676,19.9536,15,16,103,95,8,0.9375,6.25,1.0,False
2026-05-17 20:34:25.577149,M1 / Aleja Pokoju,50.0661,20.0149,25,28,134,120,14,0.8929,10.71,1.0,False
2026-05-17 20:34:25.577149,Most Dębnicki,50.053,19.9278,26,28,193,177,16,0.9286,7.14,1.0,False
2026-05-17 20:34:25.577149,Nowohucka / Klimeckiego,50.0503,19.9765,27,29,251,230,21,0.931,6.9,1.0,False
2026-05-17 20:34:25.577149,Nowy Kleparz,50.0731,19.9352,16,25,69,45,24,0.64,36,0.9,False
2026-05-17 20:34:25.577149,Opolska Estakada,50.0857,19.9536,30,34,57,50,7,0.8824,11.76,1.0,False
2026-05-17 20:34:25.577149,Plac Centralny,50.072,20.0372,19,21,76,69,7,0.9048,9.52,1.0,False
2026-05-17 20:34:25.577149,Plac Inwalidów,50.0671,19.9269,15,16,134,128,6,0.9375,6.25,1.0,False
2026-05-17 20:34:25.577149,Prokocim Szpital,50.0117,20.0005,42,46,65,60,5,0.913,8.7,1.0,False
2026-05-17 20:34:25.577149,Rondo Barei,50.0911,19.9742,34,38,45,40,5,0.8947,10.53,1.0,False
2026-05-17 20:34:25.577149,Rondo Czyżyńskie,50.0729,20.0167,33,38,11,10,1,0.8684,13.16,1.0,False
2026-05-17 20:34:25.577149,Rondo Grunwaldzkie,50.0492,19.9317,15,17,27,24,3,0.8824,11.76,1.0,False
2026-05-17 20:34:25.577149,Rondo Grzegórzeckie,50.0576,19.9609,26,30,57,50,7,0.8667,13.33,1.0,False
2026-05-17 20:34:25.577149,Rondo Matecznego,50.0364,19.9406,21,25,8,7,1,0.84,16,1.0,False
2026-05-17 20:34:25.577149,Rondo Mogilskie,50.0672,19.9595,18,33,29,16,13,0.5455,45.45,1.0,False
2026-05-17 20:34:25.577149,Rondo Ofiar Katynia,50.0879,19.8976,48,56,332,284,48,0.8571,14.29,1.0,False
2026-05-17 20:34:25.577149,Rondo Polsadu,50.0879,19.9618,39,43,39,35,4,0.907,9.3,1.0,False
2026-05-17 20:34:25.577149,Wielicka / Powstańców Wielkopolskich,50.0335,19.9621,43,49,101,88,13,0.8776,12.24,1.0,False
2026-05-17 20:34:25.577149,Węzeł Balice / A4,50.0878,19.7937,35,40,130,114,16,0.875,12.5,1.0,False
2026-05-17 20:34:25.577149,Węzeł Tyniec / A4,50.0196,19.8078,41,45,660,605,55,0.9111,8.89,1.0,False
2026-05-17 20:34:25.577149,Węzeł Wielicka / A4,50.0034,20.0065,41,48,156,133,23,0.8542,14.58,1.0,False
2026-05-17 20:34:25.577149,Węzeł Łagiewniki,50.0136,19.9325,26,29,364,327,37,0.8966,10.34,1.0,False
2026-05-17 20:34:25.577149,Zakopiańska / Brożka,50.0227,19.9349,35,40,81,71,10,0.875,12.5,1.0,False
2026-05-17 20:34:25.577149,Łagiewniki,50.0202,19.9378,57,60,214,203,11,0.95,5,1.0,False
2026-05-17 20:35:28.099745,Aleja 29 Listopada / Dobrego Pasterza,50.0953,19.9746,36,41,106,92,14,0.878,12.2,1.0,False
2026-05-17 20:35:28.099745,Aleja 29 Listopada / Opolska,50.0861,19.952,48,56,332,284,48,0.8571,14.29,1.0,False
2026-05-17 20:35:28.099745,Aleja Pokoju / Centralna,50.0667,20.0028,45,49,43,39,4,0.9184,8.16,1.0,False
2026-05-17 20:35:28.099745,Aleja Powstania Warszawskiego,50.0647,19.9608,28,31,54,49,5,0.9032,9.68,1.0,False
2026-05-17 20:35:28.099745,Aleja Słowackiego / Łobzowska,50.0692,19.9302,24,27,301,270,31,0.8889,11.11,1.0,False
2026-05-17 20:35:28.099745,Aleje Trzech Wieszczów - AGH,50.0674,19.9209,20,21,90,84,6,0.9524,4.76,1.0,False
2026-05-17 20:35:28.099745,Armii Krajowej / Zarzecze,50.0738,19.8985,17,25,196,137,59,0.68,32,0.62,False
2026-05-17 20:35:28.099745,Bieżanowska / Wielicka,50.0207,19.982,21,24,132,113,19,0.875,12.5,1.0,False
2026-05-17 20:35:28.099745,Bonarka / Kamieńskiego,50.0298,19.9513,31,34,16,15,1,0.9118,8.82,1.0,False
2026-05-17 20:35:28.099745,Bronowice SKA,50.0814,19.8994,103,112,544,498,46,0.9196,8.04,1.0,False
2026-05-17 20:35:28.099745,Cracovia / Aleja Mickiewicza,50.0595,19.9235,30,34,249,221,28,0.8824,11.76,1.0,False
2026-05-17 20:35:28.099745,Czarnowiejska / Armii Krajowej,50.069,19.9075,33,36,80,73,7,0.9167,8.33,1.0,False
2026-05-17 20:35:28.099745,Dworzec Główny Tunel,50.0686,19.9477,37,39,130,124,6,0.9487,5.13,1.0,False
2026-05-17 20:35:28.099745,Estakada Obrońców Lwowa,50.0396,19.9627,47,49,92,88,4,0.9592,4.08,1.0,False
2026-05-17 20:35:28.099745,Galeria Krakowska / Pawia,50.0669,19.9457,43,49,137,121,16,0.8776,12.24,1.0,False
2026-05-17 20:35:28.099745,Grzegórzecka,50.0578,19.9564,27,29,50,47,3,0.931,6.9,1.0,False
2026-05-17 20:35:28.099745,Kalwaryjska,50.0412,19.9443,23,25,126,115,11,0.92,8,1.0,False
2026-05-17 20:35:28.099745,Lubomirskiego,50.0676,19.9536,15,16,99,95,4,0.9375,6.25,1.0,False
2026-05-17 20:35:28.099745,M1 / Aleja Pokoju,50.0661,20.0149,24,28,137,120,17,0.8571,14.29,1.0,False
2026-05-17 20:35:28.099745,Most Dębnicki,50.053,19.9278,25,28,195,177,18,0.8929,10.71,1.0,False
2026-05-17 20:35:28.099745,Nowohucka / Klimeckiego,50.0503,19.9765,28,29,241,230,11,0.9655,3.45,1.0,False
2026-05-17 20:35:28.099745,Nowy Kleparz,50.0731,19.9352,17,26,66,43,23,0.6538,34.62,0.9,False
2026-05-17 20:35:28.099745,Opolska Estakada,50.0857,19.9536,29,34,59,50,9,0.8529,14.71,1.0,False
2026-05-17 20:35:28.099745,Plac Centralny,50.072,20.0372,19,21,76,69,7,0.9048,9.52,1.0,False
2026-05-17 20:35:28.099745,Plac Inwalidów,50.0671,19.9269,15,16,137,128,9,0.9375,6.25,1.0,False
2026-05-17 20:35:28.099745,Prokocim Szpital,50.0117,20.0005,31,45,89,61,28,0.6889,31.11,1.0,False
2026-05-17 20:35:28.099745,Rondo Barei,50.0911,19.9742,33,38,46,40,6,0.8684,13.16,1.0,False
2026-05-17 20:35:28.099745,Rondo Czyżyńskie,50.0729,20.0167,34,38,11,10,1,0.8947,10.53,1.0,False
2026-05-17 20:35:28.099745,Rondo Grunwaldzkie,50.0492,19.9317,16,17,26,24,2,0.9412,5.88,1.0,False
2026-05-17 20:35:28.099745,Rondo Grzegórzeckie,50.0576,19.9609,25,30,60,50,10,0.8333,16.67,1.0,False
2026-05-17 20:35:28.099745,Rondo Matecznego,50.0364,19.9406,22,25,8,7,1,0.88,12,1.0,False
2026-05-17 20:35:28.099745,Rondo Mogilskie,50.0672,19.9595,18,33,29,16,13,0.5455,45.45,1.0,False
2026-05-17 20:35:28.099745,Rondo Ofiar Katynia,50.0879,19.8976,50,56,319,284,35,0.8929,10.71,1.0,False
2026-05-17 20:35:28.099745,Rondo Polsadu,50.0879,19.9618,39,43,38,35,3,0.907,9.3,1.0,False
2026-05-17 20:35:28.099745,Wielicka / Powstańców Wielkopolskich,50.0335,19.9621,41,49,104,88,16,0.8367,16.33,1.0,False
2026-05-17 20:35:28.099745,Węzeł Balice / A4,50.0878,19.7937,37,40,124,114,10,0.925,7.5,1.0,False
2026-05-17 20:35:28.099745,Węzeł Tyniec / A4,50.0196,19.8078,41,45,656,605,51,0.9111,8.89,1.0,False
2026-05-17 20:35:28.099745,Węzeł Wielicka / A4,50.0034,20.0065,41,48,154,133,21,0.8542,14.58,1.0,False
2026-05-17 20:35:28.099745,Węzeł Łagiewniki,50.0136,19.9325,25,29,376,327,49,0.8621,13.79,1.0,False
2026-05-17 20:35:28.099745,Zakopiańska / Brożka,50.0227,19.9349,35,40,81,71,10,0.875,12.5,1.0,False
2026-05-17 20:35:28.099745,Łagiewniki,50.0202,19.9378,56,60,219,203,16,0.9333,6.67,1.0,False
2026-05-17 21:18:31.100113,Aleja 29 Listopada / Dobrego Pasterza,50.0953,19.9746,41,41,92,92,0,1.0,0.0,1.0,False
2026-05-17 21:18:31.100113,Aleja 29 Listopada / Opolska,50.0861,19.952,56,56,284,284,0,1.0,0.0,1.0,False
2026-05-17 21:18:31.100113,Aleja Pokoju / Centralna,50.0667,20.0028,49,49,39,39,0,1.0,0.0,1.0,False
2026-05-17 21:18:31.100113,Aleja Powstania Warszawskiego,50.0647,19.9608,31,31,49,49,0,1.0,0.0,1.0,False
2026-05-17 21:18:31.100113,Aleja Słowackiego / Łobzowska,50.0692,19.9302,27,27,270,270,0,1.0,0.0,1.0,False
2026-05-17 21:18:31.100113,Aleje Trzech Wieszczów - AGH,50.0674,19.9209,21,21,84,84,0,1.0,0.0,1.0,False
2026-05-17 21:18:31.100113,Armii Krajowej / Zarzecze,50.0738,19.8985,25,25,137,137,0,1.0,0.0,1.0,False
2026-05-17 21:18:31.100113,Bieżanowska / Wielicka,50.0207,19.982,24,24,113,113,0,1.0,0.0,1.0,False
2026-05-17 21:18:31.100113,Bonarka / Kamieńskiego,50.0298,19.9513,34,34,15,15,0,1.0,0.0,1.0,False
2026-05-17 21:18:31.100113,Bronowice SKA,50.0814,19.8994,112,112,498,498,0,1.0,0.0,1.0,False
2026-05-17 21:18:31.100113,Cracovia / Aleja Mickiewicza,50.0595,19.9235,34,34,221,221,0,1.0,0.0,1.0,False
2026-05-17 21:18:31.100113,Czarnowiejska / Armii Krajowej,50.069,19.9075,32,36,82,73,9,0.8888888888888888,11.11,1.0,False
2026-05-17 21:18:31.100113,Dworzec Główny Tunel,50.0686,19.9477,39,39,124,124,0,1.0,0.0,1.0,False
2026-05-17 21:18:31.100113,Estakada Obrońców Lwowa,50.0396,19.9627,49,49,88,88,0,1.0,0.0,1.0,False
2026-05-17 21:18:31.100113,Galeria Krakowska / Pawia,50.0669,19.9457,43,50,138,118,20,0.86,14.0,1.0,False
2026-05-17 21:18:31.100113,Grzegórzecka,50.0578,19.9564,29,29,47,47,0,1.0,0.0,1.0,False
2026-05-17 21:18:31.100113,Kalwaryjska,50.0412,19.9443,25,25,115,115,0,1.0,0.0,1.0,False
2026-05-17 21:18:31.100113,Lubomirskiego,50.0676,19.9536,16,16,95,95,0,1.0,0.0,1.0,False
2026-05-17 21:18:31.100113,M1 / Aleja Pokoju,50.0661,20.0149,28,28,120,120,0,1.0,0.0,1.0,False
2026-05-17 21:18:31.100113,Most Dębnicki,50.053,19.9278,28,28,177,177,0,1.0,0.0,1.0,False
2026-05-17 21:18:31.100113,Most Kotlarski,50.0523,19.9605,59,59,46,46,0,1.0,0.0,1.0,False
2026-05-17 21:18:31.100113,Nowohucka / Klimeckiego,50.0503,19.9765,29,29,230,230,0,1.0,0.0,1.0,False
2026-05-17 21:18:31.100113,Nowy Kleparz,50.0731,19.9352,12,25,94,45,49,0.48,52.0,0.92,False
2026-05-17 21:18:31.100113,Opolska Estakada,50.0857,19.9536,34,34,50,50,0,1.0,0.0,1.0,False
2026-05-17 21:18:31.100113,Plac Centralny,50.072,20.0372,21,21,69,69,0,1.0,0.0,1.0,False
2026-05-17 21:18:31.100113,Plac Inwalidów,50.0671,19.9269,16,16,128,128,0,1.0,0.0,1.0,False
2026-05-17 21:18:31.100113,Prokocim Szpital,50.0117,20.0005,46,46,60,60,0,1.0,0.0,1.0,False
2026-05-17 21:18:31.100113,Rondo Barei,50.0911,19.9742,38,38,40,40,0,1.0,0.0,1.0,False
2026-05-17 21:18:31.100113,Rondo Czyżyńskie,50.0729,20.0167,38,38,10,10,0,1.0,0.0,1.0,False
2026-05-17 21:18:31.100113,Rondo Grunwaldzkie,50.0492,19.9317,17,17,24,24,0,1.0,0.0,1.0,False
2026-05-17 21:18:31.100113,Rondo Grzegórzeckie,50.0576,19.9609,30,30,50,50,0,1.0,0.0,1.0,False
2026-05-17 21:18:31.100113,Rondo Matecznego,50.0364,19.9406,25,25,7,7,0,1.0,0.0,1.0,False
2026-05-17 21:18:31.100113,Rondo Mogilskie,50.0672,19.9595,34,34,16,16,0,1.0,0.0,1.0,False
2026-05-17 21:18:31.100113,Rondo Ofiar Katynia,50.0879,19.8976,56,56,284,284,0,1.0,0.0,1.0,False
2026-05-17 21:18:31.100113,Rondo Polsadu,50.0879,19.9618,43,43,35,35,0,1.0,0.0,1.0,False
2026-05-17 21:18:31.100113,Wielicka / Powstańców Wielkopolskich,50.0335,19.9621,49,49,88,88,0,1.0,0.0,1.0,False
2026-05-17 21:18:31.100113,Węzeł Balice / A4,50.0878,19.7937,40,40,114,114,0,1.0,0.0,1.0,False
2026-05-17 21:18:31.100113,Węzeł Tyniec / A4,50.0196,19.8078,45,45,605,605,0,1.0,0.0,1.0,False
2026-05-17 21:18:31.100113,Węzeł Wielicka / A4,50.0034,20.0065,48,48,133,133,0,1.0,0.0,1.0,False
2026-05-17 21:18:31.100113,Węzeł Łagiewniki,50.0136,19.9325,29,29,327,327,0,1.0,0.0,1.0,False
2026-05-17 21:18:31.100113,Zakopiańska / Brożka,50.0227,19.9349,40,40,71,71,0,1.0,0.0,1.0,False
2026-05-17 21:18:31.100113,Łagiewniki,50.0202,19.9378,60,60,203,203,0,1.0,0.0,1.0,False
2026-05-17 21:24:01.521162,Aleja 29 Listopada / Dobrego Pasterza,50.0953,19.9746,41,41,92,92,0,1.0,0.0,1.0,False
2026-05-17 21:24:01.521162,Aleja 29 Listopada / Opolska,50.0861,19.952,56,56,284,284,0,1.0,0.0,1.0,False
2026-05-17 21:24:01.521162,Aleja Pokoju / Centralna,50.0667,20.0028,49,49,39,39,0,1.0,0.0,1.0,False
2026-05-17 21:24:01.521162,Aleja Powstania Warszawskiego,50.0647,19.9608,31,31,49,49,0,1.0,0.0,1.0,False
2026-05-17 21:24:01.521162,Aleja Słowackiego / Łobzowska,50.0692,19.9302,27,27,270,270,0,1.0,0.0,1.0,False
2026-05-17 21:24:01.521162,Aleje Trzech Wieszczów - AGH,50.0674,19.9209,21,21,84,84,0,1.0,0.0,1.0,False
2026-05-17 21:24:01.521162,Armii Krajowej / Zarzecze,50.0738,19.8985,25,25,137,137,0,1.0,0.0,1.0,False
2026-05-17 21:24:01.521162,Bieżanowska / Wielicka,50.0207,19.982,24,24,113,113,0,1.0,0.0,1.0,False
2026-05-17 21:24:01.521162,Bonarka / Kamieńskiego,50.0298,19.9513,34,34,15,15,0,1.0,0.0,1.0,False
2026-05-17 21:24:01.521162,Bronowice SKA,50.0814,19.8994,112,112,498,498,0,1.0,0.0,1.0,False
2026-05-17 21:24:01.521162,Cracovia / Aleja Mickiewicza,50.0595,19.9235,34,34,221,221,0,1.0,0.0,1.0,False
2026-05-17 21:24:01.521162,Czarnowiejska / Armii Krajowej,50.069,19.9075,36,36,73,73,0,1.0,0.0,1.0,False
2026-05-17 21:24:01.521162,Dworzec Główny Tunel,50.0686,19.9477,39,39,124,124,0,1.0,0.0,1.0,False
2026-05-17 21:24:01.521162,Estakada Obrońców Lwowa,50.0396,19.9627,35,49,123,88,35,0.7142857142857143,28.57,1.0,False
2026-05-17 21:24:01.521162,Galeria Krakowska / Pawia,50.0669,19.9457,49,49,121,121,0,1.0,0.0,1.0,False
2026-05-17 21:24:01.521162,Grzegórzecka,50.0578,19.9564,29,29,47,47,0,1.0,0.0,1.0,False
2026-05-17 21:24:01.521162,Kalwaryjska,50.0412,19.9443,25,25,115,115,0,1.0,0.0,1.0,False
2026-05-17 21:24:01.521162,Lubomirskiego,50.0676,19.9536,16,16,95,95,0,1.0,0.0,1.0,False
2026-05-17 21:24:01.521162,M1 / Aleja Pokoju,50.0661,20.0149,28,28,120,120,0,1.0,0.0,1.0,False
2026-05-17 21:24:01.521162,Most Dębnicki,50.053,19.9278,28,28,177,177,0,1.0,0.0,1.0,False
2026-05-17 21:24:01.521162,Nowohucka / Klimeckiego,50.0503,19.9765,29,29,230,230,0,1.0,0.0,1.0,False
2026-05-17 21:24:01.521162,Nowy Kleparz,50.0731,19.9352,13,25,86,45,41,0.52,48.0,0.9,False
2026-05-17 21:24:01.521162,Opolska Estakada,50.0857,19.9536,34,34,50,50,0,1.0,0.0,1.0,False
2026-05-17 21:24:01.521162,Plac Centralny,50.072,20.0372,21,21,69,69,0,1.0,0.0,1.0,False
2026-05-17 21:24:01.521162,Plac Inwalidów,50.0671,19.9269,16,16,128,128,0,1.0,0.0,1.0,False
2026-05-17 21:24:01.521162,Prokocim Szpital,50.0117,20.0005,35,44,79,63,16,0.7954545454545454,20.45,1.0,False
2026-05-17 21:24:01.521162,Rondo Barei,50.0911,19.9742,38,38,40,40,0,1.0,0.0,1.0,False
2026-05-17 21:24:01.521162,Rondo Czyżyńskie,50.0729,20.0167,38,38,10,10,0,1.0,0.0,1.0,False
2026-05-17 21:24:01.521162,Rondo Grunwaldzkie,50.0492,19.9317,17,17,24,24,0,1.0,0.0,1.0,False
2026-05-17 21:24:01.521162,Rondo Grzegórzeckie,50.0576,19.9609,30,30,50,50,0,1.0,0.0,1.0,False
2026-05-17 21:24:01.521162,Rondo Matecznego,50.0364,19.9406,25,25,7,7,0,1.0,0.0,1.0,False
2026-05-17 21:24:01.521162,Rondo Mogilskie,50.0672,19.9595,34,34,16,16,0,1.0,0.0,1.0,False
2026-05-17 21:24:01.521162,Rondo Ofiar Katynia,50.0879,19.8976,56,56,284,284,0,1.0,0.0,1.0,False
2026-05-17 21:24:01.521162,Rondo Polsadu,50.0879,19.9618,43,43,35,35,0,1.0,0.0,1.0,False
2026-05-17 21:24:01.521162,Wielicka / Powstańców Wielkopolskich,50.0335,19.9621,35,49,123,88,35,0.7142857142857143,28.57,1.0,False
2026-05-17 21:24:01.521162,Węzeł Balice / A4,50.0878,19.7937,40,40,114,114,0,1.0,0.0,1.0,False
2026-05-17 21:24:01.521162,Węzeł Tyniec / A4,50.0196,19.8078,45,45,605,605,0,1.0,0.0,1.0,False
2026-05-17 21:24:01.521162,Węzeł Wielicka / A4,50.0034,20.0065,48,48,133,133,0,1.0,0.0,1.0,False
2026-05-17 21:24:01.521162,Węzeł Łagiewniki,50.0136,19.9325,29,29,327,327,0,1.0,0.0,1.0,False
2026-05-17 21:24:01.521162,Zakopiańska / Brożka,50.0227,19.9349,40,40,71,71,0,1.0,0.0,1.0,False
2026-05-17 21:24:01.521162,Łagiewniki,50.0202,19.9378,60,60,203,203,0,1.0,0.0,1.0,False
2026-05-17 21:25:04.021392,Aleja 29 Listopada / Dobrego Pasterza,50.0953,19.9746,41,41,92,92,0,1.0,0.0,1.0,False
2026-05-17 21:25:04.021392,Aleja 29 Listopada / Opolska,50.0861,19.952,56,56,284,284,0,1.0,0.0,1.0,False
2026-05-17 21:25:04.021392,Aleja Pokoju / Centralna,50.0667,20.0028,49,49,39,39,0,1.0,0.0,1.0,False
2026-05-17 21:25:04.021392,Aleja Powstania Warszawskiego,50.0647,19.9608,31,31,49,49,0,1.0,0.0,1.0,False
2026-05-17 21:25:04.021392,Aleja Słowackiego / Łobzowska,50.0692,19.9302,27,27,270,270,0,1.0,0.0,1.0,False
2026-05-17 21:25:04.021392,Aleje Trzech Wieszczów - AGH,50.0674,19.9209,21,21,84,84,0,1.0,0.0,1.0,False
2026-05-17 21:25:04.021392,Armii Krajowej / Zarzecze,50.0738,19.8985,25,25,137,137,0,1.0,0.0,1.0,False
2026-05-17 21:25:04.021392,Bieżanowska / Wielicka,50.0207,19.982,24,24,113,113,0,1.0,0.0,1.0,False
2026-05-17 21:25:04.021392,Bonarka / Kamieńskiego,50.0298,19.9513,34,34,15,15,0,1.0,0.0,1.0,False
2026-05-17 21:25:04.021392,Bronowice SKA,50.0814,19.8994,112,112,498,498,0,1.0,0.0,1.0,False
2026-05-17 21:25:04.021392,Cracovia / Aleja Mickiewicza,50.0595,19.9235,34,34,221,221,0,1.0,0.0,1.0,False
2026-05-17 21:25:04.021392,Czarnowiejska / Armii Krajowej,50.069,19.9075,36,36,73,73,0,1.0,0.0,1.0,False
2026-05-17 21:25:04.021392,Dworzec Główny Tunel,50.0686,19.9477,39,39,124,124,0,1.0,0.0,1.0,False
2026-05-17 21:25:04.021392,Estakada Obrońców Lwowa,50.0396,19.9627,38,48,114,90,24,0.7916666666666666,20.83,1.0,False
2026-05-17 21:25:04.021392,Galeria Krakowska / Pawia,50.0669,19.9457,49,49,121,121,0,1.0,0.0,1.0,False
2026-05-17 21:25:04.021392,Grzegórzecka,50.0578,19.9564,29,29,47,47,0,1.0,0.0,1.0,False
2026-05-17 21:25:04.021392,Kalwaryjska,50.0412,19.9443,25,25,115,115,0,1.0,0.0,1.0,False
2026-05-17 21:25:04.021392,Lubomirskiego,50.0676,19.9536,16,16,95,95,0,1.0,0.0,1.0,False
2026-05-17 21:25:04.021392,M1 / Aleja Pokoju,50.0661,20.0149,28,28,120,120,0,1.0,0.0,1.0,False
2026-05-17 21:25:04.021392,Most Dębnicki,50.053,19.9278,28,28,177,177,0,1.0,0.0,1.0,False
2026-05-17 21:25:04.021392,Nowohucka / Klimeckiego,50.0503,19.9765,29,29,230,230,0,1.0,0.0,1.0,False
2026-05-17 21:25:04.021392,Nowy Kleparz,50.0731,19.9352,14,26,80,43,37,0.5384615384615384,46.15,0.9,False
2026-05-17 21:25:04.021392,Opolska Estakada,50.0857,19.9536,34,34,50,50,0,1.0,0.0,1.0,False
2026-05-17 21:25:04.021392,Plac Centralny,50.072,20.0372,21,21,69,69,0,1.0,0.0,1.0,False
2026-05-17 21:25:04.021392,Plac Inwalidów,50.0671,19.9269,16,16,128,128,0,1.0,0.0,1.0,False
2026-05-17 21:25:04.021392,Prokocim Szpital,50.0117,20.0005,35,45,79,61,18,0.7777777777777778,22.22,1.0,False
2026-05-17 21:25:04.021392,Rondo Barei,50.0911,19.9742,38,38,40,40,0,1.0,0.0,1.0,False
2026-05-17 21:25:04.021392,Rondo Czyżyńskie,50.0729,20.0167,38,38,10,10,0,1.0,0.0,1.0,False
2026-05-17 21:25:04.021392,Rondo Grunwaldzkie,50.0492,19.9317,17,17,24,24,0,1.0,0.0,1.0,False
2026-05-17 21:25:04.021392,Rondo Grzegórzeckie,50.0576,19.9609,30,30,50,50,0,1.0,0.0,1.0,False
2026-05-17 21:25:04.021392,Rondo Matecznego,50.0364,19.9406,25,25,7,7,0,1.0,0.0,1.0,False
2026-05-17 21:25:04.021392,Rondo Mogilskie,50.0672,19.9595,34,34,16,16,0,1.0,0.0,1.0,False
2026-05-17 21:25:04.021392,Rondo Ofiar Katynia,50.0879,19.8976,56,56,284,284,0,1.0,0.0,1.0,False
2026-05-17 21:25:04.021392,Rondo Polsadu,50.0879,19.9618,43,43,35,35,0,1.0,0.0,1.0,False
2026-05-17 21:25:04.021392,Wielicka / Powstańców Wielkopolskich,50.0335,19.9621,38,48,114,90,24,0.7916666666666666,20.83,1.0,False
2026-05-17 21:25:04.021392,Węzeł Balice / A4,50.0878,19.7937,40,40,114,114,0,1.0,0.0,1.0,False
2026-05-17 21:25:04.021392,Węzeł Tyniec / A4,50.0196,19.8078,45,45,605,605,0,1.0,0.0,1.0,False
2026-05-17 21:25:04.021392,Węzeł Wielicka / A4,50.0034,20.0065,48,48,133,133,0,1.0,0.0,1.0,False
2026-05-17 21:25:04.021392,Węzeł Łagiewniki,50.0136,19.9325,29,29,327,327,0,1.0,0.0,1.0,False
2026-05-17 21:25:04.021392,Zakopiańska / Brożka,50.0227,19.9349,40,40,71,71,0,1.0,0.0,1.0,False
2026-05-17 21:25:04.021392,Łagiewniki,50.0202,19.9378,60,60,203,203,0,1.0,0.0,1.0,False
2026-05-17 21:26:06.516634,Aleja 29 Listopada / Dobrego Pasterza,50.0953,19.9746,41,41,92,92,0,1.0,0.0,1.0,False
2026-05-17 21:26:06.516634,Aleja 29 Listopada / Opolska,50.0861,19.952,56,56,284,284,0,1.0,0.0,1.0,False
2026-05-17 21:26:06.516634,Aleja Pokoju / Centralna,50.0667,20.0028,49,49,39,39,0,1.0,0.0,1.0,False
2026-05-17 21:26:06.516634,Aleja Powstania Warszawskiego,50.0647,19.9608,31,31,49,49,0,1.0,0.0,1.0,False
2026-05-17 21:26:06.516634,Aleja Słowackiego / Łobzowska,50.0692,19.9302,27,27,270,270,0,1.0,0.0,1.0,False
2026-05-17 21:26:06.516634,Aleje Trzech Wieszczów - AGH,50.0674,19.9209,21,21,84,84,0,1.0,0.0,1.0,False
2026-05-17 21:26:06.516634,Armii Krajowej / Zarzecze,50.0738,19.8985,25,25,137,137,0,1.0,0.0,1.0,False
2026-05-17 21:26:06.516634,Bieżanowska / Wielicka,50.0207,19.982,24,24,113,113,0,1.0,0.0,1.0,False
2026-05-17 21:26:06.516634,Bonarka / Kamieńskiego,50.0298,19.9513,34,34,15,15,0,1.0,0.0,1.0,False
2026-05-17 21:26:06.516634,Bronowice SKA,50.0814,19.8994,112,112,498,498,0,1.0,0.0,1.0,False
2026-05-17 21:26:06.516634,Cracovia / Aleja Mickiewicza,50.0595,19.9235,34,34,221,221,0,1.0,0.0,1.0,False
2026-05-17 21:26:06.516634,Czarnowiejska / Armii Krajowej,50.069,19.9075,36,36,73,73,0,1.0,0.0,1.0,False
2026-05-17 21:26:06.516634,Dworzec Główny Tunel,50.0686,19.9477,39,39,124,124,0,1.0,0.0,1.0,False
2026-05-17 21:26:06.516634,Estakada Obrońców Lwowa,50.0396,19.9627,49,49,88,88,0,1.0,0.0,1.0,False
2026-05-17 21:26:06.516634,Galeria Krakowska / Pawia,50.0669,19.9457,49,49,121,121,0,1.0,0.0,1.0,False
2026-05-17 21:26:06.516634,Grzegórzecka,50.0578,19.9564,29,29,47,47,0,1.0,0.0,1.0,False
2026-05-17 21:26:06.516634,Kalwaryjska,50.0412,19.9443,25,25,115,115,0,1.0,0.0,1.0,False
2026-05-17 21:26:06.516634,Lubomirskiego,50.0676,19.9536,16,16,95,95,0,1.0,0.0,1.0,False
2026-05-17 21:26:06.516634,M1 / Aleja Pokoju,50.0661,20.0149,28,28,120,120,0,1.0,0.0,1.0,False
2026-05-17 21:26:06.516634,Most Dębnicki,50.053,19.9278,28,28,177,177,0,1.0,0.0,1.0,False
2026-05-17 21:26:06.516634,Nowohucka / Klimeckiego,50.0503,19.9765,29,29,230,230,0,1.0,0.0,1.0,False
2026-05-17 21:26:06.516634,Nowy Kleparz,50.0731,19.9352,14,25,80,45,35,0.56,44.0,0.9,False
2026-05-17 21:26:06.516634,Opolska Estakada,50.0857,19.9536,34,34,50,50,0,1.0,0.0,1.0,False
2026-05-17 21:26:06.516634,Plac Centralny,50.072,20.0372,21,21,69,69,0,1.0,0.0,1.0,False
2026-05-17 21:26:06.516634,Plac Inwalidów,50.0671,19.9269,16,16,128,128,0,1.0,0.0,1.0,False
2026-05-17 21:26:06.516634,Prokocim Szpital,50.0117,20.0005,34,44,81,63,18,0.7727272727272727,22.73,1.0,False
2026-05-17 21:26:06.516634,Rondo Barei,50.0911,19.9742,38,38,40,40,0,1.0,0.0,1.0,False
2026-05-17 21:26:06.516634,Rondo Czyżyńskie,50.0729,20.0167,38,38,10,10,0,1.0,0.0,1.0,False
2026-05-17 21:26:06.516634,Rondo Grunwaldzkie,50.0492,19.9317,17,17,24,24,0,1.0,0.0,1.0,False
2026-05-17 21:26:06.516634,Rondo Grzegórzeckie,50.0576,19.9609,30,30,50,50,0,1.0,0.0,1.0,False
2026-05-17 21:26:06.516634,Rondo Matecznego,50.0364,19.9406,25,25,7,7,0,1.0,0.0,1.0,False
2026-05-17 21:26:06.516634,Rondo Mogilskie,50.0672,19.9595,34,34,16,16,0,1.0,0.0,1.0,False
2026-05-17 21:26:06.516634,Rondo Ofiar Katynia,50.0879,19.8976,56,56,284,284,0,1.0,0.0,1.0,False
2026-05-17 21:26:06.516634,Rondo Polsadu,50.0879,19.9618,43,43,35,35,0,1.0,0.0,1.0,False
2026-05-17 21:26:06.516634,Wielicka / Powstańców Wielkopolskich,50.0335,19.9621,49,49,88,88,0,1.0,0.0,1.0,False
2026-05-17 21:26:06.516634,Węzeł Balice / A4,50.0878,19.7937,40,40,114,114,0,1.0,0.0,1.0,False
2026-05-17 21:26:06.516634,Węzeł Tyniec / A4,50.0196,19.8078,45,45,605,605,0,1.0,0.0,1.0,False
2026-05-17 21:26:06.516634,Węzeł Wielicka / A4,50.0034,20.0065,48,48,133,133,0,1.0,0.0,1.0,False
2026-05-17 21:26:06.516634,Węzeł Łagiewniki,50.0136,19.9325,29,29,327,327,0,1.0,0.0,1.0,False
2026-05-17 21:26:06.516634,Zakopiańska / Brożka,50.0227,19.9349,40,40,71,71,0,1.0,0.0,1.0,False
2026-05-17 21:26:06.516634,Łagiewniki,50.0202,19.9378,60,60,203,203,0,1.0,0.0,1.0,False
2026-05-17 21:27:08.775844,Aleja 29 Listopada / Dobrego Pasterza,50.0953,19.9746,41,41,92,92,0,1.0,0.0,1.0,False
2026-05-17 21:27:08.775844,Aleja 29 Listopada / Opolska,50.0861,19.952,56,56,284,284,0,1.0,0.0,1.0,False
2026-05-17 21:27:08.775844,Aleja Pokoju / Centralna,50.0667,20.0028,49,49,39,39,0,1.0,0.0,1.0,False
2026-05-17 21:27:08.775844,Aleja Powstania Warszawskiego,50.0647,19.9608,31,31,49,49,0,1.0,0.0,1.0,False
2026-05-17 21:27:08.775844,Aleja Słowackiego / Łobzowska,50.0692,19.9302,27,27,270,270,0,1.0,0.0,1.0,False
2026-05-17 21:27:08.775844,Aleje Trzech Wieszczów - AGH,50.0674,19.9209,21,21,84,84,0,1.0,0.0,1.0,False
2026-05-17 21:27:08.775844,Armii Krajowej / Zarzecze,50.0738,19.8985,25,25,137,137,0,1.0,0.0,1.0,False
2026-05-17 21:27:08.775844,Bieżanowska / Wielicka,50.0207,19.982,24,24,113,113,0,1.0,0.0,1.0,False
2026-05-17 21:27:08.775844,Bonarka / Kamieńskiego,50.0298,19.9513,34,34,15,15,0,1.0,0.0,1.0,False
2026-05-17 21:27:08.775844,Bronowice SKA,50.0814,19.8994,112,112,498,498,0,1.0,0.0,1.0,False
2026-05-17 21:27:08.775844,Cracovia / Aleja Mickiewicza,50.0595,19.9235,34,34,221,221,0,1.0,0.0,1.0,False
2026-05-17 21:27:08.775844,Czarnowiejska / Armii Krajowej,50.069,19.9075,36,36,73,73,0,1.0,0.0,1.0,False
2026-05-17 21:27:08.775844,Dworzec Główny Tunel,50.0686,19.9477,39,39,124,124,0,1.0,0.0,1.0,False
2026-05-17 21:27:08.775844,Estakada Obrońców Lwowa,50.0396,19.9627,49,49,88,88,0,1.0,0.0,1.0,False
2026-05-17 21:27:08.775844,Galeria Krakowska / Pawia,50.0669,19.9457,49,49,121,121,0,1.0,0.0,1.0,False
2026-05-17 21:27:08.775844,Grzegórzecka,50.0578,19.9564,29,29,47,47,0,1.0,0.0,1.0,False
2026-05-17 21:27:08.775844,Kalwaryjska,50.0412,19.9443,25,25,115,115,0,1.0,0.0,1.0,False
2026-05-17 21:27:08.775844,Lubomirskiego,50.0676,19.9536,16,16,95,95,0,1.0,0.0,1.0,False
2026-05-17 21:27:08.775844,M1 / Aleja Pokoju,50.0661,20.0149,28,28,120,120,0,1.0,0.0,1.0,False
2026-05-17 21:27:08.775844,Most Dębnicki,50.053,19.9278,28,28,177,177,0,1.0,0.0,1.0,False
2026-05-17 21:27:08.775844,Nowohucka / Klimeckiego,50.0503,19.9765,29,29,230,230,0,1.0,0.0,1.0,False
2026-05-17 21:27:08.775844,Nowy Kleparz,50.0731,19.9352,15,26,75,43,32,0.5769230769230769,42.31,0.89,False
2026-05-17 21:27:08.775844,Opolska Estakada,50.0857,19.9536,34,34,50,50,0,1.0,0.0,1.0,False
2026-05-17 21:27:08.775844,Plac Centralny,50.072,20.0372,21,21,69,69,0,1.0,0.0,1.0,False
2026-05-17 21:27:08.775844,Plac Inwalidów,50.0671,19.9269,16,16,128,128,0,1.0,0.0,1.0,False
2026-05-17 21:27:08.775844,Prokocim Szpital,50.0117,20.0005,33,45,84,61,23,0.7333333333333333,26.67,1.0,False
2026-05-17 21:27:08.775844,Rondo Barei,50.0911,19.9742,38,38,40,40,0,1.0,0.0,1.0,False
2026-05-17 21:27:08.775844,Rondo Czyżyńskie,50.0729,20.0167,38,38,10,10,0,1.0,0.0,1.0,False
2026-05-17 21:27:08.775844,Rondo Grunwaldzkie,50.0492,19.9317,17,17,24,24,0,1.0,0.0,1.0,False
2026-05-17 21:27:08.775844,Rondo Grzegórzeckie,50.0576,19.9609,30,30,50,50,0,1.0,0.0,1.0,False
2026-05-17 21:27:08.775844,Rondo Matecznego,50.0364,19.9406,25,25,7,7,0,1.0,0.0,1.0,False
2026-05-17 21:27:08.775844,Rondo Mogilskie,50.0672,19.9595,34,34,16,16,0,1.0,0.0,1.0,False
2026-05-17 21:27:08.775844,Rondo Ofiar Katynia,50.0879,19.8976,56,56,284,284,0,1.0,0.0,1.0,False
2026-05-17 21:27:08.775844,Rondo Polsadu,50.0879,19.9618,43,43,35,35,0,1.0,0.0,1.0,False
2026-05-17 21:27:08.775844,Wielicka / Powstańców Wielkopolskich,50.0335,19.9621,49,49,88,88,0,1.0,0.0,1.0,False
2026-05-17 21:27:08.775844,Węzeł Balice / A4,50.0878,19.7937,40,40,114,114,0,1.0,0.0,1.0,False
2026-05-17 21:27:08.775844,Węzeł Tyniec / A4,50.0196,19.8078,45,45,605,605,0,1.0,0.0,1.0,False
2026-05-17 21:27:08.775844,Węzeł Wielicka / A4,50.0034,20.0065,48,48,133,133,0,1.0,0.0,1.0,False
2026-05-17 21:27:08.775844,Węzeł Łagiewniki,50.0136,19.9325,29,29,327,327,0,1.0,0.0,1.0,False
2026-05-17 21:27:08.775844,Zakopiańska / Brożka,50.0227,19.9349,40,40,71,71,0,1.0,0.0,1.0,False
2026-05-17 21:27:08.775844,Łagiewniki,50.0202,19.9378,60,60,203,203,0,1.0,0.0,1.0,False
2026-05-17 21:28:11.094632,Aleja 29 Listopada / Dobrego Pasterza,50.0953,19.9746,41,41,92,92,0,1.0,0.0,1.0,False
2026-05-17 21:28:11.094632,Aleja 29 Listopada / Opolska,50.0861,19.952,56,56,284,284,0,1.0,0.0,1.0,False
2026-05-17 21:28:11.094632,Aleja Pokoju / Centralna,50.0667,20.0028,49,49,39,39,0,1.0,0.0,1.0,False
2026-05-17 21:28:11.094632,Aleja Powstania Warszawskiego,50.0647,19.9608,31,31,49,49,0,1.0,0.0,1.0,False
2026-05-17 21:28:11.094632,Aleja Słowackiego / Łobzowska,50.0692,19.9302,27,27,270,270,0,1.0,0.0,1.0,False
2026-05-17 21:28:11.094632,Aleje Trzech Wieszczów - AGH,50.0674,19.9209,21,21,84,84,0,1.0,0.0,1.0,False
2026-05-17 21:28:11.094632,Armii Krajowej / Zarzecze,50.0738,19.8985,25,25,137,137,0,1.0,0.0,1.0,False
2026-05-17 21:28:11.094632,Bieżanowska / Wielicka,50.0207,19.982,24,24,113,113,0,1.0,0.0,1.0,False
2026-05-17 21:28:11.094632,Bonarka / Kamieńskiego,50.0298,19.9513,34,34,15,15,0,1.0,0.0,1.0,False
2026-05-17 21:28:11.094632,Bronowice SKA,50.0814,19.8994,112,112,498,498,0,1.0,0.0,1.0,False
2026-05-17 21:28:11.094632,Cracovia / Aleja Mickiewicza,50.0595,19.9235,34,34,221,221,0,1.0,0.0,1.0,False
2026-05-17 21:28:11.094632,Czarnowiejska / Armii Krajowej,50.069,19.9075,36,36,73,73,0,1.0,0.0,1.0,False
2026-05-17 21:28:11.094632,Dworzec Główny Tunel,50.0686,19.9477,39,39,124,124,0,1.0,0.0,1.0,False
2026-05-17 21:28:11.094632,Estakada Obrońców Lwowa,50.0396,19.9627,49,49,88,88,0,1.0,0.0,1.0,False
2026-05-17 21:28:11.094632,Galeria Krakowska / Pawia,50.0669,19.9457,49,49,121,121,0,1.0,0.0,1.0,False
2026-05-17 21:28:11.094632,Grzegórzecka,50.0578,19.9564,29,29,47,47,0,1.0,0.0,1.0,False
2026-05-17 21:28:11.094632,Kalwaryjska,50.0412,19.9443,25,25,115,115,0,1.0,0.0,1.0,False
2026-05-17 21:28:11.094632,Lubomirskiego,50.0676,19.9536,16,16,95,95,0,1.0,0.0,1.0,False
2026-05-17 21:28:11.094632,M1 / Aleja Pokoju,50.0661,20.0149,28,28,120,120,0,1.0,0.0,1.0,False
2026-05-17 21:28:11.094632,Most Dębnicki,50.053,19.9278,28,28,177,177,0,1.0,0.0,1.0,False
2026-05-17 21:28:11.094632,Nowohucka / Klimeckiego,50.0503,19.9765,29,29,230,230,0,1.0,0.0,1.0,False
2026-05-17 21:28:11.094632,Nowy Kleparz,50.0731,19.9352,15,26,75,43,32,0.5769230769230769,42.31,0.9,False
2026-05-17 21:28:11.094632,Opolska Estakada,50.0857,19.9536,34,34,50,50,0,1.0,0.0,1.0,False
2026-05-17 21:28:11.094632,Plac Centralny,50.072,20.0372,21,21,69,69,0,1.0,0.0,1.0,False
2026-05-17 21:28:11.094632,Plac Inwalidów,50.0671,19.9269,16,16,128,128,0,1.0,0.0,1.0,False
2026-05-17 21:28:11.094632,Prokocim Szpital,50.0117,20.0005,35,45,79,61,18,0.7777777777777778,22.22,1.0,False
2026-05-17 21:28:11.094632,Rondo Barei,50.0911,19.9742,38,38,40,40,0,1.0,0.0,1.0,False
2026-05-17 21:28:11.094632,Rondo Czyżyńskie,50.0729,20.0167,38,38,10,10,0,1.0,0.0,1.0,False
2026-05-17 21:28:11.094632,Rondo Grunwaldzkie,50.0492,19.9317,17,17,24,24,0,1.0,0.0,1.0,False
2026-05-17 21:28:11.094632,Rondo Grzegórzeckie,50.0576,19.9609,30,30,50,50,0,1.0,0.0,1.0,False
2026-05-17 21:28:11.094632,Rondo Matecznego,50.0364,19.9406,25,25,7,7,0,1.0,0.0,1.0,False
2026-05-17 21:28:11.094632,Rondo Mogilskie,50.0672,19.9595,34,34,16,16,0,1.0,0.0,1.0,False
2026-05-17 21:28:11.094632,Rondo Ofiar Katynia,50.0879,19.8976,56,56,284,284,0,1.0,0.0,1.0,False
2026-05-17 21:28:11.094632,Rondo Polsadu,50.0879,19.9618,43,43,35,35,0,1.0,0.0,1.0,False
2026-05-17 21:28:11.094632,Wielicka / Powstańców Wielkopolskich,50.0335,19.9621,49,49,88,88,0,1.0,0.0,1.0,False
2026-05-17 21:28:11.094632,Węzeł Balice / A4,50.0878,19.7937,40,40,114,114,0,1.0,0.0,1.0,False
2026-05-17 21:28:11.094632,Węzeł Tyniec / A4,50.0196,19.8078,45,45,605,605,0,1.0,0.0,1.0,False
2026-05-17 21:28:11.094632,Węzeł Wielicka / A4,50.0034,20.0065,48,48,133,133,0,1.0,0.0,1.0,False
2026-05-17 21:28:11.094632,Węzeł Łagiewniki,50.0136,19.9325,29,29,327,327,0,1.0,0.0,1.0,False
2026-05-17 21:28:11.094632,Zakopiańska / Brożka,50.0227,19.9349,40,40,71,71,0,1.0,0.0,1.0,False
2026-05-17 21:28:11.094632,Łagiewniki,50.0202,19.9378,60,60,203,203,0,1.0,0.0,1.0,False
2026-05-17 21:29:13.472723,Aleja 29 Listopada / Dobrego Pasterza,50.0953,19.9746,41,41,92,92,0,1.0,0.0,1.0,False
2026-05-17 21:29:13.472723,Aleja 29 Listopada / Opolska,50.0861,19.952,56,56,284,284,0,1.0,0.0,1.0,False
2026-05-17 21:29:13.472723,Aleja Pokoju / Centralna,50.0667,20.0028,49,49,39,39,0,1.0,0.0,1.0,False
2026-05-17 21:29:13.472723,Aleja Powstania Warszawskiego,50.0647,19.9608,31,31,49,49,0,1.0,0.0,1.0,False
2026-05-17 21:29:13.472723,Aleja Słowackiego / Łobzowska,50.0692,19.9302,27,27,270,270,0,1.0,0.0,1.0,False
2026-05-17 21:29:13.472723,Aleje Trzech Wieszczów - AGH,50.0674,19.9209,21,21,84,84,0,1.0,0.0,1.0,False
2026-05-17 21:29:13.472723,Armii Krajowej / Zarzecze,50.0738,19.8985,25,25,137,137,0,1.0,0.0,1.0,False
2026-05-17 21:29:13.472723,Bieżanowska / Wielicka,50.0207,19.982,24,24,113,113,0,1.0,0.0,1.0,False
2026-05-17 21:29:13.472723,Bonarka / Kamieńskiego,50.0298,19.9513,34,34,15,15,0,1.0,0.0,1.0,False
2026-05-17 21:29:13.472723,Bronowice SKA,50.0814,19.8994,112,112,498,498,0,1.0,0.0,1.0,False
2026-05-17 21:29:13.472723,Cracovia / Aleja Mickiewicza,50.0595,19.9235,34,34,221,221,0,1.0,0.0,1.0,False
2026-05-17 21:29:13.472723,Czarnowiejska / Armii Krajowej,50.069,19.9075,36,36,73,73,0,1.0,0.0,1.0,False
2026-05-17 21:29:13.472723,Dworzec Główny Tunel,50.0686,19.9477,39,39,124,124,0,1.0,0.0,1.0,False
2026-05-17 21:29:13.472723,Estakada Obrońców Lwowa,50.0396,19.9627,49,49,88,88,0,1.0,0.0,1.0,False
2026-05-17 21:29:13.472723,Galeria Krakowska / Pawia,50.0669,19.9457,49,49,121,121,0,1.0,0.0,1.0,False
2026-05-17 21:29:13.472723,Grzegórzecka,50.0578,19.9564,29,29,47,47,0,1.0,0.0,1.0,False
2026-05-17 21:29:13.472723,Kalwaryjska,50.0412,19.9443,25,25,115,115,0,1.0,0.0,1.0,False
2026-05-17 21:29:13.472723,Lubomirskiego,50.0676,19.9536,16,16,95,95,0,1.0,0.0,1.0,False
2026-05-17 21:29:13.472723,M1 / Aleja Pokoju,50.0661,20.0149,28,28,120,120,0,1.0,0.0,1.0,False
2026-05-17 21:29:13.472723,Most Dębnicki,50.053,19.9278,28,28,177,177,0,1.0,0.0,1.0,False
2026-05-17 21:29:13.472723,Nowohucka / Klimeckiego,50.0503,19.9765,29,29,230,230,0,1.0,0.0,1.0,False
2026-05-17 21:29:13.472723,Nowy Kleparz,50.0731,19.9352,14,25,80,45,35,0.56,44.0,0.9,False
2026-05-17 21:29:13.472723,Opolska Estakada,50.0857,19.9536,34,34,50,50,0,1.0,0.0,1.0,False
2026-05-17 21:29:13.472723,Plac Centralny,50.072,20.0372,21,21,69,69,0,1.0,0.0,1.0,False
2026-05-17 21:29:13.472723,Plac Inwalidów,50.0671,19.9269,16,16,128,128,0,1.0,0.0,1.0,False
2026-05-17 21:29:13.472723,Prokocim Szpital,50.0117,20.0005,46,46,60,60,0,1.0,0.0,1.0,False
2026-05-17 21:29:13.472723,Rondo Barei,50.0911,19.9742,38,38,40,40,0,1.0,0.0,1.0,False
2026-05-17 21:29:13.472723,Rondo Czyżyńskie,50.0729,20.0167,38,38,10,10,0,1.0,0.0,1.0,False
2026-05-17 21:29:13.472723,Rondo Grunwaldzkie,50.0492,19.9317,17,17,24,24,0,1.0,0.0,1.0,False
2026-05-17 21:29:13.472723,Rondo Grzegórzeckie,50.0576,19.9609,30,30,50,50,0,1.0,0.0,1.0,False
2026-05-17 21:29:13.472723,Rondo Matecznego,50.0364,19.9406,25,25,7,7,0,1.0,0.0,1.0,False
2026-05-17 21:29:13.472723,Rondo Mogilskie,50.0672,19.9595,34,34,16,16,0,1.0,0.0,1.0,False
2026-05-17 21:29:13.472723,Rondo Ofiar Katynia,50.0879,19.8976,56,56,284,284,0,1.0,0.0,1.0,False
2026-05-17 21:29:13.472723,Rondo Polsadu,50.0879,19.9618,43,43,35,35,0,1.0,0.0,1.0,False
2026-05-17 21:29:13.472723,Wielicka / Powstańców Wielkopolskich,50.0335,19.9621,49,49,88,88,0,1.0,0.0,1.0,False
2026-05-17 21:29:13.472723,Węzeł Balice / A4,50.0878,19.7937,40,40,114,114,0,1.0,0.0,1.0,False
2026-05-17 21:29:13.472723,Węzeł Tyniec / A4,50.0196,19.8078,45,45,605,605,0,1.0,0.0,1.0,False
2026-05-17 21:29:13.472723,Węzeł Wielicka / A4,50.0034,20.0065,48,48,133,133,0,1.0,0.0,1.0,False
2026-05-17 21:29:13.472723,Węzeł Łagiewniki,50.0136,19.9325,29,29,327,327,0,1.0,0.0,1.0,False
2026-05-17 21:29:13.472723,Zakopiańska / Brożka,50.0227,19.9349,40,40,71,71,0,1.0,0.0,1.0,False
2026-05-17 21:29:13.472723,Łagiewniki,50.0202,19.9378,60,60,203,203,0,1.0,0.0,1.0,False
2026-05-17 21:30:15.872360,Aleja 29 Listopada / Dobrego Pasterza,50.0953,19.9746,41,41,92,92,0,1.0,0.0,1.0,False
2026-05-17 21:30:15.872360,Aleja 29 Listopada / Opolska,50.0861,19.952,56,56,284,284,0,1.0,0.0,1.0,False
2026-05-17 21:30:15.872360,Aleja Pokoju / Centralna,50.0667,20.0028,49,49,39,39,0,1.0,0.0,1.0,False
2026-05-17 21:30:15.872360,Aleja Powstania Warszawskiego,50.0647,19.9608,31,31,49,49,0,1.0,0.0,1.0,False
2026-05-17 21:30:15.872360,Aleja Słowackiego / Łobzowska,50.0692,19.9302,27,27,270,270,0,1.0,0.0,1.0,False
2026-05-17 21:30:15.872360,Aleje Trzech Wieszczów - AGH,50.0674,19.9209,21,21,84,84,0,1.0,0.0,1.0,False
2026-05-17 21:30:15.872360,Armii Krajowej / Zarzecze,50.0738,19.8985,25,25,137,137,0,1.0,0.0,1.0,False
2026-05-17 21:30:15.872360,Bieżanowska / Wielicka,50.0207,19.982,24,24,113,113,0,1.0,0.0,1.0,False
2026-05-17 21:30:15.872360,Bonarka / Kamieńskiego,50.0298,19.9513,34,34,15,15,0,1.0,0.0,1.0,False
2026-05-17 21:30:15.872360,Bronowice SKA,50.0814,19.8994,112,112,498,498,0,1.0,0.0,1.0,False
2026-05-17 21:30:15.872360,Cracovia / Aleja Mickiewicza,50.0595,19.9235,34,34,221,221,0,1.0,0.0,1.0,False
2026-05-17 21:30:15.872360,Czarnowiejska / Armii Krajowej,50.069,19.9075,36,36,73,73,0,1.0,0.0,1.0,False
2026-05-17 21:30:15.872360,Dworzec Główny Tunel,50.0686,19.9477,39,39,124,124,0,1.0,0.0,1.0,False
2026-05-17 21:30:15.872360,Estakada Obrońców Lwowa,50.0396,19.9627,49,49,88,88,0,1.0,0.0,1.0,False
2026-05-17 21:30:15.872360,Galeria Krakowska / Pawia,50.0669,19.9457,49,49,121,121,0,1.0,0.0,1.0,False
2026-05-17 21:30:15.872360,Grzegórzecka,50.0578,19.9564,29,29,47,47,0,1.0,0.0,1.0,False
2026-05-17 21:30:15.872360,Kalwaryjska,50.0412,19.9443,25,25,115,115,0,1.0,0.0,1.0,False
2026-05-17 21:30:15.872360,Lubomirskiego,50.0676,19.9536,16,16,95,95,0,1.0,0.0,1.0,False
2026-05-17 21:30:15.872360,M1 / Aleja Pokoju,50.0661,20.0149,28,28,120,120,0,1.0,0.0,1.0,False
2026-05-17 21:30:15.872360,Most Dębnicki,50.053,19.9278,28,28,177,177,0,1.0,0.0,1.0,False
2026-05-17 21:30:15.872360,Nowohucka / Klimeckiego,50.0503,19.9765,29,29,230,230,0,1.0,0.0,1.0,False
2026-05-17 21:30:15.872360,Nowy Kleparz,50.0731,19.9352,14,25,80,45,35,0.56,44.0,0.9,False
2026-05-17 21:30:15.872360,Opolska Estakada,50.0857,19.9536,34,34,50,50,0,1.0,0.0,1.0,False
2026-05-17 21:30:15.872360,Plac Centralny,50.072,20.0372,21,21,69,69,0,1.0,0.0,1.0,False
2026-05-17 21:30:15.872360,Plac Inwalidów,50.0671,19.9269,16,16,128,128,0,1.0,0.0,1.0,False
2026-05-17 21:30:15.872360,Prokocim Szpital,50.0117,20.0005,46,46,60,60,0,1.0,0.0,1.0,False
2026-05-17 21:30:15.872360,Rondo Barei,50.0911,19.9742,38,38,40,40,0,1.0,0.0,1.0,False
2026-05-17 21:30:15.872360,Rondo Czyżyńskie,50.0729,20.0167,38,38,10,10,0,1.0,0.0,1.0,False
2026-05-17 21:30:15.872360,Rondo Grunwaldzkie,50.0492,19.9317,17,17,24,24,0,1.0,0.0,1.0,False
2026-05-17 21:30:15.872360,Rondo Grzegórzeckie,50.0576,19.9609,30,30,50,50,0,1.0,0.0,1.0,False
2026-05-17 21:30:15.872360,Rondo Matecznego,50.0364,19.9406,25,25,7,7,0,1.0,0.0,1.0,False
2026-05-17 21:30:15.872360,Rondo Mogilskie,50.0672,19.9595,34,34,16,16,0,1.0,0.0,1.0,False
2026-05-17 21:30:15.872360,Rondo Ofiar Katynia,50.0879,19.8976,56,56,284,284,0,1.0,0.0,1.0,False
2026-05-17 21:30:15.872360,Rondo Polsadu,50.0879,19.9618,43,43,35,35,0,1.0,0.0,1.0,False
2026-05-17 21:30:15.872360,Wielicka / Powstańców Wielkopolskich,50.0335,19.9621,49,49,88,88,0,1.0,0.0,1.0,False
2026-05-17 21:30:15.872360,Węzeł Balice / A4,50.0878,19.7937,40,40,114,114,0,1.0,0.0,1.0,False
2026-05-17 21:30:15.872360,Węzeł Tyniec / A4,50.0196,19.8078,45,45,605,605,0,1.0,0.0,1.0,False
2026-05-17 21:30:15.872360,Węzeł Wielicka / A4,50.0034,20.0065,48,48,133,133,0,1.0,0.0,1.0,False
2026-05-17 21:30:15.872360,Węzeł Łagiewniki,50.0136,19.9325,29,29,327,327,0,1.0,0.0,1.0,False
2026-05-17 21:30:15.872360,Zakopiańska / Brożka,50.0227,19.9349,40,40,71,71,0,1.0,0.0,1.0,False
2026-05-17 21:30:15.872360,Łagiewniki,50.0202,19.9378,60,60,203,203,0,1.0,0.0,1.0,False
2026-05-17 21:31:18.448874,Aleja 29 Listopada / Dobrego Pasterza,50.0953,19.9746,41,41,92,92,0,1.0,0.0,1.0,False
2026-05-17 21:31:18.448874,Aleja 29 Listopada / Opolska,50.0861,19.952,56,56,284,284,0,1.0,0.0,1.0,False
2026-05-17 21:31:18.448874,Aleja Pokoju / Centralna,50.0667,20.0028,49,49,39,39,0,1.0,0.0,1.0,False
2026-05-17 21:31:18.448874,Aleja Powstania Warszawskiego,50.0647,19.9608,31,31,49,49,0,1.0,0.0,1.0,False
2026-05-17 21:31:18.448874,Aleja Słowackiego / Łobzowska,50.0692,19.9302,27,27,270,270,0,1.0,0.0,1.0,False
2026-05-17 21:31:18.448874,Aleje Trzech Wieszczów - AGH,50.0674,19.9209,21,21,84,84,0,1.0,0.0,1.0,False
2026-05-17 21:31:18.448874,Armii Krajowej / Zarzecze,50.0738,19.8985,25,25,137,137,0,1.0,0.0,1.0,False
2026-05-17 21:31:18.448874,Bieżanowska / Wielicka,50.0207,19.982,24,24,113,113,0,1.0,0.0,1.0,False
2026-05-17 21:31:18.448874,Bonarka / Kamieńskiego,50.0298,19.9513,34,34,15,15,0,1.0,0.0,1.0,False
2026-05-17 21:31:18.448874,Bronowice SKA,50.0814,19.8994,112,112,498,498,0,1.0,0.0,1.0,False
2026-05-17 21:31:18.448874,Cracovia / Aleja Mickiewicza,50.0595,19.9235,34,34,221,221,0,1.0,0.0,1.0,False
2026-05-17 21:31:18.448874,Czarnowiejska / Armii Krajowej,50.069,19.9075,36,36,73,73,0,1.0,0.0,1.0,False
2026-05-17 21:31:18.448874,Dworzec Główny Tunel,50.0686,19.9477,39,39,124,124,0,1.0,0.0,1.0,False
2026-05-17 21:31:18.448874,Estakada Obrońców Lwowa,50.0396,19.9627,49,49,88,88,0,1.0,0.0,1.0,False
2026-05-17 21:31:18.448874,Galeria Krakowska / Pawia,50.0669,19.9457,49,49,121,121,0,1.0,0.0,1.0,False
2026-05-17 21:31:18.448874,Grzegórzecka,50.0578,19.9564,29,29,47,47,0,1.0,0.0,1.0,False
2026-05-17 21:31:18.448874,Kalwaryjska,50.0412,19.9443,25,25,115,115,0,1.0,0.0,1.0,False
2026-05-17 21:31:18.448874,Lubomirskiego,50.0676,19.9536,16,16,95,95,0,1.0,0.0,1.0,False
2026-05-17 21:31:18.448874,M1 / Aleja Pokoju,50.0661,20.0149,28,28,120,120,0,1.0,0.0,1.0,False
2026-05-17 21:31:18.448874,Most Dębnicki,50.053,19.9278,28,28,177,177,0,1.0,0.0,1.0,False
2026-05-17 21:31:18.448874,Nowohucka / Klimeckiego,50.0503,19.9765,29,29,230,230,0,1.0,0.0,1.0,False
2026-05-17 21:31:18.448874,Nowy Kleparz,50.0731,19.9352,13,26,86,43,43,0.5,50.0,0.9,False
2026-05-17 21:31:18.448874,Opolska Estakada,50.0857,19.9536,34,34,50,50,0,1.0,0.0,1.0,False
2026-05-17 21:31:18.448874,Plac Centralny,50.072,20.0372,21,21,69,69,0,1.0,0.0,1.0,False
2026-05-17 21:31:18.448874,Plac Inwalidów,50.0671,19.9269,16,16,128,128,0,1.0,0.0,1.0,False
2026-05-17 21:31:18.448874,Prokocim Szpital,50.0117,20.0005,46,46,60,60,0,1.0,0.0,1.0,False
2026-05-17 21:31:18.448874,Rondo Barei,50.0911,19.9742,38,38,40,40,0,1.0,0.0,1.0,False
2026-05-17 21:31:18.448874,Rondo Czyżyńskie,50.0729,20.0167,38,38,10,10,0,1.0,0.0,1.0,False
2026-05-17 21:31:18.448874,Rondo Grunwaldzkie,50.0492,19.9317,17,17,24,24,0,1.0,0.0,1.0,False
2026-05-17 21:31:18.448874,Rondo Grzegórzeckie,50.0576,19.9609,24,30,62,50,12,0.8,20.0,1.0,False
2026-05-17 21:31:18.448874,Rondo Matecznego,50.0364,19.9406,25,25,7,7,0,1.0,0.0,1.0,False
2026-05-17 21:31:18.448874,Rondo Mogilskie,50.0672,19.9595,34,34,16,16,0,1.0,0.0,1.0,False
2026-05-17 21:31:18.448874,Rondo Ofiar Katynia,50.0879,19.8976,56,56,284,284,0,1.0,0.0,1.0,False
2026-05-17 21:31:18.448874,Rondo Polsadu,50.0879,19.9618,43,43,35,35,0,1.0,0.0,1.0,False
2026-05-17 21:31:18.448874,Wielicka / Powstańców Wielkopolskich,50.0335,19.9621,49,49,88,88,0,1.0,0.0,1.0,False
2026-05-17 21:31:18.448874,Węzeł Balice / A4,50.0878,19.7937,40,40,114,114,0,1.0,0.0,1.0,False
2026-05-17 21:31:18.448874,Węzeł Tyniec / A4,50.0196,19.8078,45,45,605,605,0,1.0,0.0,1.0,False
2026-05-17 21:31:18.448874,Węzeł Wielicka / A4,50.0034,20.0065,48,48,133,133,0,1.0,0.0,1.0,False
2026-05-17 21:31:18.448874,Węzeł Łagiewniki,50.0136,19.9325,29,29,327,327,0,1.0,0.0,1.0,False
2026-05-17 21:31:18.448874,Zakopiańska / Brożka,50.0227,19.9349,40,40,71,71,0,1.0,0.0,1.0,False
2026-05-17 21:31:18.448874,Łagiewniki,50.0202,19.9378,60,60,203,203,0,1.0,0.0,1.0,False
2026-05-17 21:32:20.823030,Aleja 29 Listopada / Dobrego Pasterza,50.0953,19.9746,41,41,92,92,0,1.0,0.0,1.0,False
2026-05-17 21:32:20.823030,Aleja 29 Listopada / Opolska,50.0861,19.952,56,56,284,284,0,1.0,0.0,1.0,False
2026-05-17 21:32:20.823030,Aleja Pokoju / Centralna,50.0667,20.0028,49,49,39,39,0,1.0,0.0,1.0,False
2026-05-17 21:32:20.823030,Aleja Powstania Warszawskiego,50.0647,19.9608,31,31,49,49,0,1.0,0.0,1.0,False
2026-05-17 21:32:20.823030,Aleja Słowackiego / Łobzowska,50.0692,19.9302,27,27,270,270,0,1.0,0.0,1.0,False
2026-05-17 21:32:20.823030,Aleje Trzech Wieszczów - AGH,50.0674,19.9209,21,21,84,84,0,1.0,0.0,1.0,False
2026-05-17 21:32:20.823030,Armii Krajowej / Zarzecze,50.0738,19.8985,25,25,137,137,0,1.0,0.0,1.0,False
2026-05-17 21:32:20.823030,Bieżanowska / Wielicka,50.0207,19.982,24,24,113,113,0,1.0,0.0,1.0,False
2026-05-17 21:32:20.823030,Bonarka / Kamieńskiego,50.0298,19.9513,34,34,15,15,0,1.0,0.0,1.0,False
2026-05-17 21:32:20.823030,Bronowice SKA,50.0814,19.8994,112,112,498,498,0,1.0,0.0,1.0,False
2026-05-17 21:32:20.823030,Cracovia / Aleja Mickiewicza,50.0595,19.9235,34,34,221,221,0,1.0,0.0,1.0,False
2026-05-17 21:32:20.823030,Czarnowiejska / Armii Krajowej,50.069,19.9075,36,36,73,73,0,1.0,0.0,1.0,False
2026-05-17 21:32:20.823030,Dworzec Główny Tunel,50.0686,19.9477,39,39,124,124,0,1.0,0.0,1.0,False
2026-05-17 21:32:20.823030,Estakada Obrońców Lwowa,50.0396,19.9627,49,49,88,88,0,1.0,0.0,1.0,False
2026-05-17 21:32:20.823030,Galeria Krakowska / Pawia,50.0669,19.9457,49,49,121,121,0,1.0,0.0,1.0,False
2026-05-17 21:32:20.823030,Grzegórzecka,50.0578,19.9564,29,29,47,47,0,1.0,0.0,1.0,False
2026-05-17 21:32:20.823030,Kalwaryjska,50.0412,19.9443,25,25,115,115,0,1.0,0.0,1.0,False
2026-05-17 21:32:20.823030,Lubomirskiego,50.0676,19.9536,16,16,95,95,0,1.0,0.0,1.0,False
2026-05-17 21:32:20.823030,M1 / Aleja Pokoju,50.0661,20.0149,28,28,120,120,0,1.0,0.0,1.0,False
2026-05-17 21:32:20.823030,Most Dębnicki,50.053,19.9278,28,28,177,177,0,1.0,0.0,1.0,False
2026-05-17 21:32:20.823030,Nowohucka / Klimeckiego,50.0503,19.9765,29,29,230,230,0,1.0,0.0,1.0,False
2026-05-17 21:32:20.823030,Nowy Kleparz,50.0731,19.9352,14,26,80,43,37,0.5384615384615384,46.15,0.9,False
2026-05-17 21:32:20.823030,Opolska Estakada,50.0857,19.9536,34,34,50,50,0,1.0,0.0,1.0,False
2026-05-17 21:32:20.823030,Plac Centralny,50.072,20.0372,21,21,69,69,0,1.0,0.0,1.0,False
2026-05-17 21:32:20.823030,Plac Inwalidów,50.0671,19.9269,16,16,128,128,0,1.0,0.0,1.0,False
2026-05-17 21:32:20.823030,Prokocim Szpital,50.0117,20.0005,46,46,60,60,0,1.0,0.0,1.0,False
2026-05-17 21:32:20.823030,Rondo Barei,50.0911,19.9742,38,38,40,40,0,1.0,0.0,1.0,False
2026-05-17 21:32:20.823030,Rondo Czyżyńskie,50.0729,20.0167,38,38,10,10,0,1.0,0.0,1.0,False
2026-05-17 21:32:20.823030,Rondo Grunwaldzkie,50.0492,19.9317,17,17,24,24,0,1.0,0.0,1.0,False
2026-05-17 21:32:20.823030,Rondo Grzegórzeckie,50.0576,19.9609,30,30,50,50,0,1.0,0.0,1.0,False
2026-05-17 21:32:20.823030,Rondo Matecznego,50.0364,19.9406,25,25,7,7,0,1.0,0.0,1.0,False
2026-05-17 21:32:20.823030,Rondo Mogilskie,50.0672,19.9595,34,34,16,16,0,1.0,0.0,1.0,False
2026-05-17 21:32:20.823030,Rondo Ofiar Katynia,50.0879,19.8976,56,56,284,284,0,1.0,0.0,1.0,False
2026-05-17 21:32:20.823030,Rondo Polsadu,50.0879,19.9618,43,43,35,35,0,1.0,0.0,1.0,False
2026-05-17 21:32:20.823030,Wielicka / Powstańców Wielkopolskich,50.0335,19.9621,49,49,88,88,0,1.0,0.0,1.0,False
2026-05-17 21:32:20.823030,Węzeł Balice / A4,50.0878,19.7937,40,40,114,114,0,1.0,0.0,1.0,False
2026-05-17 21:32:20.823030,Węzeł Tyniec / A4,50.0196,19.8078,45,45,605,605,0,1.0,0.0,1.0,False
2026-05-17 21:32:20.823030,Węzeł Wielicka / A4,50.0034,20.0065,48,48,133,133,0,1.0,0.0,1.0,False
2026-05-17 21:32:20.823030,Węzeł Łagiewniki,50.0136,19.9325,29,29,327,327,0,1.0,0.0,1.0,False
2026-05-17 21:32:20.823030,Zakopiańska / Brożka,50.0227,19.9349,40,40,71,71,0,1.0,0.0,1.0,False
2026-05-17 21:32:20.823030,Łagiewniki,50.0202,19.9378,60,60,203,203,0,1.0,0.0,1.0,False
2026-05-17 21:33:23.142992,Aleja 29 Listopada / Dobrego Pasterza,50.0953,19.9746,41,41,92,92,0,1.0,0.0,1.0,False
2026-05-17 21:33:23.142992,Aleja 29 Listopada / Opolska,50.0861,19.952,56,56,284,284,0,1.0,0.0,1.0,False
2026-05-17 21:33:23.142992,Aleja Pokoju / Centralna,50.0667,20.0028,49,49,39,39,0,1.0,0.0,1.0,False
2026-05-17 21:33:23.142992,Aleja Powstania Warszawskiego,50.0647,19.9608,31,31,49,49,0,1.0,0.0,1.0,False
2026-05-17 21:33:23.142992,Aleja Słowackiego / Łobzowska,50.0692,19.9302,27,27,270,270,0,1.0,0.0,1.0,False
2026-05-17 21:33:23.142992,Aleje Trzech Wieszczów - AGH,50.0674,19.9209,21,21,84,84,0,1.0,0.0,1.0,False
2026-05-17 21:33:23.142992,Armii Krajowej / Zarzecze,50.0738,19.8985,19,24,180,142,38,0.7916666666666666,20.83,0.57,False
2026-05-17 21:33:23.142992,Bieżanowska / Wielicka,50.0207,19.982,24,24,113,113,0,1.0,0.0,1.0,False
2026-05-17 21:33:23.142992,Bonarka / Kamieńskiego,50.0298,19.9513,34,34,15,15,0,1.0,0.0,1.0,False
2026-05-17 21:33:23.142992,Bronowice SKA,50.0814,19.8994,112,112,498,498,0,1.0,0.0,1.0,False
2026-05-17 21:33:23.142992,Cracovia / Aleja Mickiewicza,50.0595,19.9235,34,34,221,221,0,1.0,0.0,1.0,False
2026-05-17 21:33:23.142992,Czarnowiejska / Armii Krajowej,50.069,19.9075,36,36,73,73,0,1.0,0.0,1.0,False
2026-05-17 21:33:23.142992,Dworzec Główny Tunel,50.0686,19.9477,39,39,124,124,0,1.0,0.0,1.0,False
2026-05-17 21:33:23.142992,Estakada Obrońców Lwowa,50.0396,19.9627,49,49,88,88,0,1.0,0.0,1.0,False
2026-05-17 21:33:23.142992,Galeria Krakowska / Pawia,50.0669,19.9457,49,49,121,121,0,1.0,0.0,1.0,False
2026-05-17 21:33:23.142992,Grzegórzecka,50.0578,19.9564,29,29,47,47,0,1.0,0.0,1.0,False
2026-05-17 21:33:23.142992,Kalwaryjska,50.0412,19.9443,25,25,115,115,0,1.0,0.0,1.0,False
2026-05-17 21:33:23.142992,Lubomirskiego,50.0676,19.9536,16,16,95,95,0,1.0,0.0,1.0,False
2026-05-17 21:33:23.142992,M1 / Aleja Pokoju,50.0661,20.0149,28,28,120,120,0,1.0,0.0,1.0,False
2026-05-17 21:33:23.142992,Most Dębnicki,50.053,19.9278,28,28,177,177,0,1.0,0.0,1.0,False
2026-05-17 21:33:23.142992,Nowohucka / Klimeckiego,50.0503,19.9765,29,29,230,230,0,1.0,0.0,1.0,False
2026-05-17 21:33:23.142992,Nowy Kleparz,50.0731,19.9352,14,26,80,43,37,0.5384615384615384,46.15,0.9,False
2026-05-17 21:33:23.142992,Opolska Estakada,50.0857,19.9536,34,34,50,50,0,1.0,0.0,1.0,False
2026-05-17 21:33:23.142992,Plac Centralny,50.072,20.0372,21,21,69,69,0,1.0,0.0,1.0,False
2026-05-17 21:33:23.142992,Plac Inwalidów,50.0671,19.9269,16,16,128,128,0,1.0,0.0,1.0,False
2026-05-17 21:33:23.142992,Prokocim Szpital,50.0117,20.0005,46,46,60,60,0,1.0,0.0,1.0,False
2026-05-17 21:33:23.142992,Rondo Barei,50.0911,19.9742,38,38,40,40,0,1.0,0.0,1.0,False
2026-05-17 21:33:23.142992,Rondo Czyżyńskie,50.0729,20.0167,38,38,10,10,0,1.0,0.0,1.0,False
2026-05-17 21:33:23.142992,Rondo Grunwaldzkie,50.0492,19.9317,17,17,24,24,0,1.0,0.0,1.0,False
2026-05-17 21:33:23.142992,Rondo Grzegórzeckie,50.0576,19.9609,30,30,50,50,0,1.0,0.0,1.0,False
2026-05-17 21:33:23.142992,Rondo Matecznego,50.0364,19.9406,25,25,7,7,0,1.0,0.0,1.0,False
2026-05-17 21:33:23.142992,Rondo Mogilskie,50.0672,19.9595,34,34,16,16,0,1.0,0.0,1.0,False
2026-05-17 21:33:23.142992,Rondo Ofiar Katynia,50.0879,19.8976,56,56,284,284,0,1.0,0.0,1.0,False
2026-05-17 21:33:23.142992,Rondo Polsadu,50.0879,19.9618,43,43,35,35,0,1.0,0.0,1.0,False
2026-05-17 21:33:23.142992,Wielicka / Powstańców Wielkopolskich,50.0335,19.9621,49,49,88,88,0,1.0,0.0,1.0,False
2026-05-17 21:33:23.142992,Węzeł Balice / A4,50.0878,19.7937,40,40,114,114,0,1.0,0.0,1.0,False
2026-05-17 21:33:23.142992,Węzeł Tyniec / A4,50.0196,19.8078,45,45,605,605,0,1.0,0.0,1.0,False
2026-05-17 21:33:23.142992,Węzeł Wielicka / A4,50.0034,20.0065,48,48,133,133,0,1.0,0.0,1.0,False
2026-05-17 21:33:23.142992,Węzeł Łagiewniki,50.0136,19.9325,29,29,327,327,0,1.0,0.0,1.0,False
2026-05-17 21:33:23.142992,Zakopiańska / Brożka,50.0227,19.9349,40,40,71,71,0,1.0,0.0,1.0,False
2026-05-17 21:33:23.142992,Łagiewniki,50.0202,19.9378,60,60,203,203,0,1.0,0.0,1.0,False
2026-05-17 21:34:25.577149,Aleja 29 Listopada / Dobrego Pasterza,50.0953,19.9746,41,41,92,92,0,1.0,0.0,1.0,False
2026-05-17 21:34:25.577149,Aleja 29 Listopada / Opolska,50.0861,19.952,56,56,284,284,0,1.0,0.0,1.0,False
2026-05-17 21:34:25.577149,Aleja Pokoju / Centralna,50.0667,20.0028,49,49,39,39,0,1.0,0.0,1.0,False
2026-05-17 21:34:25.577149,Aleja Powstania Warszawskiego,50.0647,19.9608,31,31,49,49,0,1.0,0.0,1.0,False
2026-05-17 21:34:25.577149,Aleja Słowackiego / Łobzowska,50.0692,19.9302,27,27,270,270,0,1.0,0.0,1.0,False
2026-05-17 21:34:25.577149,Aleje Trzech Wieszczów - AGH,50.0674,19.9209,21,21,84,84,0,1.0,0.0,1.0,False
2026-05-17 21:34:25.577149,Armii Krajowej / Zarzecze,50.0738,19.8985,19,24,180,142,38,0.7916666666666666,20.83,0.57,False
2026-05-17 21:34:25.577149,Bieżanowska / Wielicka,50.0207,19.982,24,24,113,113,0,1.0,0.0,1.0,False
2026-05-17 21:34:25.577149,Bonarka / Kamieńskiego,50.0298,19.9513,34,34,15,15,0,1.0,0.0,1.0,False
2026-05-17 21:34:25.577149,Bronowice SKA,50.0814,19.8994,112,112,498,498,0,1.0,0.0,1.0,False
2026-05-17 21:34:25.577149,Cracovia / Aleja Mickiewicza,50.0595,19.9235,34,34,221,221,0,1.0,0.0,1.0,False
2026-05-17 21:34:25.577149,Czarnowiejska / Armii Krajowej,50.069,19.9075,36,36,73,73,0,1.0,0.0,1.0,False
2026-05-17 21:34:25.577149,Dworzec Główny Tunel,50.0686,19.9477,39,39,124,124,0,1.0,0.0,1.0,False
2026-05-17 21:34:25.577149,Estakada Obrońców Lwowa,50.0396,19.9627,49,49,88,88,0,1.0,0.0,1.0,False
2026-05-17 21:34:25.577149,Galeria Krakowska / Pawia,50.0669,19.9457,49,49,121,121,0,1.0,0.0,1.0,False
2026-05-17 21:34:25.577149,Grzegórzecka,50.0578,19.9564,29,29,47,47,0,1.0,0.0,1.0,False
2026-05-17 21:34:25.577149,Kalwaryjska,50.0412,19.9443,25,25,115,115,0,1.0,0.0,1.0,False
2026-05-17 21:34:25.577149,Lubomirskiego,50.0676,19.9536,16,16,95,95,0,1.0,0.0,1.0,False
2026-05-17 21:34:25.577149,M1 / Aleja Pokoju,50.0661,20.0149,28,28,120,120,0,1.0,0.0,1.0,False
2026-05-17 21:34:25.577149,Most Dębnicki,50.053,19.9278,28,28,177,177,0,1.0,0.0,1.0,False
2026-05-17 21:34:25.577149,Nowohucka / Klimeckiego,50.0503,19.9765,29,29,230,230,0,1.0,0.0,1.0,False
2026-05-17 21:34:25.577149,Nowy Kleparz,50.0731,19.9352,14,25,80,45,35,0.56,44.0,0.9,False
2026-05-17 21:34:25.577149,Opolska Estakada,50.0857,19.9536,34,34,50,50,0,1.0,0.0,1.0,False
2026-05-17 21:34:25.577149,Plac Centralny,50.072,20.0372,21,21,69,69,0,1.0,0.0,1.0,False
2026-05-17 21:34:25.577149,Plac Inwalidów,50.0671,19.9269,16,16,128,128,0,1.0,0.0,1.0,False
2026-05-17 21:34:25.577149,Prokocim Szpital,50.0117,20.0005,46,46,60,60,0,1.0,0.0,1.0,False
2026-05-17 21:34:25.577149,Rondo Barei,50.0911,19.9742,38,38,40,40,0,1.0,0.0,1.0,False
2026-05-17 21:34:25.577149,Rondo Czyżyńskie,50.0729,20.0167,38,38,10,10,0,1.0,0.0,1.0,False
2026-05-17 21:34:25.577149,Rondo Grunwaldzkie,50.0492,19.9317,17,17,24,24,0,1.0,0.0,1.0,False
2026-05-17 21:34:25.577149,Rondo Grzegórzeckie,50.0576,19.9609,30,30,50,50,0,1.0,0.0,1.0,False
2026-05-17 21:34:25.577149,Rondo Matecznego,50.0364,19.9406,25,25,7,7,0,1.0,0.0,1.0,False
2026-05-17 21:34:25.577149,Rondo Mogilskie,50.0672,19.9595,19,33,29,16,13,0.5757575757575758,42.42,1.0,False
2026-05-17 21:34:25.577149,Rondo Ofiar Katynia,50.0879,19.8976,56,56,284,284,0,1.0,0.0,1.0,False
2026-05-17 21:34:25.577149,Rondo Polsadu,50.0879,19.9618,43,43,35,35,0,1.0,0.0,1.0,False
2026-05-17 21:34:25.577149,Wielicka / Powstańców Wielkopolskich,50.0335,19.9621,49,49,88,88,0,1.0,0.0,1.0,False
2026-05-17 21:34:25.577149,Węzeł Balice / A4,50.0878,19.7937,40,40,114,114,0,1.0,0.0,1.0,False
2026-05-17 21:34:25.577149,Węzeł Tyniec / A4,50.0196,19.8078,45,45,605,605,0,1.0,0.0,1.0,False
2026-05-17 21:34:25.577149,Węzeł Wielicka / A4,50.0034,20.0065,48,48,133,133,0,1.0,0.0,1.0,False
2026-05-17 21:34:25.577149,Węzeł Łagiewniki,50.0136,19.9325,29,29,327,327,0,1.0,0.0,1.0,False
2026-05-17 21:34:25.577149,Zakopiańska / Brożka,50.0227,19.9349,40,40,71,71,0,1.0,0.0,1.0,False
2026-05-17 21:34:25.577149,Łagiewniki,50.0202,19.9378,60,60,203,203,0,1.0,0.0,1.0,False
2026-05-17 21:35:28.099745,Aleja 29 Listopada / Dobrego Pasterza,50.0953,19.9746,41,41,92,92,0,1.0,0.0,1.0,False
2026-05-17 21:35:28.099745,Aleja 29 Listopada / Opolska,50.0861,19.952,56,56,284,284,0,1.0,0.0,1.0,False
2026-05-17 21:35:28.099745,Aleja Pokoju / Centralna,50.0667,20.0028,49,49,39,39,0,1.0,0.0,1.0,False
2026-05-17 21:35:28.099745,Aleja Powstania Warszawskiego,50.0647,19.9608,31,31,49,49,0,1.0,0.0,1.0,False
2026-05-17 21:35:28.099745,Aleja Słowackiego / Łobzowska,50.0692,19.9302,27,27,270,270,0,1.0,0.0,1.0,False
2026-05-17 21:35:28.099745,Aleje Trzech Wieszczów - AGH,50.0674,19.9209,21,21,84,84,0,1.0,0.0,1.0,False
2026-05-17 21:35:28.099745,Armii Krajowej / Zarzecze,50.0738,19.8985,19,25,180,137,43,0.76,24.0,0.62,False
2026-05-17 21:35:28.099745,Bieżanowska / Wielicka,50.0207,19.982,24,24,113,113,0,1.0,0.0,1.0,False
2026-05-17 21:35:28.099745,Bonarka / Kamieńskiego,50.0298,19.9513,34,34,15,15,0,1.0,0.0,1.0,False
2026-05-17 21:35:28.099745,Bronowice SKA,50.0814,19.8994,112,112,498,498,0,1.0,0.0,1.0,False
2026-05-17 21:35:28.099745,Cracovia / Aleja Mickiewicza,50.0595,19.9235,34,34,221,221,0,1.0,0.0,1.0,False
2026-05-17 21:35:28.099745,Czarnowiejska / Armii Krajowej,50.069,19.9075,36,36,73,73,0,1.0,0.0,1.0,False
2026-05-17 21:35:28.099745,Dworzec Główny Tunel,50.0686,19.9477,39,39,124,124,0,1.0,0.0,1.0,False
2026-05-17 21:35:28.099745,Estakada Obrońców Lwowa,50.0396,19.9627,49,49,88,88,0,1.0,0.0,1.0,False
2026-05-17 21:35:28.099745,Galeria Krakowska / Pawia,50.0669,19.9457,49,49,121,121,0,1.0,0.0,1.0,False
2026-05-17 21:35:28.099745,Grzegórzecka,50.0578,19.9564,29,29,47,47,0,1.0,0.0,1.0,False
2026-05-17 21:35:28.099745,Kalwaryjska,50.0412,19.9443,25,25,115,115,0,1.0,0.0,1.0,False
2026-05-17 21:35:28.099745,Lubomirskiego,50.0676,19.9536,16,16,95,95,0,1.0,0.0,1.0,False
2026-05-17 21:35:28.099745,M1 / Aleja Pokoju,50.0661,20.0149,28,28,120,120,0,1.0,0.0,1.0,False
2026-05-17 21:35:28.099745,Most Dębnicki,50.053,19.9278,28,28,177,177,0,1.0,0.0,1.0,False
2026-05-17 21:35:28.099745,Nowohucka / Klimeckiego,50.0503,19.9765,29,29,230,230,0,1.0,0.0,1.0,False
2026-05-17 21:35:28.099745,Nowy Kleparz,50.0731,19.9352,13,26,86,43,43,0.5,50.0,0.9,False
2026-05-17 21:35:28.099745,Opolska Estakada,50.0857,19.9536,34,34,50,50,0,1.0,0.0,1.0,False
2026-05-17 21:35:28.099745,Plac Centralny,50.072,20.0372,21,21,69,69,0,1.0,0.0,1.0,False
2026-05-17 21:35:28.099745,Plac Inwalidów,50.0671,19.9269,16,16,128,128,0,1.0,0.0,1.0,False
2026-05-17 21:35:28.099745,Prokocim Szpital,50.0117,20.0005,33,45,84,61,23,0.7333333333333333,26.67,1.0,False
2026-05-17 21:35:28.099745,Rondo Barei,50.0911,19.9742,38,38,40,40,0,1.0,0.0,1.0,False
2026-05-17 21:35:28.099745,Rondo Czyżyńskie,50.0729,20.0167,38,38,10,10,0,1.0,0.0,1.0,False
2026-05-17 21:35:28.099745,Rondo Grunwaldzkie,50.0492,19.9317,17,17,24,24,0,1.0,0.0,1.0,False
2026-05-17 21:35:28.099745,Rondo Grzegórzeckie,50.0576,19.9609,30,30,50,50,0,1.0,0.0,1.0,False
2026-05-17 21:35:28.099745,Rondo Matecznego,50.0364,19.9406,25,25,7,7,0,1.0,0.0,1.0,False
2026-05-17 21:35:28.099745,Rondo Mogilskie,50.0672,19.9595,19,33,29,16,13,0.5757575757575758,42.42,1.0,False
2026-05-17 21:35:28.099745,Rondo Ofiar Katynia,50.0879,19.8976,56,56,284,284,0,1.0,0.0,1.0,False
2026-05-17 21:35:28.099745,Rondo Polsadu,50.0879,19.9618,43,43,35,35,0,1.0,0.0,1.0,False
2026-05-17 21:35:28.099745,Wielicka / Powstańców Wielkopolskich,50.0335,19.9621,49,49,88,88,0,1.0,0.0,1.0,False
2026-05-17 21:35:28.099745,Węzeł Balice / A4,50.0878,19.7937,40,40,114,114,0,1.0,0.0,1.0,False
2026-05-17 21:35:28.099745,Węzeł Tyniec / A4,50.0196,19.8078,45,45,605,605,0,1.0,0.0,1.0,False
2026-05-17 21:35:28.099745,Węzeł Wielicka / A4,50.0034,20.0065,48,48,133,133,0,1.0,0.0,1.0,False
2026-05-17 21:35:28.099745,Węzeł Łagiewniki,50.0136,19.9325,29,29,327,327,0,1.0,0.0,1.0,False
2026-05-17 21:35:28.099745,Zakopiańska / Brożka,50.0227,19.9349,40,40,71,71,0,1.0,0.0,1.0,False
2026-05-17 21:35:28.099745,Łagiewniki,50.0202,19.9378,60,60,203,203,0,1.0,0.0,1.0,False
2026-05-17 22:03:46.104082,Aleja 29 Listopada / Dobrego Pasterza,50.0953,19.9746,41,41,92,92,0,1.0,0.0,1.0,False
2026-05-17 22:03:46.104082,Aleja 29 Listopada / Opolska,50.0861,19.952,56,56,284,284,0,1.0,0.0,1.0,False
2026-05-17 22:03:46.104082,Aleja Pokoju / Centralna,50.0667,20.0028,49,49,39,39,0,1.0,0.0,1.0,False
2026-05-17 22:03:46.104082,Aleja Powstania Warszawskiego,50.0647,19.9608,31,31,49,49,0,1.0,0.0,1.0,False
2026-05-17 22:03:46.104082,Aleja Słowackiego / Łobzowska,50.0692,19.9302,27,27,270,270,0,1.0,0.0,1.0,False
2026-05-17 22:03:46.104082,Aleje Trzech Wieszczów - AGH,50.0674,19.9209,21,21,84,84,0,1.0,0.0,1.0,False
2026-05-17 22:03:46.104082,Armii Krajowej / Zarzecze,50.0738,19.8985,25,25,137,137,0,1.0,0.0,1.0,False
2026-05-17 22:03:46.104082,Bieżanowska / Wielicka,50.0207,19.982,16,24,170,113,57,0.6666666666666666,33.33,0.697977,False
2026-05-17 22:03:46.104082,Bonarka / Kamieńskiego,50.0298,19.9513,34,34,15,15,0,1.0,0.0,1.0,False
2026-05-17 22:03:46.104082,Bronowice SKA,50.0814,19.8994,112,112,498,498,0,1.0,0.0,1.0,False
2026-05-17 22:03:46.104082,Cracovia / Aleja Mickiewicza,50.0595,19.9235,34,34,221,221,0,1.0,0.0,1.0,False
2026-05-17 22:03:46.104082,Czarnowiejska / Armii Krajowej,50.069,19.9075,36,36,73,73,0,1.0,0.0,1.0,False
2026-05-17 22:03:46.104082,Dworzec Główny Tunel,50.0686,19.9477,39,39,124,124,0,1.0,0.0,1.0,False
2026-05-17 22:03:46.104082,Estakada Obrońców Lwowa,50.0396,19.9627,49,49,88,88,0,1.0,0.0,1.0,False
2026-05-17 22:03:46.104082,Galeria Krakowska / Pawia,50.0669,19.9457,49,49,121,121,0,1.0,0.0,1.0,False
2026-05-17 22:03:46.104082,Grzegórzecka,50.0578,19.9564,29,29,47,47,0,1.0,0.0,1.0,False
2026-05-17 22:03:46.104082,Kalwaryjska,50.0412,19.9443,25,25,115,115,0,1.0,0.0,1.0,False
2026-05-17 22:03:46.104082,Lubomirskiego,50.0676,19.9536,16,16,95,95,0,1.0,0.0,1.0,False
2026-05-17 22:03:46.104082,M1 / Aleja Pokoju,50.0661,20.0149,28,28,120,120,0,1.0,0.0,1.0,False
2026-05-17 22:03:46.104082,Most Dębnicki,50.053,19.9278,28,28,177,177,0,1.0,0.0,1.0,False
2026-05-17 22:03:46.104082,Nowohucka / Klimeckiego,50.0503,19.9765,29,29,230,230,0,1.0,0.0,1.0,False
2026-05-17 22:03:46.104082,Nowy Kleparz,50.0731,19.9352,17,25,66,45,21,0.68,32.0,0.87,False
2026-05-17 22:03:46.104082,Opolska Estakada,50.0857,19.9536,34,34,50,50,0,1.0,0.0,1.0,False
2026-05-17 22:03:46.104082,Plac Centralny,50.072,20.0372,21,21,69,69,0,1.0,0.0,1.0,False
2026-05-17 22:03:46.104082,Plac Inwalidów,50.0671,19.9269,16,16,128,128,0,1.0,0.0,1.0,False
2026-05-17 22:03:46.104082,Prokocim Szpital,50.0117,20.0005,34,45,81,61,20,0.7555555555555555,24.44,1.0,False
2026-05-17 22:03:46.104082,Rondo Barei,50.0911,19.9742,38,38,40,40,0,1.0,0.0,1.0,False
2026-05-17 22:03:46.104082,Rondo Czyżyńskie,50.0729,20.0167,38,38,10,10,0,1.0,0.0,1.0,False
2026-05-17 22:03:46.104082,Rondo Grunwaldzkie,50.0492,19.9317,17,17,24,24,0,1.0,0.0,1.0,False
2026-05-17 22:03:46.104082,Rondo Grzegórzeckie,50.0576,19.9609,30,30,50,50,0,1.0,0.0,1.0,False
2026-05-17 22:03:46.104082,Rondo Matecznego,50.0364,19.9406,17,24,10,7,3,0.7083333333333334,29.17,1.0,False
2026-05-17 22:03:46.104082,Rondo Mogilskie,50.0672,19.9595,34,34,16,16,0,1.0,0.0,1.0,False
2026-05-17 22:03:46.104082,Rondo Ofiar Katynia,50.0879,19.8976,56,56,284,284,0,1.0,0.0,1.0,False
2026-05-17 22:03:46.104082,Rondo Polsadu,50.0879,19.9618,33,42,46,36,10,0.7857142857142857,21.43,0.985066,False
2026-05-17 22:03:46.104082,Wielicka / Powstańców Wielkopolskich,50.0335,19.9621,49,49,88,88,0,1.0,0.0,1.0,False
2026-05-17 22:03:46.104082,Węzeł Balice / A4,50.0878,19.7937,40,40,114,114,0,1.0,0.0,1.0,False
2026-05-17 22:03:46.104082,Węzeł Tyniec / A4,50.0196,19.8078,45,45,605,605,0,1.0,0.0,1.0,False
2026-05-17 22:03:46.104082,Węzeł Wielicka / A4,50.0034,20.0065,48,48,133,133,0,1.0,0.0,1.0,False
2026-05-17 22:03:46.104082,Węzeł Łagiewniki,50.0136,19.9325,29,29,327,327,0,1.0,0.0,1.0,False
2026-05-17 22:03:46.104082,Zakopiańska / Brożka,50.0227,19.9349,40,40,71,71,0,1.0,0.0,1.0,False
2026-05-17 22:03:46.104082,Łagiewniki,50.0202,19.9378,60,60,203,203,0,1.0,0.0,1.0,False
2026-05-18 18:15:42.042873,Aleja 29 Listopada / Dobrego Pasterza,50.0953,19.9746,41,41,92,92,0,1.0,0.0,1.0,False
2026-05-18 18:15:42.042873,Aleja 29 Listopada / Opolska,50.0861,19.952,56,56,284,284,0,1.0,0.0,1.0,False
2026-05-18 18:15:42.042873,Aleja Pokoju / Centralna,50.0667,20.0028,30,48,64,40,24,0.625,37.5,1.0,False
2026-05-18 18:15:42.042873,Aleja Powstania Warszawskiego,50.0647,19.9608,31,31,49,49,0,1.0,0.0,1.0,False
2026-05-18 18:15:42.042873,Aleja Słowackiego / Łobzowska,50.0692,19.9302,20,28,365,261,104,0.7142857142857143,28.57,0.987809,False
2026-05-18 18:15:42.042873,Aleje Trzech Wieszczów - AGH,50.0674,19.9209,21,21,84,84,0,1.0,0.0,1.0,False
2026-05-18 18:15:42.042873,Armii Krajowej / Zarzecze,50.0738,19.8985,25,25,137,137,0,1.0,0.0,1.0,False
2026-05-18 18:15:42.042873,Bieżanowska / Wielicka,50.0207,19.982,19,24,143,113,30,0.7916666666666666,20.83,0.965828,False
2026-05-18 18:15:42.042873,Bonarka / Kamieńskiego,50.0298,19.9513,34,34,15,15,0,1.0,0.0,1.0,False
2026-05-18 18:15:42.042873,Bronowice SKA,50.0814,19.8994,112,112,498,498,0,1.0,0.0,1.0,False
2026-05-18 18:15:42.042873,Cracovia / Aleja Mickiewicza,50.0595,19.9235,34,34,221,221,0,1.0,0.0,1.0,False
2026-05-18 18:15:42.042873,Czarnowiejska / Armii Krajowej,50.069,19.9075,29,36,90,73,17,0.8055555555555556,19.44,1.0,False
2026-05-18 18:15:42.042873,Dworzec Główny Tunel,50.0686,19.9477,39,39,124,124,0,1.0,0.0,1.0,False
2026-05-18 18:15:42.042873,Estakada Obrońców Lwowa,50.0396,19.9627,49,49,88,88,0,1.0,0.0,1.0,False
2026-05-18 18:15:42.042873,Galeria Krakowska / Pawia,50.0669,19.9457,49,49,121,121,0,1.0,0.0,1.0,False
2026-05-18 18:15:42.042873,Grzegórzecka,50.0578,19.9564,29,29,47,47,0,1.0,0.0,1.0,False
2026-05-18 18:15:42.042873,Kalwaryjska,50.0412,19.9443,25,25,115,115,0,1.0,0.0,1.0,False
2026-05-18 18:15:42.042873,Lubomirskiego,50.0676,19.9536,16,16,95,95,0,1.0,0.0,1.0,False
2026-05-18 18:15:42.042873,M1 / Aleja Pokoju,50.0661,20.0149,28,28,120,120,0,1.0,0.0,1.0,False
2026-05-18 18:15:42.042873,Most Dębnicki,50.053,19.9278,28,28,177,177,0,1.0,0.0,1.0,False
2026-05-18 18:15:42.042873,Nowohucka / Klimeckiego,50.0503,19.9765,29,29,230,230,0,1.0,0.0,1.0,False
2026-05-18 18:15:42.042873,Nowy Kleparz,50.0731,19.9352,11,26,102,43,59,0.4230769230769231,57.69,0.97,False
2026-05-18 18:15:42.042873,Opolska Estakada,50.0857,19.9536,34,34,50,50,0,1.0,0.0,1.0,False
2026-05-18 18:15:42.042873,Plac Centralny,50.072,20.0372,13,21,112,69,43,0.6190476190476191,38.1,1.0,False
2026-05-18 18:15:42.042873,Plac Inwalidów,50.0671,19.9269,12,16,171,128,43,0.75,25.0,0.94,False
2026-05-18 18:15:42.042873,Prokocim Szpital,50.0117,20.0005,46,46,60,60,0,1.0,0.0,1.0,False
2026-05-18 18:15:42.042873,Rondo Barei,50.0911,19.9742,38,38,40,40,0,1.0,0.0,1.0,False
2026-05-18 18:15:42.042873,Rondo Czyżyńskie,50.0729,20.0167,22,38,18,10,8,0.5789473684210527,42.11,0.89,False
2026-05-18 18:15:42.042873,Rondo Grunwaldzkie,50.0492,19.9317,13,16,31,25,6,0.8125,18.75,1.0,False
2026-05-18 18:15:42.042873,Rondo Grzegórzeckie,50.0576,19.9609,30,30,50,50,0,1.0,0.0,1.0,False
2026-05-18 18:15:42.042873,Rondo Matecznego,50.0364,19.9406,17,24,10,7,3,0.7083333333333334,29.17,1.0,False
2026-05-18 18:15:42.042873,Rondo Mogilskie,50.0672,19.9595,34,34,16,16,0,1.0,0.0,1.0,False
2026-05-18 18:15:42.042873,Rondo Ofiar Katynia,50.0879,19.8976,56,56,284,284,0,1.0,0.0,1.0,False
2026-05-18 18:15:42.042873,Rondo Polsadu,50.0879,19.9618,43,43,35,35,0,1.0,0.0,1.0,False
2026-05-18 18:15:42.042873,Wielicka / Powstańców Wielkopolskich,50.0335,19.9621,49,49,88,88,0,1.0,0.0,1.0,False
2026-05-18 18:15:42.042873,Węzeł Balice / A4,50.0878,19.7937,40,40,114,114,0,1.0,0.0,1.0,False
2026-05-18 18:15:42.042873,Węzeł Tyniec / A4,50.0196,19.8078,45,45,605,605,0,1.0,0.0,1.0,False
2026-05-18 18:15:42.042873,Węzeł Wielicka / A4,50.0034,20.0065,48,48,133,133,0,1.0,0.0,1.0,False
2026-05-18 18:15:42.042873,Węzeł Łagiewniki,50.0136,19.9325,29,29,327,327,0,1.0,0.0,1.0,False
2026-05-18 18:15:42.042873,Zakopiańska / Brożka,50.0227,19.9349,40,40,71,71,0,1.0,0.0,1.0,False
2026-05-18 18:15:42.042873,Łagiewniki,50.0202,19.9378,60,60,203,203,0,1.0,0.0,1.0,False
2026-05-18 20:03:18.905544,Rondo Mogilskie,50.0672,19.9595,34,34,16,16,0,1.0,0.0,1,False
2026-05-18 20:03:18.905544,Lubomirskiego,50.0676,19.9536,16,16,95,95,0,1.0,0.0,1,False
2026-05-18 20:03:18.905544,Aleja Powstania Warszawskiego,50.0647,19.9608,31,31,49,49,0,1.0,0.0,1,False
2026-05-18 20:03:18.905544,Grzegórzecka,50.0578,19.9564,29,29,47,47,0,1.0,0.0,1,False
2026-05-18 20:03:18.905544,Rondo Grzegórzeckie,50.0576,19.9609,30,30,50,50,0,1.0,0.0,1,False
2026-05-18 20:03:18.905544,Galeria Krakowska / Pawia,50.0669,19.9457,49,49,121,121,0,1.0,0.0,1,False
2026-05-18 20:03:18.905544,Dworzec Główny Tunel,50.0686,19.9477,39,39,124,124,0,1.0,0.0,1,False
2026-05-18 20:03:18.905544,Aleje Trzech Wieszczów - AGH,50.0674,19.9209,21,21,84,84,0,1.0,0.0,1,False
2026-05-18 20:03:18.905544,Plac Inwalidów,50.0671,19.9269,16,16,128,128,0,1.0,0.0,1,False
2026-05-18 20:03:18.905544,Nowy Kleparz,50.0731,19.9352,26,26,43,43,0,1.0,0.0,1,False
2026-05-18 20:03:18.905544,Aleja Słowackiego / Łobzowska,50.0692,19.9302,27,27,270,270,0,1.0,0.0,1,False
2026-05-18 20:03:18.905544,Cracovia / Aleja Mickiewicza,50.0595,19.9235,34,34,221,221,0,1.0,0.0,1,False
2026-05-18 20:03:18.905544,Rondo Grunwaldzkie,50.0492,19.9317,17,17,24,24,0,1.0,0.0,1,False
2026-05-18 20:03:18.905544,Most Dębnicki,50.053,19.9278,28,28,177,177,0,1.0,0.0,1,False
2026-05-18 20:03:18.905544,Rondo Matecznego,50.0364,19.9406,19,25,9,7,2,0.76,24.0,1,False
2026-05-18 20:03:18.905544,Kalwaryjska,50.0412,19.9443,25,25,115,115,0,1.0,0.0,1,False
2026-05-18 20:03:18.905544,Bonarka / Kamieńskiego,50.0298,19.9513,34,34,15,15,0,1.0,0.0,1,False
2026-05-18 20:03:18.905544,Zakopiańska / Brożka,50.0227,19.9349,40,40,71,71,0,1.0,0.0,1,False
2026-05-18 20:03:18.905544,Łagiewniki,50.0202,19.9378,60,60,203,203,0,1.0,0.0,1,False
2026-05-18 20:03:18.905544,Opolska Estakada,50.0857,19.9536,34,34,50,50,0,1.0,0.0,1,False
2026-05-18 20:03:18.905544,Rondo Polsadu,50.0879,19.9618,43,43,35,35,0,1.0,0.0,1,False
2026-05-18 20:03:18.905544,Rondo Barei,50.0911,19.9742,38,38,40,40,0,1.0,0.0,1,False
2026-05-18 20:03:18.905544,Aleja 29 Listopada / Opolska,50.0861,19.952,56,56,284,284,0,1.0,0.0,1,False
2026-05-18 20:03:18.905544,Aleja 29 Listopada / Dobrego Pasterza,50.0953,19.9746,41,41,92,92,0,1.0,0.0,1,False
2026-05-18 20:03:18.905544,Rondo Ofiar Katynia,50.0879,19.8976,56,56,284,284,0,1.0,0.0,1,False
2026-05-18 20:03:18.905544,Bronowice SKA,50.0814,19.8994,112,112,498,498,0,1.0,0.0,1,False
2026-05-18 20:03:18.905544,Armii Krajowej / Zarzecze,50.0738,19.8985,25,25,137,137,0,1.0,0.0,1,False
2026-05-18 20:03:18.905544,Czarnowiejska / Armii Krajowej,50.069,19.9075,31,36,84,73,11,0.8611111111111112,13.89,1,False
2026-05-18 20:03:18.905544,Rondo Czyżyńskie,50.0729,20.0167,38,38,10,10,0,1.0,0.0,1,False
2026-05-18 20:03:18.905544,Plac Centralny,50.072,20.0372,21,21,69,69,0,1.0,0.0,1,False
2026-05-18 20:03:18.905544,Aleja Pokoju / Centralna,50.0667,20.0028,49,49,39,39,0,1.0,0.0,1,False
2026-05-18 20:03:18.905544,Nowohucka / Klimeckiego,50.0503,19.9765,29,29,230,230,0,1.0,0.0,1,False
2026-05-18 20:03:18.905544,M1 / Aleja Pokoju,50.0661,20.0149,28,28,120,120,0,1.0,0.0,1,False
2026-05-18 20:03:18.905544,Wielicka / Powstańców Wielkopolskich,50.0335,19.9621,49,49,88,88,0,1.0,0.0,1,False
2026-05-18 20:03:18.905544,Estakada Obrońców Lwowa,50.0396,19.9627,49,49,88,88,0,1.0,0.0,1,False
2026-05-18 20:03:18.905544,Bieżanowska / Wielicka,50.0207,19.982,24,24,113,113,0,1.0,0.0,1,False
2026-05-18 20:03:18.905544,Prokocim Szpital,50.0117,20.0005,29,45,95,61,34,0.6444444444444445,35.56,1,False
2026-05-18 20:03:18.905544,Węzeł Łagiewniki,50.0136,19.9325,29,29,327,327,0,1.0,0.0,1,False
2026-05-18 20:03:18.905544,Węzeł Balice / A4,50.0878,19.7937,40,40,114,114,0,1.0,0.0,1,False
2026-05-18 20:03:18.905544,Węzeł Tyniec / A4,50.0196,19.8078,45,45,605,605,0,1.0,0.0,1,False
2026-05-18 20:03:18.905544,Węzeł Wielicka / A4,50.0034,20.0065,48,48,133,133,0,1.0,0.0,1,False
2026-05-18 21:22:35.727420,Rondo Mogilskie,50.0672,19.9595,34,34,16,16,0,1.0,0.0,1.0,False
2026-05-18 21:22:35.727420,Lubomirskiego,50.0676,19.9536,16,16,95,95,0,1.0,0.0,1.0,False
2026-05-18 21:22:35.727420,Aleja Powstania Warszawskiego,50.0647,19.9608,31,31,49,49,0,1.0,0.0,1.0,False
2026-05-18 21:22:35.727420,Grzegórzecka,50.0578,19.9564,29,29,47,47,0,1.0,0.0,1.0,False
2026-05-18 21:22:35.727420,Rondo Grzegórzeckie,50.0576,19.9609,30,30,50,50,0,1.0,0.0,1.0,False
2026-05-18 21:22:35.727420,Galeria Krakowska / Pawia,50.0669,19.9457,49,49,121,121,0,1.0,0.0,1.0,False
2026-05-18 21:22:35.727420,Dworzec Główny Tunel,50.0686,19.9477,39,39,124,124,0,1.0,0.0,1.0,False
2026-05-18 21:22:35.727420,Aleje Trzech Wieszczów - AGH,50.0674,19.9209,21,21,84,84,0,1.0,0.0,1.0,False
2026-05-18 21:22:35.727420,Plac Inwalidów,50.0671,19.9269,16,16,128,128,0,1.0,0.0,1.0,False
2026-05-18 21:22:35.727420,Nowy Kleparz,50.0731,19.9352,17,25,66,45,21,0.68,32.0,0.92,False
2026-05-18 21:22:35.727420,Aleja Słowackiego / Łobzowska,50.0692,19.9302,27,27,270,270,0,1.0,0.0,1.0,False
2026-05-18 21:22:35.727420,Cracovia / Aleja Mickiewicza,50.0595,19.9235,34,34,221,221,0,1.0,0.0,1.0,False
2026-05-18 21:22:35.727420,Rondo Grunwaldzkie,50.0492,19.9317,13,17,31,24,7,0.7647058823529411,23.53,1.0,False
2026-05-18 21:22:35.727420,Most Dębnicki,50.053,19.9278,28,28,177,177,0,1.0,0.0,1.0,False
2026-05-18 21:22:35.727420,Rondo Matecznego,50.0364,19.9406,19,25,9,7,2,0.76,24.0,1.0,False
2026-05-18 21:22:35.727420,Kalwaryjska,50.0412,19.9443,25,25,115,115,0,1.0,0.0,1.0,False
2026-05-18 21:22:35.727420,Bonarka / Kamieńskiego,50.0298,19.9513,34,34,15,15,0,1.0,0.0,1.0,False
2026-05-18 21:22:35.727420,Zakopiańska / Brożka,50.0227,19.9349,40,40,71,71,0,1.0,0.0,1.0,False
2026-05-18 21:22:35.727420,Łagiewniki,50.0202,19.9378,60,60,203,203,0,1.0,0.0,1.0,False
2026-05-18 21:22:35.727420,Opolska Estakada,50.0857,19.9536,34,34,50,50,0,1.0,0.0,1.0,False
2026-05-18 21:22:35.727420,Rondo Polsadu,50.0879,19.9618,43,43,35,35,0,1.0,0.0,1.0,False
2026-05-18 21:22:35.727420,Rondo Barei,50.0911,19.9742,38,38,40,40,0,1.0,0.0,1.0,False
2026-05-18 21:22:35.727420,Aleja 29 Listopada / Opolska,50.0861,19.952,56,56,284,284,0,1.0,0.0,1.0,False
2026-05-18 21:22:35.727420,Aleja 29 Listopada / Dobrego Pasterza,50.0953,19.9746,41,41,92,92,0,1.0,0.0,1.0,False
2026-05-18 21:22:35.727420,Rondo Ofiar Katynia,50.0879,19.8976,56,56,284,284,0,1.0,0.0,1.0,False
2026-05-18 21:22:35.727420,Bronowice SKA,50.0814,19.8994,112,112,498,498,0,1.0,0.0,1.0,False
2026-05-18 21:22:35.727420,Armii Krajowej / Zarzecze,50.0738,19.8985,25,25,137,137,0,1.0,0.0,1.0,False
2026-05-18 21:22:35.727420,Czarnowiejska / Armii Krajowej,50.069,19.9075,36,36,73,73,0,1.0,0.0,1.0,False
2026-05-18 21:22:35.727420,Rondo Czyżyńskie,50.0729,20.0167,38,38,10,10,0,1.0,0.0,1.0,False
2026-05-18 21:22:35.727420,Plac Centralny,50.072,20.0372,21,21,69,69,0,1.0,0.0,1.0,False
2026-05-18 21:22:35.727420,Aleja Pokoju / Centralna,50.0667,20.0028,49,49,39,39,0,1.0,0.0,1.0,False
2026-05-18 21:22:35.727420,Nowohucka / Klimeckiego,50.0503,19.9765,29,29,230,230,0,1.0,0.0,1.0,False
2026-05-18 21:22:35.727420,M1 / Aleja Pokoju,50.0661,20.0149,28,28,120,120,0,1.0,0.0,1.0,False
2026-05-18 21:22:35.727420,Wielicka / Powstańców Wielkopolskich,50.0335,19.9621,49,49,88,88,0,1.0,0.0,1.0,False
2026-05-18 21:22:35.727420,Estakada Obrońców Lwowa,50.0396,19.9627,49,49,88,88,0,1.0,0.0,1.0,False
2026-05-18 21:22:35.727420,Bieżanowska / Wielicka,50.0207,19.982,24,24,113,113,0,1.0,0.0,1.0,False
2026-05-18 21:22:35.727420,Prokocim Szpital,50.0117,20.0005,46,46,60,60,0,1.0,0.0,1.0,False
2026-05-18 21:22:35.727420,Węzeł Łagiewniki,50.0136,19.9325,29,29,327,327,0,1.0,0.0,1.0,False
2026-05-18 21:22:35.727420,Węzeł Balice / A4,50.0878,19.7937,40,40,114,114,0,1.0,0.0,1.0,False
2026-05-18 21:22:35.727420,Węzeł Tyniec / A4,50.0196,19.8078,45,45,605,605,0,1.0,0.0,1.0,False
2026-05-18 21:22:35.727420,Węzeł Wielicka / A4,50.0034,20.0065,48,48,133,133,0,1.0,0.0,1.0,False
2026-05-18 22:34:13.411670,Rondo Mogilskie,50.0672,19.9595,34,34,16,16,0,1.0,0.0,1,False
2026-05-18 22:34:13.411670,Lubomirskiego,50.0676,19.9536,16,16,95,95,0,1.0,0.0,1,False
2026-05-18 22:34:13.411670,Aleja Powstania Warszawskiego,50.0647,19.9608,31,31,49,49,0,1.0,0.0,1,False
2026-05-18 22:34:13.411670,Grzegórzecka,50.0578,19.9564,29,29,47,47,0,1.0,0.0,1,False
2026-05-18 22:34:13.411670,Rondo Grzegórzeckie,50.0576,19.9609,30,30,50,50,0,1.0,0.0,1,False
2026-05-18 22:34:13.411670,Galeria Krakowska / Pawia,50.0669,19.9457,49,49,121,121,0,1.0,0.0,1,False
2026-05-18 22:34:13.411670,Dworzec Główny Tunel,50.0686,19.9477,39,39,124,124,0,1.0,0.0,1,False
2026-05-18 22:34:13.411670,Aleje Trzech Wieszczów - AGH,50.0674,19.9209,21,21,84,84,0,1.0,0.0,1,False
2026-05-18 22:34:13.411670,Plac Inwalidów,50.0671,19.9269,16,16,128,128,0,1.0,0.0,1,False
2026-05-18 22:34:13.411670,Nowy Kleparz,50.0731,19.9352,26,26,43,43,0,1.0,0.0,1,False
2026-05-18 22:34:13.411670,Aleja Słowackiego / Łobzowska,50.0692,19.9302,27,27,270,270,0,1.0,0.0,1,False
2026-05-18 22:34:13.411670,Cracovia / Aleja Mickiewicza,50.0595,19.9235,34,34,221,221,0,1.0,0.0,1,False
2026-05-18 22:34:13.411670,Rondo Grunwaldzkie,50.0492,19.9317,17,17,24,24,0,1.0,0.0,1,False
2026-05-18 22:34:13.411670,Most Dębnicki,50.053,19.9278,28,28,177,177,0,1.0,0.0,1,False
2026-05-18 22:34:13.411670,Rondo Matecznego,50.0364,19.9406,11,24,16,7,9,0.4583333333333333,54.17,1,False
2026-05-18 22:34:13.411670,Kalwaryjska,50.0412,19.9443,25,25,115,115,0,1.0,0.0,1,False
2026-05-18 22:34:13.411670,Bonarka / Kamieńskiego,50.0298,19.9513,34,34,15,15,0,1.0,0.0,1,False
2026-05-18 22:34:13.411670,Zakopiańska / Brożka,50.0227,19.9349,40,40,71,71,0,1.0,0.0,1,False
2026-05-18 22:34:13.411670,Łagiewniki,50.0202,19.9378,60,60,203,203,0,1.0,0.0,1,False
2026-05-18 22:34:13.411670,Opolska Estakada,50.0857,19.9536,34,34,50,50,0,1.0,0.0,1,False
2026-05-18 22:34:13.411670,Rondo Polsadu,50.0879,19.9618,43,43,35,35,0,1.0,0.0,1,False
2026-05-18 22:34:13.411670,Rondo Barei,50.0911,19.9742,38,38,40,40,0,1.0,0.0,1,False
2026-05-18 22:34:13.411670,Aleja 29 Listopada / Opolska,50.0861,19.952,56,56,284,284,0,1.0,0.0,1,False
2026-05-18 22:34:13.411670,Aleja 29 Listopada / Dobrego Pasterza,50.0953,19.9746,41,41,92,92,0,1.0,0.0,1,False
2026-05-18 22:34:13.411670,Rondo Ofiar Katynia,50.0879,19.8976,56,56,284,284,0,1.0,0.0,1,False
2026-05-18 22:34:13.411670,Bronowice SKA,50.0814,19.8994,112,112,498,498,0,1.0,0.0,1,False
2026-05-18 22:34:13.411670,Armii Krajowej / Zarzecze,50.0738,19.8985,25,25,137,137,0,1.0,0.0,1,False
2026-05-18 22:34:13.411670,Czarnowiejska / Armii Krajowej,50.069,19.9075,33,36,79,73,6,0.9166666666666666,8.33,1,False
2026-05-18 22:34:13.411670,Rondo Czyżyńskie,50.0729,20.0167,38,38,10,10,0,1.0,0.0,1,False
2026-05-18 22:34:13.411670,Plac Centralny,50.072,20.0372,21,21,69,69,0,1.0,0.0,1,False
2026-05-18 22:34:13.411670,Aleja Pokoju / Centralna,50.0667,20.0028,49,49,39,39,0,1.0,0.0,1,False
2026-05-18 22:34:13.411670,Nowohucka / Klimeckiego,50.0503,19.9765,29,29,230,230,0,1.0,0.0,1,False
2026-05-18 22:34:13.411670,M1 / Aleja Pokoju,50.0661,20.0149,28,28,120,120,0,1.0,0.0,1,False
2026-05-18 22:34:13.411670,Wielicka / Powstańców Wielkopolskich,50.0335,19.9621,49,49,88,88,0,1.0,0.0,1,False
2026-05-18 22:34:13.411670,Estakada Obrońców Lwowa,50.0396,19.9627,49,49,88,88,0,1.0,0.0,1,False
2026-05-18 22:34:13.411670,Bieżanowska / Wielicka,50.0207,19.982,24,24,113,113,0,1.0,0.0,1,False
2026-05-18 22:34:13.411670,Prokocim Szpital,50.0117,20.0005,46,46,60,60,0,1.0,0.0,1,False
2026-05-18 22:34:13.411670,Węzeł Łagiewniki,50.0136,19.9325,29,29,327,327,0,1.0,0.0,1,False
2026-05-18 22:34:13.411670,Węzeł Balice / A4,50.0878,19.7937,40,40,114,114,0,1.0,0.0,1,False
2026-05-18 22:34:13.411670,Węzeł Tyniec / A4,50.0196,19.8078,45,45,605,605,0,1.0,0.0,1,False
2026-05-18 22:34:13.411670,Węzeł Wielicka / A4,50.0034,20.0065,48,48,133,133,0,1.0,0.0,1,False
2026-05-18 23:41:22.091252,Rondo Mogilskie,50.0672,19.9595,34,34,16,16,0,1.0,0.0,1.0,False
2026-05-18 23:41:22.091252,Lubomirskiego,50.0676,19.9536,16,16,95,95,0,1.0,0.0,1.0,False
2026-05-18 23:41:22.091252,Aleja Powstania Warszawskiego,50.0647,19.9608,31,31,49,49,0,1.0,0.0,1.0,False
2026-05-18 23:41:22.091252,Grzegórzecka,50.0578,19.9564,29,29,47,47,0,1.0,0.0,1.0,False
2026-05-18 23:41:22.091252,Rondo Grzegórzeckie,50.0576,19.9609,30,30,50,50,0,1.0,0.0,1.0,False
2026-05-18 23:41:22.091252,Galeria Krakowska / Pawia,50.0669,19.9457,49,49,121,121,0,1.0,0.0,1.0,False
2026-05-18 23:41:22.091252,Dworzec Główny Tunel,50.0686,19.9477,39,39,124,124,0,1.0,0.0,1.0,False
2026-05-18 23:41:22.091252,Aleje Trzech Wieszczów - AGH,50.0674,19.9209,21,21,84,84,0,1.0,0.0,1.0,False
2026-05-18 23:41:22.091252,Plac Inwalidów,50.0671,19.9269,16,16,128,128,0,1.0,0.0,1.0,False
2026-05-18 23:41:22.091252,Nowy Kleparz,50.0731,19.9352,13,25,86,45,41,0.52,48.0,0.89,False
2026-05-18 23:41:22.091252,Aleja Słowackiego / Łobzowska,50.0692,19.9302,27,27,270,270,0,1.0,0.0,1.0,False
2026-05-18 23:41:22.091252,Cracovia / Aleja Mickiewicza,50.0595,19.9235,34,34,221,221,0,1.0,0.0,1.0,False
2026-05-18 23:41:22.091252,Rondo Grunwaldzkie,50.0492,19.9317,17,17,24,24,0,1.0,0.0,1.0,False
2026-05-18 23:41:22.091252,Most Dębnicki,50.053,19.9278,28,28,177,177,0,1.0,0.0,1.0,False
2026-05-18 23:41:22.091252,Rondo Matecznego,50.0364,19.9406,25,25,7,7,0,1.0,0.0,1.0,False
2026-05-18 23:41:22.091252,Kalwaryjska,50.0412,19.9443,25,25,115,115,0,1.0,0.0,1.0,False
2026-05-18 23:41:22.091252,Bonarka / Kamieńskiego,50.0298,19.9513,34,34,15,15,0,1.0,0.0,1.0,False
2026-05-18 23:41:22.091252,Zakopiańska / Brożka,50.0227,19.9349,40,40,71,71,0,1.0,0.0,1.0,False
2026-05-18 23:41:22.091252,Łagiewniki,50.0202,19.9378,60,60,203,203,0,1.0,0.0,1.0,False
2026-05-18 23:41:22.091252,Opolska Estakada,50.0857,19.9536,34,34,50,50,0,1.0,0.0,1.0,False
2026-05-18 23:41:22.091252,Rondo Polsadu,50.0879,19.9618,43,43,35,35,0,1.0,0.0,1.0,False
2026-05-18 23:41:22.091252,Rondo Barei,50.0911,19.9742,38,38,40,40,0,1.0,0.0,1.0,False
2026-05-18 23:41:22.091252,Aleja 29 Listopada / Opolska,50.0861,19.952,56,56,284,284,0,1.0,0.0,1.0,False
2026-05-18 23:41:22.091252,Aleja 29 Listopada / Dobrego Pasterza,50.0953,19.9746,41,41,92,92,0,1.0,0.0,1.0,False
2026-05-18 23:41:22.091252,Rondo Ofiar Katynia,50.0879,19.8976,56,56,284,284,0,1.0,0.0,1.0,False
2026-05-18 23:41:22.091252,Bronowice SKA,50.0814,19.8994,112,112,498,498,0,1.0,0.0,1.0,False
2026-05-18 23:41:22.091252,Armii Krajowej / Zarzecze,50.0738,19.8985,25,25,137,137,0,1.0,0.0,1.0,False
2026-05-18 23:41:22.091252,Czarnowiejska / Armii Krajowej,50.069,19.9075,36,36,73,73,0,1.0,0.0,1.0,False
2026-05-18 23:41:22.091252,Rondo Czyżyńskie,50.0729,20.0167,38,38,10,10,0,1.0,0.0,1.0,False
2026-05-18 23:41:22.091252,Plac Centralny,50.072,20.0372,21,21,69,69,0,1.0,0.0,1.0,False
2026-05-18 23:41:22.091252,Aleja Pokoju / Centralna,50.0667,20.0028,49,49,39,39,0,1.0,0.0,1.0,False
2026-05-18 23:41:22.091252,Nowohucka / Klimeckiego,50.0503,19.9765,29,29,230,230,0,1.0,0.0,1.0,False
2026-05-18 23:41:22.091252,M1 / Aleja Pokoju,50.0661,20.0149,28,28,120,120,0,1.0,0.0,1.0,False
2026-05-18 23:41:22.091252,Wielicka / Powstańców Wielkopolskich,50.0335,19.9621,49,49,88,88,0,1.0,0.0,1.0,False
2026-05-18 23:41:22.091252,Estakada Obrońców Lwowa,50.0396,19.9627,49,49,88,88,0,1.0,0.0,1.0,False
2026-05-18 23:41:22.091252,Bieżanowska / Wielicka,50.0207,19.982,24,24,113,113,0,1.0,0.0,1.0,False
2026-05-18 23:41:22.091252,Prokocim Szpital,50.0117,20.0005,46,46,60,60,0,1.0,0.0,1.0,False
2026-05-18 23:41:22.091252,Węzeł Łagiewniki,50.0136,19.9325,29,29,327,327,0,1.0,0.0,1.0,False
2026-05-18 23:41:22.091252,Węzeł Balice / A4,50.0878,19.7937,40,40,114,114,0,1.0,0.0,1.0,False
2026-05-18 23:41:22.091252,Węzeł Tyniec / A4,50.0196,19.8078,45,45,605,605,0,1.0,0.0,1.0,False
2026-05-18 23:41:22.091252,Węzeł Wielicka / A4,50.0034,20.0065,48,48,133,133,0,1.0,0.0,1.0,False
2026-05-19 04:20:23.587821,Rondo Mogilskie,50.0672,19.9595,34,34,16,16,0,1.0,0.0,1.0,False
2026-05-19 04:20:23.587821,Lubomirskiego,50.0676,19.9536,16,16,95,95,0,1.0,0.0,1.0,False
2026-05-19 04:20:23.587821,Aleja Powstania Warszawskiego,50.0647,19.9608,31,31,49,49,0,1.0,0.0,1.0,False
2026-05-19 04:20:23.587821,Grzegórzecka,50.0578,19.9564,29,29,47,47,0,1.0,0.0,1.0,False
2026-05-19 04:20:23.587821,Rondo Grzegórzeckie,50.0576,19.9609,30,30,50,50,0,1.0,0.0,1.0,False
2026-05-19 04:20:23.587821,Galeria Krakowska / Pawia,50.0669,19.9457,49,49,121,121,0,1.0,0.0,1.0,False
2026-05-19 04:20:23.587821,Dworzec Główny Tunel,50.0686,19.9477,39,39,124,124,0,1.0,0.0,1.0,False
2026-05-19 04:20:23.587821,Aleje Trzech Wieszczów - AGH,50.0674,19.9209,21,21,84,84,0,1.0,0.0,1.0,False
2026-05-19 04:20:23.587821,Plac Inwalidów,50.0671,19.9269,16,16,128,128,0,1.0,0.0,1.0,False
2026-05-19 04:20:23.587821,Nowy Kleparz,50.0731,19.9352,26,26,43,43,0,1.0,0.0,1.0,False
2026-05-19 04:20:23.587821,Aleja Słowackiego / Łobzowska,50.0692,19.9302,27,27,270,270,0,1.0,0.0,1.0,False
2026-05-19 04:20:23.587821,Cracovia / Aleja Mickiewicza,50.0595,19.9235,34,34,221,221,0,1.0,0.0,1.0,False
2026-05-19 04:20:23.587821,Rondo Grunwaldzkie,50.0492,19.9317,17,17,24,24,0,1.0,0.0,1.0,False
2026-05-19 04:20:23.587821,Most Dębnicki,50.053,19.9278,25,27,198,184,14,0.9259259259259259,7.41,0.857253,False
2026-05-19 04:20:23.587821,Rondo Matecznego,50.0364,19.9406,17,24,10,7,3,0.7083333333333334,29.17,1.0,False
2026-05-19 04:20:23.587821,Kalwaryjska,50.0412,19.9443,25,25,115,115,0,1.0,0.0,1.0,False
2026-05-19 04:20:23.587821,Bonarka / Kamieńskiego,50.0298,19.9513,34,34,15,15,0,1.0,0.0,1.0,False
2026-05-19 04:20:23.587821,Zakopiańska / Brożka,50.0227,19.9349,32,44,89,65,24,0.7272727272727273,27.27,1.0,False
2026-05-19 04:20:23.587821,Łagiewniki,50.0202,19.9378,60,60,203,203,0,1.0,0.0,1.0,False
2026-05-19 04:20:23.587821,Opolska Estakada,50.0857,19.9536,34,34,50,50,0,1.0,0.0,1.0,False
2026-05-19 04:20:23.587821,Rondo Polsadu,50.0879,19.9618,43,43,35,35,0,1.0,0.0,1.0,False
2026-05-19 04:20:23.587821,Rondo Barei,50.0911,19.9742,38,38,40,40,0,1.0,0.0,1.0,False
2026-05-19 04:20:23.587821,Aleja 29 Listopada / Opolska,50.0861,19.952,48,57,331,279,52,0.8421052631578947,15.79,1.0,False
2026-05-19 04:20:23.587821,Aleja 29 Listopada / Dobrego Pasterza,50.0953,19.9746,41,41,92,92,0,1.0,0.0,1.0,False
2026-05-19 04:20:23.587821,Rondo Ofiar Katynia,50.0879,19.8976,48,57,331,279,52,0.8421052631578947,15.79,1.0,False
2026-05-19 04:20:23.587821,Bronowice SKA,50.0814,19.8994,112,112,498,498,0,1.0,0.0,1.0,False
2026-05-19 04:20:23.587821,Armii Krajowej / Zarzecze,50.0738,19.8985,25,25,137,137,0,1.0,0.0,1.0,False
2026-05-19 04:20:23.587821,Czarnowiejska / Armii Krajowej,50.069,19.9075,36,36,73,73,0,1.0,0.0,1.0,False
2026-05-19 04:20:23.587821,Rondo Czyżyńskie,50.0729,20.0167,38,38,10,10,0,1.0,0.0,1.0,False
2026-05-19 04:20:23.587821,Plac Centralny,50.072,20.0372,21,21,69,69,0,1.0,0.0,1.0,False
2026-05-19 04:20:23.587821,Aleja Pokoju / Centralna,50.0667,20.0028,49,49,39,39,0,1.0,0.0,1.0,False
2026-05-19 04:20:23.587821,Nowohucka / Klimeckiego,50.0503,19.9765,29,29,230,230,0,1.0,0.0,1.0,False
2026-05-19 04:20:23.587821,M1 / Aleja Pokoju,50.0661,20.0149,28,28,120,120,0,1.0,0.0,1.0,False
2026-05-19 04:20:23.587821,Wielicka / Powstańców Wielkopolskich,50.0335,19.9621,49,49,88,88,0,1.0,0.0,1.0,False
2026-05-19 04:20:23.587821,Estakada Obrońców Lwowa,50.0396,19.9627,49,49,88,88,0,1.0,0.0,1.0,False
2026-05-19 04:20:23.587821,Bieżanowska / Wielicka,50.0207,19.982,24,24,113,113,0,1.0,0.0,1.0,False
2026-05-19 04:20:23.587821,Prokocim Szpital,50.0117,20.0005,28,45,99,61,38,0.6222222222222222,37.78,1.0,False
2026-05-19 04:20:23.587821,Węzeł Łagiewniki,50.0136,19.9325,29,29,327,327,0,1.0,0.0,1.0,False
2026-05-19 04:20:23.587821,Węzeł Balice / A4,50.0878,19.7937,40,40,114,114,0,1.0,0.0,1.0,False
2026-05-19 04:20:23.587821,Węzeł Tyniec / A4,50.0196,19.8078,45,45,605,605,0,1.0,0.0,1.0,False
2026-05-19 04:20:23.587821,Węzeł Wielicka / A4,50.0034,20.0065,48,48,133,133,0,1.0,0.0,1.0,False
2026-05-19 08:03:46.803506,Rondo Mogilskie,50.0672,19.9595,34,34,16,16,0,1.0,0.0,1.0,False
2026-05-19 08:03:46.803506,Lubomirskiego,50.0676,19.9536,16,16,95,95,0,1.0,0.0,1.0,False
2026-05-19 08:03:46.803506,Aleja Powstania Warszawskiego,50.0647,19.9608,13,29,117,52,65,0.4482758620689655,55.17,1.0,False
2026-05-19 08:03:46.803506,Grzegórzecka,50.0578,19.9564,16,28,85,48,37,0.5714285714285714,42.86,1.0,False
2026-05-19 08:03:46.803506,Rondo Grzegórzeckie,50.0576,19.9609,18,30,83,50,33,0.6,40.0,1.0,False
2026-05-19 08:03:46.803506,Galeria Krakowska / Pawia,50.0669,19.9457,49,49,121,121,0,1.0,0.0,1.0,False
2026-05-19 08:03:46.803506,Dworzec Główny Tunel,50.0686,19.9477,31,43,157,113,44,0.7209302325581395,27.91,1.0,False
2026-05-19 08:03:46.803506,Aleje Trzech Wieszczów - AGH,50.0674,19.9209,21,21,84,84,0,1.0,0.0,1.0,False
2026-05-19 08:03:46.803506,Plac Inwalidów,50.0671,19.9269,16,16,128,128,0,1.0,0.0,1.0,False
2026-05-19 08:03:46.803506,Nowy Kleparz,50.0731,19.9352,10,25,112,45,67,0.4,60.0,1.0,False
2026-05-19 08:03:46.803506,Aleja Słowackiego / Łobzowska,50.0692,19.9302,19,27,384,270,114,0.7037037037037037,29.63,0.990217,False
2026-05-19 08:03:46.803506,Cracovia / Aleja Mickiewicza,50.0595,19.9235,34,34,221,221,0,1.0,0.0,1.0,False
2026-05-19 08:03:46.803506,Rondo Grunwaldzkie,50.0492,19.9317,14,17,29,24,5,0.8235294117647058,17.65,1.0,False
2026-05-19 08:03:46.803506,Most Dębnicki,50.053,19.9278,21,27,236,184,52,0.7777777777777778,22.22,0.977144,False
2026-05-19 08:03:46.803506,Rondo Matecznego,50.0364,19.9406,9,24,20,7,13,0.375,62.5,1.0,False
2026-05-19 08:03:46.803506,Kalwaryjska,50.0412,19.9443,25,25,115,115,0,1.0,0.0,1.0,False
2026-05-19 08:03:46.803506,Bonarka / Kamieńskiego,50.0298,19.9513,34,34,15,15,0,1.0,0.0,1.0,False
2026-05-19 08:03:46.803506,Zakopiańska / Brożka,50.0227,19.9349,29,40,98,71,27,0.725,27.5,1.0,False
2026-05-19 08:03:46.803506,Łagiewniki,50.0202,19.9378,60,60,203,203,0,1.0,0.0,1.0,False
2026-05-19 08:03:46.803506,Opolska Estakada,50.0857,19.9536,34,34,50,50,0,1.0,0.0,1.0,False
2026-05-19 08:03:46.803506,Rondo Polsadu,50.0879,19.9618,43,43,35,35,0,1.0,0.0,1.0,False
2026-05-19 08:03:46.803506,Rondo Barei,50.0911,19.9742,30,38,51,40,11,0.7894736842105263,21.05,1.0,False
2026-05-19 08:03:46.803506,Aleja 29 Listopada / Opolska,50.0861,19.952,47,57,338,279,59,0.8245614035087719,17.54,1.0,False
2026-05-19 08:03:46.803506,Aleja 29 Listopada / Dobrego Pasterza,50.0953,19.9746,41,41,92,92,0,1.0,0.0,1.0,False
2026-05-19 08:03:46.803506,Rondo Ofiar Katynia,50.0879,19.8976,47,57,338,279,59,0.8245614035087719,17.54,1.0,False
2026-05-19 08:03:46.803506,Bronowice SKA,50.0814,19.8994,86,111,649,502,147,0.7747747747747747,22.52,1.0,False
2026-05-19 08:03:46.803506,Armii Krajowej / Zarzecze,50.0738,19.8985,25,25,137,137,0,1.0,0.0,1.0,False
2026-05-19 08:03:46.803506,Czarnowiejska / Armii Krajowej,50.069,19.9075,28,36,94,73,21,0.7777777777777778,22.22,1.0,False
2026-05-19 08:03:46.803506,Rondo Czyżyńskie,50.0729,20.0167,38,38,10,10,0,1.0,0.0,1.0,False
2026-05-19 08:03:46.803506,Plac Centralny,50.072,20.0372,17,21,85,69,16,0.8095238095238095,19.05,1.0,False
2026-05-19 08:03:46.803506,Aleja Pokoju / Centralna,50.0667,20.0028,49,49,39,39,0,1.0,0.0,1.0,False
2026-05-19 08:03:46.803506,Nowohucka / Klimeckiego,50.0503,19.9765,25,29,267,230,37,0.8620689655172413,13.79,0.950718,False
2026-05-19 08:03:46.803506,M1 / Aleja Pokoju,50.0661,20.0149,28,28,120,120,0,1.0,0.0,1.0,False
2026-05-19 08:03:46.803506,Wielicka / Powstańców Wielkopolskich,50.0335,19.9621,33,48,131,90,41,0.6875,31.25,1.0,False
2026-05-19 08:03:46.803506,Estakada Obrońców Lwowa,50.0396,19.9627,33,48,131,90,41,0.6875,31.25,1.0,False
2026-05-19 08:03:46.803506,Bieżanowska / Wielicka,50.0207,19.982,17,24,160,113,47,0.7083333333333334,29.17,0.965276,False
2026-05-19 08:03:46.803506,Prokocim Szpital,50.0117,20.0005,28,45,99,61,38,0.6222222222222222,37.78,1.0,False
2026-05-19 08:03:46.803506,Węzeł Łagiewniki,50.0136,19.9325,29,29,327,327,0,1.0,0.0,1.0,False
2026-05-19 08:03:46.803506,Węzeł Balice / A4,50.0878,19.7937,40,40,114,114,0,1.0,0.0,1.0,False
2026-05-19 08:03:46.803506,Węzeł Tyniec / A4,50.0196,19.8078,45,45,605,605,0,1.0,0.0,1.0,False
2026-05-19 08:03:46.803506,Węzeł Wielicka / A4,50.0034,20.0065,48,48,133,133,0,1.0,0.0,1.0,False
2026-05-19 11:30:48.841281,Rondo Mogilskie,50.0672,19.9595,34,34,16,16,0,1.0,0.0,1.0,False
2026-05-19 11:30:48.841281,Lubomirskiego,50.0676,19.9536,16,16,95,95,0,1.0,0.0,1.0,False
2026-05-19 11:30:48.841281,Aleja Powstania Warszawskiego,50.0647,19.9608,18,31,84,49,35,0.5806451612903226,41.94,1.0,False
2026-05-19 11:30:48.841281,Grzegórzecka,50.0578,19.9564,15,28,91,48,43,0.5357142857142857,46.43,1.0,False
2026-05-19 11:30:48.841281,Rondo Grzegórzeckie,50.0576,19.9609,30,30,50,50,0,1.0,0.0,1.0,False
2026-05-19 11:30:48.841281,Galeria Krakowska / Pawia,50.0669,19.9457,49,49,121,121,0,1.0,0.0,1.0,False
2026-05-19 11:30:48.841281,Dworzec Główny Tunel,50.0686,19.9477,35,43,139,113,26,0.813953488372093,18.6,1.0,False
2026-05-19 11:30:48.841281,Aleje Trzech Wieszczów - AGH,50.0674,19.9209,21,21,84,84,0,1.0,0.0,1.0,False
2026-05-19 11:30:48.841281,Plac Inwalidów,50.0671,19.9269,13,16,158,128,30,0.8125,18.75,0.859735,False
2026-05-19 11:30:48.841281,Nowy Kleparz,50.0731,19.9352,17,25,66,45,21,0.68,32.0,0.99,False
2026-05-19 11:30:48.841281,Aleja Słowackiego / Łobzowska,50.0692,19.9302,21,28,348,261,87,0.75,25.0,0.980512,False
2026-05-19 11:30:48.841281,Cracovia / Aleja Mickiewicza,50.0595,19.9235,34,34,221,221,0,1.0,0.0,1.0,False
2026-05-19 11:30:48.841281,Rondo Grunwaldzkie,50.0492,19.9317,17,17,24,24,0,1.0,0.0,1.0,False
2026-05-19 11:30:48.841281,Most Dębnicki,50.053,19.9278,28,28,177,177,0,1.0,0.0,1.0,False
2026-05-19 11:30:48.841281,Rondo Matecznego,50.0364,19.9406,25,25,7,7,0,1.0,0.0,1.0,False
2026-05-19 11:30:48.841281,Kalwaryjska,50.0412,19.9443,25,25,115,115,0,1.0,0.0,1.0,False
2026-05-19 11:30:48.841281,Bonarka / Kamieńskiego,50.0298,19.9513,34,34,15,15,0,1.0,0.0,1.0,False
2026-05-19 11:30:48.841281,Zakopiańska / Brożka,50.0227,19.9349,35,50,81,57,24,0.7,30.0,1.0,False
2026-05-19 11:30:48.841281,Łagiewniki,50.0202,19.9378,60,60,203,203,0,1.0,0.0,1.0,False
2026-05-19 11:30:48.841281,Opolska Estakada,50.0857,19.9536,34,34,50,50,0,1.0,0.0,1.0,False
2026-05-19 11:30:48.841281,Rondo Polsadu,50.0879,19.9618,26,41,59,37,22,0.6341463414634146,36.59,1.0,False
2026-05-19 11:30:48.841281,Rondo Barei,50.0911,19.9742,38,38,40,40,0,1.0,0.0,1.0,False
2026-05-19 11:30:48.841281,Aleja 29 Listopada / Opolska,50.0861,19.952,46,58,345,274,71,0.7931034482758621,20.69,1.0,False
2026-05-19 11:30:48.841281,Aleja 29 Listopada / Dobrego Pasterza,50.0953,19.9746,32,40,118,94,24,0.8,20.0,1.0,False
2026-05-19 11:30:48.841281,Rondo Ofiar Katynia,50.0879,19.8976,46,58,345,274,71,0.7931034482758621,20.69,1.0,False
2026-05-19 11:30:48.841281,Bronowice SKA,50.0814,19.8994,72,112,775,498,277,0.6428571428571429,35.71,1.0,False
2026-05-19 11:30:48.841281,Armii Krajowej / Zarzecze,50.0738,19.8985,25,25,137,137,0,1.0,0.0,1.0,False
2026-05-19 11:30:48.841281,Czarnowiejska / Armii Krajowej,50.069,19.9075,28,35,94,75,19,0.8,20.0,1.0,False
2026-05-19 11:30:48.841281,Rondo Czyżyńskie,50.0729,20.0167,38,38,10,10,0,1.0,0.0,1.0,False
2026-05-19 11:30:48.841281,Plac Centralny,50.072,20.0372,17,21,85,69,16,0.8095238095238095,19.05,1.0,False
2026-05-19 11:30:48.841281,Aleja Pokoju / Centralna,50.0667,20.0028,25,48,77,40,37,0.5208333333333334,47.92,1.0,False
2026-05-19 11:30:48.841281,Nowohucka / Klimeckiego,50.0503,19.9765,29,29,230,230,0,1.0,0.0,1.0,False
2026-05-19 11:30:48.841281,M1 / Aleja Pokoju,50.0661,20.0149,28,28,120,120,0,1.0,0.0,1.0,False
2026-05-19 11:30:48.841281,Wielicka / Powstańców Wielkopolskich,50.0335,19.9621,35,48,123,90,33,0.7291666666666666,27.08,1.0,False
2026-05-19 11:30:48.841281,Estakada Obrońców Lwowa,50.0396,19.9627,35,48,123,90,33,0.7291666666666666,27.08,1.0,False
2026-05-19 11:30:48.841281,Bieżanowska / Wielicka,50.0207,19.982,19,23,143,118,25,0.8260869565217391,17.39,0.975276,False
2026-05-19 11:30:48.841281,Prokocim Szpital,50.0117,20.0005,33,46,84,60,24,0.717391304347826,28.26,1.0,False
2026-05-19 11:30:48.841281,Węzeł Łagiewniki,50.0136,19.9325,29,29,327,327,0,1.0,0.0,0.921804,False
2026-05-19 11:30:48.841281,Węzeł Balice / A4,50.0878,19.7937,40,40,114,114,0,1.0,0.0,1.0,False
2026-05-19 11:30:48.841281,Węzeł Tyniec / A4,50.0196,19.8078,45,45,605,605,0,1.0,0.0,1.0,False
2026-05-19 11:30:48.841281,Węzeł Wielicka / A4,50.0034,20.0065,48,48,133,133,0,1.0,0.0,1.0,False
2026-05-19 14:12:57.576826,Rondo Mogilskie,50.0672,19.9595,17,33,32,16,16,0.5151515151515151,48.48,1.0,False
2026-05-19 14:12:57.576826,Lubomirskiego,50.0676,19.9536,16,16,95,95,0,1.0,0.0,1.0,False
2026-05-19 14:12:57.576826,Aleja Powstania Warszawskiego,50.0647,19.9608,18,30,84,50,34,0.6,40.0,0.99,False
2026-05-19 14:12:57.576826,Grzegórzecka,50.0578,19.9564,16,28,85,48,37,0.5714285714285714,42.86,1.0,False
2026-05-19 14:12:57.576826,Rondo Grzegórzeckie,50.0576,19.9609,30,30,50,50,0,1.0,0.0,1.0,False
2026-05-19 14:12:57.576826,Galeria Krakowska / Pawia,50.0669,19.9457,35,50,169,118,51,0.7,30.0,1.0,False
2026-05-19 14:12:57.576826,Dworzec Główny Tunel,50.0686,19.9477,40,46,121,105,16,0.8695652173913043,13.04,1.0,False
2026-05-19 14:12:57.576826,Aleje Trzech Wieszczów - AGH,50.0674,19.9209,12,20,147,88,59,0.6,40.0,0.98,False
2026-05-19 14:12:57.576826,Plac Inwalidów,50.0671,19.9269,16,16,128,128,0,1.0,0.0,1.0,False
2026-05-19 14:12:57.576826,Nowy Kleparz,50.0731,19.9352,7,28,161,40,121,0.25,75.0,1.0,False
2026-05-19 14:12:57.576826,Aleja Słowackiego / Łobzowska,50.0692,19.9302,20,27,365,270,95,0.7407407407407407,25.93,0.987771,False
2026-05-19 14:12:57.576826,Cracovia / Aleja Mickiewicza,50.0595,19.9235,34,34,221,221,0,1.0,0.0,1.0,False
2026-05-19 14:12:57.576826,Rondo Grunwaldzkie,50.0492,19.9317,17,17,24,24,0,1.0,0.0,1.0,False
2026-05-19 14:12:57.576826,Most Dębnicki,50.053,19.9278,21,28,236,177,59,0.75,25.0,0.987144,False
2026-05-19 14:12:57.576826,Rondo Matecznego,50.0364,19.9406,13,24,14,7,7,0.5416666666666666,45.83,1.0,False
2026-05-19 14:12:57.576826,Kalwaryjska,50.0412,19.9443,25,25,115,115,0,1.0,0.0,1.0,False
2026-05-19 14:12:57.576826,Bonarka / Kamieńskiego,50.0298,19.9513,34,34,15,15,0,1.0,0.0,1.0,False
2026-05-19 14:12:57.576826,Zakopiańska / Brożka,50.0227,19.9349,24,39,119,73,46,0.6153846153846154,38.46,1.0,False
2026-05-19 14:12:57.576826,Łagiewniki,50.0202,19.9378,61,63,200,194,6,0.9682539682539683,3.17,1.0,False
2026-05-19 14:12:57.576826,Opolska Estakada,50.0857,19.9536,34,34,50,50,0,1.0,0.0,1.0,False
2026-05-19 14:12:57.576826,Rondo Polsadu,50.0879,19.9618,24,43,64,35,29,0.5581395348837209,44.19,1.0,False
2026-05-19 14:12:57.576826,Rondo Barei,50.0911,19.9742,18,38,86,40,46,0.47368421052631576,52.63,1.0,False
2026-05-19 14:12:57.576826,Aleja 29 Listopada / Opolska,50.0861,19.952,40,58,397,274,123,0.6896551724137931,31.03,1.0,False
2026-05-19 14:12:57.576826,Aleja 29 Listopada / Dobrego Pasterza,50.0953,19.9746,26,40,145,94,51,0.65,35.0,1.0,False
2026-05-19 14:12:57.576826,Rondo Ofiar Katynia,50.0879,19.8976,40,58,397,274,123,0.6896551724137931,31.03,1.0,False
2026-05-19 14:12:57.576826,Bronowice SKA,50.0814,19.8994,55,112,1014,498,516,0.49107142857142855,50.89,1.0,False
2026-05-19 14:12:57.576826,Armii Krajowej / Zarzecze,50.0738,19.8985,21,25,163,137,26,0.84,16.0,0.904638,False
2026-05-19 14:12:57.576826,Czarnowiejska / Armii Krajowej,50.069,19.9075,12,36,219,73,146,0.3333333333333333,66.67,1.0,False
2026-05-19 14:12:57.576826,Rondo Czyżyńskie,50.0729,20.0167,38,38,10,10,0,1.0,0.0,1.0,False
2026-05-19 14:12:57.576826,Plac Centralny,50.072,20.0372,12,20,121,72,49,0.6,40.0,1.0,False
2026-05-19 14:12:57.576826,Aleja Pokoju / Centralna,50.0667,20.0028,31,49,62,39,23,0.6326530612244898,36.73,1.0,False
2026-05-19 14:12:57.576826,Nowohucka / Klimeckiego,50.0503,19.9765,21,29,318,230,88,0.7241379310344828,27.59,1.0,False
2026-05-19 14:12:57.576826,M1 / Aleja Pokoju,50.0661,20.0149,26,34,129,99,30,0.7647058823529411,23.53,0.938114,False
2026-05-19 14:12:57.576826,Wielicka / Powstańców Wielkopolskich,50.0335,19.9621,35,49,123,88,35,0.7142857142857143,28.57,1.0,False
2026-05-19 14:12:57.576826,Estakada Obrońców Lwowa,50.0396,19.9627,35,49,123,88,35,0.7142857142857143,28.57,1.0,False
2026-05-19 14:12:57.576826,Bieżanowska / Wielicka,50.0207,19.982,24,24,113,113,0,1.0,0.0,1.0,False
2026-05-19 14:12:57.576826,Prokocim Szpital,50.0117,20.0005,27,45,102,61,41,0.6,40.0,1.0,False
2026-05-19 14:12:57.576826,Węzeł Łagiewniki,50.0136,19.9325,25,29,380,327,53,0.8620689655172413,13.79,0.951844,False
2026-05-19 14:12:57.576826,Węzeł Balice / A4,50.0878,19.7937,40,40,114,114,0,1.0,0.0,1.0,False
2026-05-19 14:12:57.576826,Węzeł Tyniec / A4,50.0196,19.8078,45,45,605,605,0,1.0,0.0,1.0,False
2026-05-19 14:12:57.576826,Węzeł Wielicka / A4,50.0034,20.0065,36,47,177,136,41,0.7659574468085106,23.4,1.0,False
2026-05-19 17:27:35.069548,Rondo Mogilskie,50.0672,19.9595,34,34,16,16,0,1.0,0.0,1.0,False
2026-05-19 17:27:35.069548,Lubomirskiego,50.0676,19.9536,16,16,95,95,0,1.0,0.0,1.0,False
2026-05-19 17:27:35.069548,Aleja Powstania Warszawskiego,50.0647,19.9608,31,31,49,49,0,1.0,0.0,1.0,False
2026-05-19 17:27:35.069548,Grzegórzecka,50.0578,19.9564,21,29,65,47,18,0.7241379310344828,27.59,1.0,False
2026-05-19 17:27:35.069548,Rondo Grzegórzeckie,50.0576,19.9609,30,30,50,50,0,1.0,0.0,1.0,False
2026-05-19 17:27:35.069548,Galeria Krakowska / Pawia,50.0669,19.9457,49,49,121,121,0,1.0,0.0,1.0,False
2026-05-19 17:27:35.069548,Dworzec Główny Tunel,50.0686,19.9477,39,39,124,124,0,1.0,0.0,1.0,False
2026-05-19 17:27:35.069548,Aleje Trzech Wieszczów - AGH,50.0674,19.9209,21,21,84,84,0,1.0,0.0,1.0,False
2026-05-19 17:27:35.069548,Plac Inwalidów,50.0671,19.9269,16,16,128,128,0,1.0,0.0,1.0,False
2026-05-19 17:27:35.069548,Nowy Kleparz,50.0731,19.9352,16,25,70,45,25,0.64,36.0,0.99,False
2026-05-19 17:27:35.069548,Aleja Słowackiego / Łobzowska,50.0692,19.9302,27,27,270,270,0,1.0,0.0,1.0,False
2026-05-19 17:27:35.069548,Cracovia / Aleja Mickiewicza,50.0595,19.9235,24,33,313,228,85,0.7272727272727273,27.27,1.0,False
2026-05-19 17:27:35.069548,Rondo Grunwaldzkie,50.0492,19.9317,9,16,45,25,20,0.5625,43.75,1.0,False
2026-05-19 17:27:35.069548,Most Dębnicki,50.053,19.9278,28,28,177,177,0,1.0,0.0,1.0,False
2026-05-19 17:27:35.069548,Rondo Matecznego,50.0364,19.9406,25,25,7,7,0,1.0,0.0,1.0,False
2026-05-19 17:27:35.069548,Kalwaryjska,50.0412,19.9443,25,25,115,115,0,1.0,0.0,1.0,False
2026-05-19 17:27:35.069548,Bonarka / Kamieńskiego,50.0298,19.9513,34,34,15,15,0,1.0,0.0,1.0,False
2026-05-19 17:27:35.069548,Zakopiańska / Brożka,50.0227,19.9349,40,40,71,71,0,1.0,0.0,1.0,False
2026-05-19 17:27:35.069548,Łagiewniki,50.0202,19.9378,60,60,203,203,0,1.0,0.0,1.0,False
2026-05-19 17:27:35.069548,Opolska Estakada,50.0857,19.9536,34,34,50,50,0,1.0,0.0,1.0,False
2026-05-19 17:27:35.069548,Rondo Polsadu,50.0879,19.9618,43,43,35,35,0,1.0,0.0,1.0,False
2026-05-19 17:27:35.069548,Rondo Barei,50.0911,19.9742,26,38,59,40,19,0.6842105263157895,31.58,1.0,False
2026-05-19 17:27:35.069548,Aleja 29 Listopada / Opolska,50.0861,19.952,46,57,345,279,66,0.8070175438596491,19.3,1.0,False
2026-05-19 17:27:35.069548,Aleja 29 Listopada / Dobrego Pasterza,50.0953,19.9746,27,40,140,94,46,0.675,32.5,1.0,False
2026-05-19 17:27:35.069548,Rondo Ofiar Katynia,50.0879,19.8976,46,57,345,279,66,0.8070175438596491,19.3,1.0,False
2026-05-19 17:27:35.069548,Bronowice SKA,50.0814,19.8994,112,112,498,498,0,1.0,0.0,1.0,False
2026-05-19 17:27:35.069548,Armii Krajowej / Zarzecze,50.0738,19.8985,25,25,137,137,0,1.0,0.0,1.0,False
2026-05-19 17:27:35.069548,Czarnowiejska / Armii Krajowej,50.069,19.9075,22,35,119,75,44,0.6285714285714286,37.14,1.0,False
2026-05-19 17:27:35.069548,Rondo Czyżyńskie,50.0729,20.0167,38,38,10,10,0,1.0,0.0,1.0,False
2026-05-19 17:27:35.069548,Plac Centralny,50.072,20.0372,12,20,121,72,49,0.6,40.0,1.0,False
2026-05-19 17:27:35.069548,Aleja Pokoju / Centralna,50.0667,20.0028,23,49,84,39,45,0.46938775510204084,53.06,1.0,False
2026-05-19 17:27:35.069548,Nowohucka / Klimeckiego,50.0503,19.9765,23,28,291,239,52,0.8214285714285714,17.86,0.958856,False
2026-05-19 17:27:35.069548,M1 / Aleja Pokoju,50.0661,20.0149,20,34,168,99,69,0.5882352941176471,41.18,0.915037,False
2026-05-19 17:27:35.069548,Wielicka / Powstańców Wielkopolskich,50.0335,19.9621,37,48,117,90,27,0.7708333333333334,22.92,1.0,False
2026-05-19 17:27:35.069548,Estakada Obrońców Lwowa,50.0396,19.9627,37,48,117,90,27,0.7708333333333334,22.92,1.0,False
2026-05-19 17:27:35.069548,Bieżanowska / Wielicka,50.0207,19.982,24,24,113,113,0,1.0,0.0,1.0,False
2026-05-19 17:27:35.069548,Prokocim Szpital,50.0117,20.0005,46,46,60,60,0,1.0,0.0,1.0,False
2026-05-19 17:27:35.069548,Węzeł Łagiewniki,50.0136,19.9325,25,29,380,327,53,0.8620689655172413,13.79,0.924498,False
2026-05-19 17:27:35.069548,Węzeł Balice / A4,50.0878,19.7937,40,40,114,114,0,1.0,0.0,1.0,False
2026-05-19 17:27:35.069548,Węzeł Tyniec / A4,50.0196,19.8078,45,45,605,605,0,1.0,0.0,1.0,False
2026-05-19 17:27:35.069548,Węzeł Wielicka / A4,50.0034,20.0065,48,48,133,133,0,1.0,0.0,1.0,False
2026-05-19 19:28:40.630086,Rondo Mogilskie,50.0672,19.9595,34,34,16,16,0,1.0,0.0,1.0,False
2026-05-19 19:28:40.630086,Lubomirskiego,50.0676,19.9536,16,16,95,95,0,1.0,0.0,1.0,False
2026-05-19 19:28:40.630086,Aleja Powstania Warszawskiego,50.0647,19.9608,22,31,69,49,20,0.7096774193548387,29.03,0.920954,False
2026-05-19 19:28:40.630086,Grzegórzecka,50.0578,19.9564,29,29,47,47,0,1.0,0.0,1.0,False
2026-05-19 19:28:40.630086,Rondo Grzegórzeckie,50.0576,19.9609,24,30,62,50,12,0.8,20.0,1.0,False
2026-05-19 19:28:40.630086,Galeria Krakowska / Pawia,50.0669,19.9457,49,49,121,121,0,1.0,0.0,1.0,False
2026-05-19 19:28:40.630086,Dworzec Główny Tunel,50.0686,19.9477,39,39,124,124,0,1.0,0.0,1.0,False
2026-05-19 19:28:40.630086,Aleje Trzech Wieszczów - AGH,50.0674,19.9209,21,21,84,84,0,1.0,0.0,1.0,False
2026-05-19 19:28:40.630086,Plac Inwalidów,50.0671,19.9269,16,16,128,128,0,1.0,0.0,1.0,False
2026-05-19 19:28:40.630086,Nowy Kleparz,50.0731,19.9352,19,25,59,45,14,0.76,24.0,0.98,False
2026-05-19 19:28:40.630086,Aleja Słowackiego / Łobzowska,50.0692,19.9302,27,27,270,270,0,1.0,0.0,1.0,False
2026-05-19 19:28:40.630086,Cracovia / Aleja Mickiewicza,50.0595,19.9235,34,34,221,221,0,1.0,0.0,1.0,False
2026-05-19 19:28:40.630086,Rondo Grunwaldzkie,50.0492,19.9317,12,16,34,25,9,0.75,25.0,1.0,False
2026-05-19 19:28:40.630086,Most Dębnicki,50.053,19.9278,28,28,177,177,0,1.0,0.0,1.0,False
2026-05-19 19:28:40.630086,Rondo Matecznego,50.0364,19.9406,13,24,14,7,7,0.5416666666666666,45.83,1.0,False
2026-05-19 19:28:40.630086,Kalwaryjska,50.0412,19.9443,25,25,115,115,0,1.0,0.0,1.0,False
2026-05-19 19:28:40.630086,Bonarka / Kamieńskiego,50.0298,19.9513,34,34,15,15,0,1.0,0.0,1.0,False
2026-05-19 19:28:40.630086,Zakopiańska / Brożka,50.0227,19.9349,40,40,71,71,0,1.0,0.0,1.0,False
2026-05-19 19:28:40.630086,Łagiewniki,50.0202,19.9378,60,60,203,203,0,1.0,0.0,1.0,False
2026-05-19 19:28:40.630086,Opolska Estakada,50.0857,19.9536,34,34,50,50,0,1.0,0.0,1.0,False
2026-05-19 19:28:40.630086,Rondo Polsadu,50.0879,19.9618,43,43,35,35,0,1.0,0.0,1.0,False
2026-05-19 19:28:40.630086,Rondo Barei,50.0911,19.9742,28,37,55,42,13,0.7567567567567568,24.32,1.0,False
2026-05-19 19:28:40.630086,Aleja 29 Listopada / Opolska,50.0861,19.952,52,58,305,274,31,0.896551724137931,10.34,1.0,False
2026-05-19 19:28:40.630086,Aleja 29 Listopada / Dobrego Pasterza,50.0953,19.9746,28,41,135,92,43,0.6829268292682927,31.71,0.98,False
2026-05-19 19:28:40.630086,Rondo Ofiar Katynia,50.0879,19.8976,52,58,305,274,31,0.896551724137931,10.34,1.0,False
2026-05-19 19:28:40.630086,Bronowice SKA,50.0814,19.8994,112,112,498,498,0,1.0,0.0,1.0,False
2026-05-19 19:28:40.630086,Armii Krajowej / Zarzecze,50.0738,19.8985,25,25,137,137,0,1.0,0.0,1.0,False
2026-05-19 19:28:40.630086,Czarnowiejska / Armii Krajowej,50.069,19.9075,36,36,73,73,0,1.0,0.0,1.0,False
2026-05-19 19:28:40.630086,Rondo Czyżyńskie,50.0729,20.0167,38,38,10,10,0,1.0,0.0,1.0,False
2026-05-19 19:28:40.630086,Plac Centralny,50.072,20.0372,16,20,91,72,19,0.8,20.0,1.0,False
2026-05-19 19:28:40.630086,Aleja Pokoju / Centralna,50.0667,20.0028,26,49,74,39,35,0.5306122448979592,46.94,1.0,False
2026-05-19 19:28:40.630086,Nowohucka / Klimeckiego,50.0503,19.9765,23,29,291,230,61,0.7931034482758621,20.69,0.948174,False
2026-05-19 19:28:40.630086,M1 / Aleja Pokoju,50.0661,20.0149,28,28,120,120,0,1.0,0.0,1.0,False
2026-05-19 19:28:40.630086,Wielicka / Powstańców Wielkopolskich,50.0335,19.9621,49,49,88,88,0,1.0,0.0,1.0,False
2026-05-19 19:28:40.630086,Estakada Obrońców Lwowa,50.0396,19.9627,49,49,88,88,0,1.0,0.0,1.0,False
2026-05-19 19:28:40.630086,Bieżanowska / Wielicka,50.0207,19.982,24,24,113,113,0,1.0,0.0,1.0,False
2026-05-19 19:28:40.630086,Prokocim Szpital,50.0117,20.0005,46,46,60,60,0,1.0,0.0,1.0,False
2026-05-19 19:28:40.630086,Węzeł Łagiewniki,50.0136,19.9325,29,29,327,327,0,1.0,0.0,1.0,False
2026-05-19 19:28:40.630086,Węzeł Balice / A4,50.0878,19.7937,40,40,114,114,0,1.0,0.0,1.0,False
2026-05-19 19:28:40.630086,Węzeł Tyniec / A4,50.0196,19.8078,45,45,605,605,0,1.0,0.0,1.0,False
2026-05-19 19:28:40.630086,Węzeł Wielicka / A4,50.0034,20.0065,48,48,133,133,0,1.0,0.0,1.0,False
2026-05-19 21:05:59.722883,Rondo Mogilskie,50.0672,19.9595,34,34,16,16,0,1.0,0.0,1,False
2026-05-19 21:05:59.722883,Lubomirskiego,50.0676,19.9536,16,16,95,95,0,1.0,0.0,1,False
2026-05-19 21:05:59.722883,Aleja Powstania Warszawskiego,50.0647,19.9608,31,31,49,49,0,1.0,0.0,1,False
2026-05-19 21:05:59.722883,Grzegórzecka,50.0578,19.9564,29,29,47,47,0,1.0,0.0,1,False
2026-05-19 21:05:59.722883,Rondo Grzegórzeckie,50.0576,19.9609,21,29,71,51,20,0.7241379310344828,27.59,1,False
2026-05-19 21:05:59.722883,Galeria Krakowska / Pawia,50.0669,19.9457,49,49,121,121,0,1.0,0.0,1,False
2026-05-19 21:05:59.722883,Dworzec Główny Tunel,50.0686,19.9477,39,39,124,124,0,1.0,0.0,1,False
2026-05-19 21:05:59.722883,Aleje Trzech Wieszczów - AGH,50.0674,19.9209,21,21,84,84,0,1.0,0.0,1,False
2026-05-19 21:05:59.722883,Plac Inwalidów,50.0671,19.9269,16,16,128,128,0,1.0,0.0,1,False
2026-05-19 21:05:59.722883,Nowy Kleparz,50.0731,19.9352,26,26,43,43,0,1.0,0.0,1,False
2026-05-19 21:05:59.722883,Aleja Słowackiego / Łobzowska,50.0692,19.9302,27,27,270,270,0,1.0,0.0,1,False
2026-05-19 21:05:59.722883,Cracovia / Aleja Mickiewicza,50.0595,19.9235,34,34,221,221,0,1.0,0.0,1,False
2026-05-19 21:05:59.722883,Rondo Grunwaldzkie,50.0492,19.9317,17,17,24,24,0,1.0,0.0,1,False
2026-05-19 21:05:59.722883,Most Dębnicki,50.053,19.9278,28,28,177,177,0,1.0,0.0,1,False
2026-05-19 21:05:59.722883,Rondo Matecznego,50.0364,19.9406,25,25,7,7,0,1.0,0.0,1,False
2026-05-19 21:05:59.722883,Kalwaryjska,50.0412,19.9443,25,25,115,115,0,1.0,0.0,1,False
2026-05-19 21:05:59.722883,Bonarka / Kamieńskiego,50.0298,19.9513,34,34,15,15,0,1.0,0.0,1,False
2026-05-19 21:05:59.722883,Zakopiańska / Brożka,50.0227,19.9349,40,40,71,71,0,1.0,0.0,1,False
2026-05-19 21:05:59.722883,Łagiewniki,50.0202,19.9378,60,60,203,203,0,1.0,0.0,1,False
2026-05-19 21:05:59.722883,Opolska Estakada,50.0857,19.9536,34,34,50,50,0,1.0,0.0,1,False
2026-05-19 21:05:59.722883,Rondo Polsadu,50.0879,19.9618,43,43,35,35,0,1.0,0.0,1,False
2026-05-19 21:05:59.722883,Rondo Barei,50.0911,19.9742,38,38,40,40,0,1.0,0.0,1,False
2026-05-19 21:05:59.722883,Aleja 29 Listopada / Opolska,50.0861,19.952,56,56,284,284,0,1.0,0.0,1,False
2026-05-19 21:05:59.722883,Aleja 29 Listopada / Dobrego Pasterza,50.0953,19.9746,41,41,92,92,0,1.0,0.0,1,False
2026-05-19 21:05:59.722883,Rondo Ofiar Katynia,50.0879,19.8976,56,56,284,284,0,1.0,0.0,1,False
2026-05-19 21:05:59.722883,Bronowice SKA,50.0814,19.8994,112,112,498,498,0,1.0,0.0,1,False
2026-05-19 21:05:59.722883,Armii Krajowej / Zarzecze,50.0738,19.8985,25,25,137,137,0,1.0,0.0,1,False
2026-05-19 21:05:59.722883,Czarnowiejska / Armii Krajowej,50.069,19.9075,31,36,84,73,11,0.8611111111111112,13.89,1,False
2026-05-19 21:05:59.722883,Rondo Czyżyńskie,50.0729,20.0167,38,38,10,10,0,1.0,0.0,1,False
2026-05-19 21:05:59.722883,Plac Centralny,50.072,20.0372,21,21,69,69,0,1.0,0.0,1,False
2026-05-19 21:05:59.722883,Aleja Pokoju / Centralna,50.0667,20.0028,49,49,39,39,0,1.0,0.0,1,False
2026-05-19 21:05:59.722883,Nowohucka / Klimeckiego,50.0503,19.9765,29,29,230,230,0,1.0,0.0,1,False
2026-05-19 21:05:59.722883,M1 / Aleja Pokoju,50.0661,20.0149,28,28,120,120,0,1.0,0.0,1,False
2026-05-19 21:05:59.722883,Wielicka / Powstańców Wielkopolskich,50.0335,19.9621,49,49,88,88,0,1.0,0.0,1,False
2026-05-19 21:05:59.722883,Estakada Obrońców Lwowa,50.0396,19.9627,49,49,88,88,0,1.0,0.0,1,False
2026-05-19 21:05:59.722883,Bieżanowska / Wielicka,50.0207,19.982,24,24,113,113,0,1.0,0.0,1,False
2026-05-19 21:05:59.722883,Prokocim Szpital,50.0117,20.0005,46,46,60,60,0,1.0,0.0,1,False
2026-05-19 21:05:59.722883,Węzeł Łagiewniki,50.0136,19.9325,29,29,327,327,0,1.0,0.0,1,False
2026-05-19 21:05:59.722883,Węzeł Balice / A4,50.0878,19.7937,40,40,114,114,0,1.0,0.0,1,False
2026-05-19 21:05:59.722883,Węzeł Tyniec / A4,50.0196,19.8078,45,45,605,605,0,1.0,0.0,1,False
2026-05-19 21:05:59.722883,Węzeł Wielicka / A4,50.0034,20.0065,48,48,133,133,0,1.0,0.0,1,False
2026-05-19 22:47:03.155486,Rondo Mogilskie,50.0672,19.9595,34,34,16,16,0,1.0,0.0,1.0,False
2026-05-19 22:47:03.155486,Lubomirskiego,50.0676,19.9536,16,16,95,95,0,1.0,0.0,1.0,False
2026-05-19 22:47:03.155486,Aleja Powstania Warszawskiego,50.0647,19.9608,31,31,49,49,0,1.0,0.0,1.0,False
2026-05-19 22:47:03.155486,Grzegórzecka,50.0578,19.9564,29,29,47,47,0,1.0,0.0,1.0,False
2026-05-19 22:47:03.155486,Rondo Grzegórzeckie,50.0576,19.9609,30,30,50,50,0,1.0,0.0,1.0,False
2026-05-19 22:47:03.155486,Galeria Krakowska / Pawia,50.0669,19.9457,49,49,121,121,0,1.0,0.0,1.0,False
2026-05-19 22:47:03.155486,Dworzec Główny Tunel,50.0686,19.9477,39,39,124,124,0,1.0,0.0,1.0,False
2026-05-19 22:47:03.155486,Aleje Trzech Wieszczów - AGH,50.0674,19.9209,21,21,84,84,0,1.0,0.0,1.0,False
2026-05-19 22:47:03.155486,Plac Inwalidów,50.0671,19.9269,16,16,128,128,0,1.0,0.0,1.0,False
2026-05-19 22:47:03.155486,Nowy Kleparz,50.0731,19.9352,26,26,43,43,0,1.0,0.0,1.0,False
2026-05-19 22:47:03.155486,Aleja Słowackiego / Łobzowska,50.0692,19.9302,27,27,270,270,0,1.0,0.0,1.0,False
2026-05-19 22:47:03.155486,Cracovia / Aleja Mickiewicza,50.0595,19.9235,34,34,221,221,0,1.0,0.0,1.0,False
2026-05-19 22:47:03.155486,Rondo Grunwaldzkie,50.0492,19.9317,17,17,24,24,0,1.0,0.0,1.0,False
2026-05-19 22:47:03.155486,Most Dębnicki,50.053,19.9278,28,28,177,177,0,1.0,0.0,1.0,False
2026-05-19 22:47:03.155486,Rondo Matecznego,50.0364,19.9406,25,25,7,7,0,1.0,0.0,1.0,False
2026-05-19 22:47:03.155486,Kalwaryjska,50.0412,19.9443,25,25,115,115,0,1.0,0.0,1.0,False
2026-05-19 22:47:03.155486,Bonarka / Kamieńskiego,50.0298,19.9513,34,34,15,15,0,1.0,0.0,1.0,False
2026-05-19 22:47:03.155486,Zakopiańska / Brożka,50.0227,19.9349,40,40,71,71,0,1.0,0.0,1.0,False
2026-05-19 22:47:03.155486,Łagiewniki,50.0202,19.9378,60,60,203,203,0,1.0,0.0,1.0,False
2026-05-19 22:47:03.155486,Opolska Estakada,50.0857,19.9536,34,34,50,50,0,1.0,0.0,1.0,False
2026-05-19 22:47:03.155486,Rondo Polsadu,50.0879,19.9618,43,43,35,35,0,1.0,0.0,1.0,False
2026-05-19 22:47:03.155486,Rondo Barei,50.0911,19.9742,38,38,40,40,0,1.0,0.0,1.0,False
2026-05-19 22:47:03.155486,Aleja 29 Listopada / Opolska,50.0861,19.952,56,56,284,284,0,1.0,0.0,1.0,False
2026-05-19 22:47:03.155486,Aleja 29 Listopada / Dobrego Pasterza,50.0953,19.9746,41,41,92,92,0,1.0,0.0,1.0,False
2026-05-19 22:47:03.155486,Rondo Ofiar Katynia,50.0879,19.8976,56,56,284,284,0,1.0,0.0,1.0,False
2026-05-19 22:47:03.155486,Bronowice SKA,50.0814,19.8994,112,112,498,498,0,1.0,0.0,1.0,False
2026-05-19 22:47:03.155486,Armii Krajowej / Zarzecze,50.0738,19.8985,25,25,137,137,0,1.0,0.0,1.0,False
2026-05-19 22:47:03.155486,Czarnowiejska / Armii Krajowej,50.069,19.9075,36,36,73,73,0,1.0,0.0,1.0,False
2026-05-19 22:47:03.155486,Rondo Czyżyńskie,50.0729,20.0167,38,38,10,10,0,1.0,0.0,1.0,False
2026-05-19 22:47:03.155486,Plac Centralny,50.072,20.0372,21,21,69,69,0,1.0,0.0,1.0,False
2026-05-19 22:47:03.155486,Aleja Pokoju / Centralna,50.0667,20.0028,49,49,39,39,0,1.0,0.0,1.0,False
2026-05-19 22:47:03.155486,Nowohucka / Klimeckiego,50.0503,19.9765,29,29,230,230,0,1.0,0.0,1.0,False
2026-05-19 22:47:03.155486,M1 / Aleja Pokoju,50.0661,20.0149,28,28,120,120,0,1.0,0.0,1.0,False
2026-05-19 22:47:03.155486,Wielicka / Powstańców Wielkopolskich,50.0335,19.9621,49,49,88,88,0,1.0,0.0,1.0,False
2026-05-19 22:47:03.155486,Estakada Obrońców Lwowa,50.0396,19.9627,49,49,88,88,0,1.0,0.0,1.0,False
2026-05-19 22:47:03.155486,Bieżanowska / Wielicka,50.0207,19.982,19,24,143,113,30,0.7916666666666666,20.83,0.584172,False
2026-05-19 22:47:03.155486,Prokocim Szpital,50.0117,20.0005,46,46,60,60,0,1.0,0.0,1.0,False
2026-05-19 22:47:03.155486,Węzeł Łagiewniki,50.0136,19.9325,29,29,327,327,0,1.0,0.0,1.0,False
2026-05-19 22:47:03.155486,Węzeł Balice / A4,50.0878,19.7937,40,40,114,114,0,1.0,0.0,1.0,False
2026-05-19 22:47:03.155486,Węzeł Tyniec / A4,50.0196,19.8078,45,45,605,605,0,1.0,0.0,1.0,False
2026-05-19 22:47:03.155486,Węzeł Wielicka / A4,50.0034,20.0065,48,48,133,133,0,1.0,0.0,1.0,False
2026-05-20 00:15:25.792640,Rondo Mogilskie,50.0672,19.9595,34,34,16,16,0,1.0,0,1,False
2026-05-20 00:15:25.792640,Lubomirskiego,50.0676,19.9536,16,16,95,95,0,1.0,0,1,False
2026-05-20 00:15:25.792640,Aleja Powstania Warszawskiego,50.0647,19.9608,31,31,49,49,0,1.0,0,1,False
2026-05-20 00:15:25.792640,Grzegórzecka,50.0578,19.9564,29,29,47,47,0,1.0,0,1,False
2026-05-20 00:15:25.792640,Rondo Grzegórzeckie,50.0576,19.9609,30,30,50,50,0,1.0,0,1,False
2026-05-20 00:15:25.792640,Galeria Krakowska / Pawia,50.0669,19.9457,49,49,121,121,0,1.0,0,1,False
2026-05-20 00:15:25.792640,Dworzec Główny Tunel,50.0686,19.9477,39,39,124,124,0,1.0,0,1,False
2026-05-20 00:15:25.792640,Aleje Trzech Wieszczów - AGH,50.0674,19.9209,21,21,84,84,0,1.0,0,1,False
2026-05-20 00:15:25.792640,Plac Inwalidów,50.0671,19.9269,16,16,128,128,0,1.0,0,1,False
2026-05-20 00:15:25.792640,Nowy Kleparz,50.0731,19.9352,26,26,43,43,0,1.0,0,1,False
2026-05-20 00:15:25.792640,Aleja Słowackiego / Łobzowska,50.0692,19.9302,27,27,270,270,0,1.0,0,1,False
2026-05-20 00:15:25.792640,Cracovia / Aleja Mickiewicza,50.0595,19.9235,34,34,221,221,0,1.0,0,1,False
2026-05-20 00:15:25.792640,Rondo Grunwaldzkie,50.0492,19.9317,17,17,24,24,0,1.0,0,1,False
2026-05-20 00:15:25.792640,Most Dębnicki,50.053,19.9278,28,28,177,177,0,1.0,0,1,False
2026-05-20 00:15:25.792640,Rondo Matecznego,50.0364,19.9406,25,25,7,7,0,1.0,0,1,False
2026-05-20 00:15:25.792640,Kalwaryjska,50.0412,19.9443,25,25,115,115,0,1.0,0,1,False
2026-05-20 00:15:25.792640,Bonarka / Kamieńskiego,50.0298,19.9513,34,34,15,15,0,1.0,0,1,False
2026-05-20 00:15:25.792640,Zakopiańska / Brożka,50.0227,19.9349,40,40,71,71,0,1.0,0,1,False
2026-05-20 00:15:25.792640,Łagiewniki,50.0202,19.9378,60,60,203,203,0,1.0,0,1,False
2026-05-20 00:15:25.792640,Opolska Estakada,50.0857,19.9536,34,34,50,50,0,1.0,0,1,False
2026-05-20 00:15:25.792640,Rondo Polsadu,50.0879,19.9618,43,43,35,35,0,1.0,0,1,False
2026-05-20 00:15:25.792640,Rondo Barei,50.0911,19.9742,38,38,40,40,0,1.0,0,1,False
2026-05-20 00:15:25.792640,Aleja 29 Listopada / Opolska,50.0861,19.952,56,56,284,284,0,1.0,0,1,False
2026-05-20 00:15:25.792640,Aleja 29 Listopada / Dobrego Pasterza,50.0953,19.9746,41,41,92,92,0,1.0,0,1,False
2026-05-20 00:15:25.792640,Rondo Ofiar Katynia,50.0879,19.8976,56,56,284,284,0,1.0,0,1,False
2026-05-20 00:15:25.792640,Bronowice SKA,50.0814,19.8994,112,112,498,498,0,1.0,0,1,False
2026-05-20 00:15:25.792640,Armii Krajowej / Zarzecze,50.0738,19.8985,25,25,137,137,0,1.0,0,1,False
2026-05-20 00:15:25.792640,Czarnowiejska / Armii Krajowej,50.069,19.9075,36,36,73,73,0,1.0,0,1,False
2026-05-20 00:15:25.792640,Rondo Czyżyńskie,50.0729,20.0167,38,38,10,10,0,1.0,0,1,False
2026-05-20 00:15:25.792640,Plac Centralny,50.072,20.0372,21,21,69,69,0,1.0,0,1,False
2026-05-20 00:15:25.792640,Aleja Pokoju / Centralna,50.0667,20.0028,49,49,39,39,0,1.0,0,1,False
2026-05-20 00:15:25.792640,Nowohucka / Klimeckiego,50.0503,19.9765,29,29,230,230,0,1.0,0,1,False
2026-05-20 00:15:25.792640,M1 / Aleja Pokoju,50.0661,20.0149,28,28,120,120,0,1.0,0,1,False
2026-05-20 00:15:25.792640,Wielicka / Powstańców Wielkopolskich,50.0335,19.9621,49,49,88,88,0,1.0,0,1,False
2026-05-20 00:15:25.792640,Estakada Obrońców Lwowa,50.0396,19.9627,49,49,88,88,0,1.0,0,1,False
2026-05-20 00:15:25.792640,Bieżanowska / Wielicka,50.0207,19.982,24,24,113,113,0,1.0,0,1,False
2026-05-20 00:15:25.792640,Prokocim Szpital,50.0117,20.0005,46,46,60,60,0,1.0,0,1,False
2026-05-20 00:15:25.792640,Węzeł Łagiewniki,50.0136,19.9325,29,29,327,327,0,1.0,0,1,False
2026-05-20 00:15:25.792640,Węzeł Balice / A4,50.0878,19.7937,40,40,114,114,0,1.0,0,1,False
2026-05-20 00:15:25.792640,Węzeł Tyniec / A4,50.0196,19.8078,45,45,605,605,0,1.0,0,1,False
2026-05-20 00:15:25.792640,Węzeł Wielicka / A4,50.0034,20.0065,48,48,133,133,0,1.0,0,1,False
2026-05-20 04:49:31.237022,Rondo Mogilskie,50.0672,19.9595,26,33,21,16,5,0.7878787878787878,21.21,1.0,False
2026-05-20 04:49:31.237022,Lubomirskiego,50.0676,19.9536,16,16,95,95,0,1.0,0.0,1.0,False
2026-05-20 04:49:31.237022,Aleja Powstania Warszawskiego,50.0647,19.9608,18,30,84,50,34,0.6,40.0,0.98,False
2026-05-20 04:49:31.237022,Grzegórzecka,50.0578,19.9564,29,29,47,47,0,1.0,0.0,1.0,False
2026-05-20 04:49:31.237022,Rondo Grzegórzeckie,50.0576,19.9609,30,30,50,50,0,1.0,0.0,1.0,False
2026-05-20 04:49:31.237022,Galeria Krakowska / Pawia,50.0669,19.9457,49,49,121,121,0,1.0,0.0,1.0,False
2026-05-20 04:49:31.237022,Dworzec Główny Tunel,50.0686,19.9477,35,48,139,101,38,0.7291666666666666,27.08,1.0,False
2026-05-20 04:49:31.237022,Aleje Trzech Wieszczów - AGH,50.0674,19.9209,21,21,84,84,0,1.0,0.0,1.0,False
2026-05-20 04:49:31.237022,Plac Inwalidów,50.0671,19.9269,16,16,128,128,0,1.0,0.0,1.0,False
2026-05-20 04:49:31.237022,Nowy Kleparz,50.0731,19.9352,16,26,70,43,27,0.6153846153846154,38.46,0.99,False
2026-05-20 04:49:31.237022,Aleja Słowackiego / Łobzowska,50.0692,19.9302,21,28,348,261,87,0.75,25.0,0.873981,False
2026-05-20 04:49:31.237022,Cracovia / Aleja Mickiewicza,50.0595,19.9235,34,34,221,221,0,1.0,0.0,1.0,False
2026-05-20 04:49:31.237022,Rondo Grunwaldzkie,50.0492,19.9317,17,17,24,24,0,1.0,0.0,1.0,False
2026-05-20 04:49:31.237022,Most Dębnicki,50.053,19.9278,28,28,177,177,0,1.0,0.0,1.0,False
2026-05-20 04:49:31.237022,Rondo Matecznego,50.0364,19.9406,18,25,10,7,3,0.72,28.0,1.0,False
2026-05-20 04:49:31.237022,Kalwaryjska,50.0412,19.9443,25,25,115,115,0,1.0,0.0,1.0,False
2026-05-20 04:49:31.237022,Bonarka / Kamieńskiego,50.0298,19.9513,34,34,15,15,0,1.0,0.0,1.0,False
2026-05-20 04:49:31.237022,Zakopiańska / Brożka,50.0227,19.9349,26,44,110,65,45,0.5909090909090909,40.91,1.0,False
2026-05-20 04:49:31.237022,Łagiewniki,50.0202,19.9378,60,60,203,203,0,1.0,0.0,1.0,False
2026-05-20 04:49:31.237022,Opolska Estakada,50.0857,19.9536,34,34,50,50,0,1.0,0.0,1.0,False
2026-05-20 04:49:31.237022,Rondo Polsadu,50.0879,19.9618,43,43,35,35,0,1.0,0.0,1.0,False
2026-05-20 04:49:31.237022,Rondo Barei,50.0911,19.9742,30,38,51,40,11,0.7894736842105263,21.05,0.97,False
2026-05-20 04:49:31.237022,Aleja 29 Listopada / Opolska,50.0861,19.952,43,58,369,274,95,0.7413793103448276,25.86,1.0,False
2026-05-20 04:49:31.237022,Aleja 29 Listopada / Dobrego Pasterza,50.0953,19.9746,41,41,92,92,0,1.0,0.0,1.0,False
2026-05-20 04:49:31.237022,Rondo Ofiar Katynia,50.0879,19.8976,43,58,369,274,95,0.7413793103448276,25.86,1.0,False
2026-05-20 04:49:31.237022,Bronowice SKA,50.0814,19.8994,67,112,833,498,335,0.5982142857142857,40.18,1.0,False
2026-05-20 04:49:31.237022,Armii Krajowej / Zarzecze,50.0738,19.8985,25,25,137,137,0,1.0,0.0,1.0,False
2026-05-20 04:49:31.237022,Czarnowiejska / Armii Krajowej,50.069,19.9075,36,36,73,73,0,1.0,0.0,1.0,False
2026-05-20 04:49:31.237022,Rondo Czyżyńskie,50.0729,20.0167,38,38,10,10,0,1.0,0.0,1.0,False
2026-05-20 04:49:31.237022,Plac Centralny,50.072,20.0372,21,21,69,69,0,1.0,0.0,1.0,False
2026-05-20 04:49:31.237022,Aleja Pokoju / Centralna,50.0667,20.0028,32,49,60,39,21,0.6530612244897959,34.69,1.0,False
2026-05-20 04:49:31.237022,Nowohucka / Klimeckiego,50.0503,19.9765,29,29,230,230,0,1.0,0.0,1.0,False
2026-05-20 04:49:31.237022,M1 / Aleja Pokoju,50.0661,20.0149,28,28,120,120,0,1.0,0.0,1.0,False
2026-05-20 04:49:31.237022,Wielicka / Powstańców Wielkopolskich,50.0335,19.9621,37,48,117,90,27,0.7708333333333334,22.92,1.0,False
2026-05-20 04:49:31.237022,Estakada Obrońców Lwowa,50.0396,19.9627,37,48,117,90,27,0.7708333333333334,22.92,1.0,False
2026-05-20 04:49:31.237022,Bieżanowska / Wielicka,50.0207,19.982,20,24,136,113,23,0.8333333333333334,16.67,0.905828,False
2026-05-20 04:49:31.237022,Prokocim Szpital,50.0117,20.0005,32,46,86,60,26,0.6956521739130435,30.43,1.0,False
2026-05-20 04:49:31.237022,Węzeł Łagiewniki,50.0136,19.9325,29,29,327,327,0,1.0,0.0,1.0,False
2026-05-20 04:49:31.237022,Węzeł Balice / A4,50.0878,19.7937,40,40,114,114,0,1.0,0.0,1.0,False
2026-05-20 04:49:31.237022,Węzeł Tyniec / A4,50.0196,19.8078,45,45,605,605,0,1.0,0.0,1.0,False
2026-05-20 04:49:31.237022,Węzeł Wielicka / A4,50.0034,20.0065,48,48,133,133,0,1.0,0.0,1.0,False
2026-05-20 08:33:49.963732,Rondo Mogilskie,50.0672,19.9595,34,34,16,16,0,1.0,0.0,1.0,False
2026-05-20 08:33:49.963732,Lubomirskiego,50.0676,19.9536,16,16,95,95,0,1.0,0.0,1.0,False
2026-05-20 08:33:49.963732,Aleja Powstania Warszawskiego,50.0647,19.9608,24,30,63,50,13,0.8,20.0,1.0,False
2026-05-20 08:33:49.963732,Grzegórzecka,50.0578,19.9564,21,28,65,48,17,0.75,25.0,1.0,False
2026-05-20 08:33:49.963732,Rondo Grzegórzeckie,50.0576,19.9609,21,30,71,50,21,0.7,30.0,1.0,False
2026-05-20 08:33:49.963732,Galeria Krakowska / Pawia,50.0669,19.9457,49,49,121,121,0,1.0,0.0,1.0,False
2026-05-20 08:33:49.963732,Dworzec Główny Tunel,50.0686,19.9477,37,46,131,105,26,0.8043478260869565,19.57,1.0,False
2026-05-20 08:33:49.963732,Aleje Trzech Wieszczów - AGH,50.0674,19.9209,21,21,84,84,0,1.0,0.0,1.0,False
2026-05-20 08:33:49.963732,Plac Inwalidów,50.0671,19.9269,16,16,128,128,0,1.0,0.0,1.0,False
2026-05-20 08:33:49.963732,Nowy Kleparz,50.0731,19.9352,19,25,59,45,14,0.76,24.0,1.0,False
2026-05-20 08:33:49.963732,Aleja Słowackiego / Łobzowska,50.0692,19.9302,21,27,348,270,78,0.7777777777777778,22.22,0.986294,False
2026-05-20 08:33:49.963732,Cracovia / Aleja Mickiewicza,50.0595,19.9235,34,34,221,221,0,1.0,0.0,1.0,False
2026-05-20 08:33:49.963732,Rondo Grunwaldzkie,50.0492,19.9317,12,17,34,24,10,0.7058823529411765,29.41,1.0,False
2026-05-20 08:33:49.963732,Most Dębnicki,50.053,19.9278,19,27,261,184,77,0.7037037037037037,29.63,0.967505,False
2026-05-20 08:33:49.963732,Rondo Matecznego,50.0364,19.9406,15,25,12,7,5,0.6,40.0,1.0,False
2026-05-20 08:33:49.963732,Kalwaryjska,50.0412,19.9443,25,25,115,115,0,1.0,0.0,1.0,False
2026-05-20 08:33:49.963732,Bonarka / Kamieńskiego,50.0298,19.9513,34,34,15,15,0,1.0,0.0,1.0,False
2026-05-20 08:33:49.963732,Zakopiańska / Brożka,50.0227,19.9349,39,51,73,56,17,0.7647058823529411,23.53,1.0,False
2026-05-20 08:33:49.963732,Łagiewniki,50.0202,19.9378,58,60,210,203,7,0.9666666666666667,3.33,1.0,False
2026-05-20 08:33:49.963732,Opolska Estakada,50.0857,19.9536,34,34,50,50,0,1.0,0.0,1.0,False
2026-05-20 08:33:49.963732,Rondo Polsadu,50.0879,19.9618,43,43,35,35,0,1.0,0.0,1.0,False
2026-05-20 08:33:49.963732,Rondo Barei,50.0911,19.9742,38,38,40,40,0,1.0,0.0,1.0,False
2026-05-20 08:33:49.963732,Aleja 29 Listopada / Opolska,50.0861,19.952,43,56,369,284,85,0.7678571428571429,23.21,1.0,False
2026-05-20 08:33:49.963732,Aleja 29 Listopada / Dobrego Pasterza,50.0953,19.9746,31,40,121,94,27,0.775,22.5,1.0,False
2026-05-20 08:33:49.963732,Rondo Ofiar Katynia,50.0879,19.8976,43,56,369,284,85,0.7678571428571429,23.21,1.0,False
2026-05-20 08:33:49.963732,Bronowice SKA,50.0814,19.8994,112,112,498,498,0,1.0,0.0,1.0,False
2026-05-20 08:33:49.963732,Armii Krajowej / Zarzecze,50.0738,19.8985,25,25,137,137,0,1.0,0.0,1.0,False
2026-05-20 08:33:49.963732,Czarnowiejska / Armii Krajowej,50.069,19.9075,28,36,94,73,21,0.7777777777777778,22.22,1.0,False
2026-05-20 08:33:49.963732,Rondo Czyżyńskie,50.0729,20.0167,38,38,10,10,0,1.0,0.0,1.0,False
2026-05-20 08:33:49.963732,Plac Centralny,50.072,20.0372,21,21,69,69,0,1.0,0.0,1.0,False
2026-05-20 08:33:49.963732,Aleja Pokoju / Centralna,50.0667,20.0028,31,49,62,39,23,0.6326530612244898,36.73,1.0,False
2026-05-20 08:33:49.963732,Nowohucka / Klimeckiego,50.0503,19.9765,24,29,278,230,48,0.8275862068965517,17.24,0.966723,False
2026-05-20 08:33:49.963732,M1 / Aleja Pokoju,50.0661,20.0149,28,28,120,120,0,1.0,0.0,1.0,False
2026-05-20 08:33:49.963732,Wielicka / Powstańców Wielkopolskich,50.0335,19.9621,34,48,127,90,37,0.7083333333333334,29.17,1.0,False
2026-05-20 08:33:49.963732,Estakada Obrońców Lwowa,50.0396,19.9627,34,48,127,90,37,0.7083333333333334,29.17,1.0,False
2026-05-20 08:33:49.963732,Bieżanowska / Wielicka,50.0207,19.982,24,24,113,113,0,1.0,0.0,1.0,False
2026-05-20 08:33:49.963732,Prokocim Szpital,50.0117,20.0005,27,46,102,60,42,0.5869565217391305,41.3,1.0,False
2026-05-20 08:33:49.963732,Węzeł Łagiewniki,50.0136,19.9325,29,29,327,327,0,1.0,0.0,1.0,False
2026-05-20 08:33:49.963732,Węzeł Balice / A4,50.0878,19.7937,40,40,114,114,0,1.0,0.0,1.0,False
2026-05-20 08:33:49.963732,Węzeł Tyniec / A4,50.0196,19.8078,45,45,605,605,0,1.0,0.0,1.0,False
2026-05-20 08:33:49.963732,Węzeł Wielicka / A4,50.0034,20.0065,48,48,133,133,0,1.0,0.0,1.0,False
2026-05-20 11:32:27.010938,Rondo Mogilskie,50.0672,19.9595,34,34,16,16,0,1.0,0.0,1.0,False
2026-05-20 11:32:27.010938,Lubomirskiego,50.0676,19.9536,16,16,95,95,0,1.0,0.0,1.0,False
2026-05-20 11:32:27.010938,Aleja Powstania Warszawskiego,50.0647,19.9608,17,31,89,49,40,0.5483870967741935,45.16,0.99,False
2026-05-20 11:32:27.010938,Grzegórzecka,50.0578,19.9564,22,28,62,48,14,0.7857142857142857,21.43,1.0,False
2026-05-20 11:32:27.010938,Rondo Grzegórzeckie,50.0576,19.9609,19,29,78,51,27,0.6551724137931034,34.48,1.0,False
2026-05-20 11:32:27.010938,Galeria Krakowska / Pawia,50.0669,19.9457,49,49,121,121,0,1.0,0.0,1.0,False
2026-05-20 11:32:27.010938,Dworzec Główny Tunel,50.0686,19.9477,43,49,113,99,14,0.8775510204081632,12.24,1.0,False
2026-05-20 11:32:27.010938,Aleje Trzech Wieszczów - AGH,50.0674,19.9209,21,21,84,84,0,1.0,0.0,1.0,False
2026-05-20 11:32:27.010938,Plac Inwalidów,50.0671,19.9269,12,16,171,128,43,0.75,25.0,0.784371,False
2026-05-20 11:32:27.010938,Nowy Kleparz,50.0731,19.9352,26,26,43,43,0,1.0,0.0,1.0,False
2026-05-20 11:32:27.010938,Aleja Słowackiego / Łobzowska,50.0692,19.9302,19,28,384,261,123,0.6785714285714286,32.14,0.992692,False
2026-05-20 11:32:27.010938,Cracovia / Aleja Mickiewicza,50.0595,19.9235,34,34,221,221,0,1.0,0.0,1.0,False
2026-05-20 11:32:27.010938,Rondo Grunwaldzkie,50.0492,19.9317,13,17,31,24,7,0.7647058823529411,23.53,1.0,False
2026-05-20 11:32:27.010938,Most Dębnicki,50.053,19.9278,28,28,177,177,0,1.0,0.0,1.0,False
2026-05-20 11:32:27.010938,Rondo Matecznego,50.0364,19.9406,13,25,14,7,7,0.52,48.0,1.0,False
2026-05-20 11:32:27.010938,Kalwaryjska,50.0412,19.9443,25,25,115,115,0,1.0,0.0,1.0,False
2026-05-20 11:32:27.010938,Bonarka / Kamieńskiego,50.0298,19.9513,34,34,15,15,0,1.0,0.0,1.0,False
2026-05-20 11:32:27.010938,Zakopiańska / Brożka,50.0227,19.9349,29,43,98,66,32,0.6744186046511628,32.56,1.0,False
2026-05-20 11:32:27.010938,Łagiewniki,50.0202,19.9378,57,60,214,203,11,0.95,5.0,1.0,False
2026-05-20 11:32:27.010938,Opolska Estakada,50.0857,19.9536,34,34,50,50,0,1.0,0.0,1.0,False
2026-05-20 11:32:27.010938,Rondo Polsadu,50.0879,19.9618,43,43,35,35,0,1.0,0.0,1.0,False
2026-05-20 11:32:27.010938,Rondo Barei,50.0911,19.9742,26,37,59,42,17,0.7027027027027027,29.73,1.0,False
2026-05-20 11:32:27.010938,Aleja 29 Listopada / Opolska,50.0861,19.952,49,57,324,279,45,0.8596491228070176,14.04,1.0,False
2026-05-20 11:32:27.010938,Aleja 29 Listopada / Dobrego Pasterza,50.0953,19.9746,41,41,92,92,0,1.0,0.0,1.0,False
2026-05-20 11:32:27.010938,Rondo Ofiar Katynia,50.0879,19.8976,49,57,324,279,45,0.8596491228070176,14.04,1.0,False
2026-05-20 11:32:27.010938,Bronowice SKA,50.0814,19.8994,112,112,498,498,0,1.0,0.0,1.0,False
2026-05-20 11:32:27.010938,Armii Krajowej / Zarzecze,50.0738,19.8985,25,25,137,137,0,1.0,0.0,1.0,False
2026-05-20 11:32:27.010938,Czarnowiejska / Armii Krajowej,50.069,19.9075,27,36,97,73,24,0.75,25.0,1.0,False
2026-05-20 11:32:27.010938,Rondo Czyżyńskie,50.0729,20.0167,38,38,10,10,0,1.0,0.0,1.0,False
2026-05-20 11:32:27.010938,Plac Centralny,50.072,20.0372,21,21,69,69,0,1.0,0.0,1.0,False
2026-05-20 11:32:27.010938,Aleja Pokoju / Centralna,50.0667,20.0028,21,49,92,39,53,0.42857142857142855,57.14,1.0,False
2026-05-20 11:32:27.010938,Nowohucka / Klimeckiego,50.0503,19.9765,23,29,291,230,61,0.7931034482758621,20.69,0.973445,False
2026-05-20 11:32:27.010938,M1 / Aleja Pokoju,50.0661,20.0149,28,28,120,120,0,1.0,0.0,1.0,False
2026-05-20 11:32:27.010938,Wielicka / Powstańców Wielkopolskich,50.0335,19.9621,32,47,135,92,43,0.6808510638297872,31.91,1.0,False
2026-05-20 11:32:27.010938,Estakada Obrońców Lwowa,50.0396,19.9627,32,47,135,92,43,0.6808510638297872,31.91,1.0,False
2026-05-20 11:32:27.010938,Bieżanowska / Wielicka,50.0207,19.982,24,24,113,113,0,1.0,0.0,1.0,False
2026-05-20 11:32:27.010938,Prokocim Szpital,50.0117,20.0005,17,44,163,63,100,0.38636363636363635,61.36,1.0,False
2026-05-20 11:32:27.010938,Węzeł Łagiewniki,50.0136,19.9325,29,29,327,327,0,1.0,0.0,1.0,False
2026-05-20 11:32:27.010938,Węzeł Balice / A4,50.0878,19.7937,40,40,114,114,0,1.0,0.0,1.0,False
2026-05-20 11:32:27.010938,Węzeł Tyniec / A4,50.0196,19.8078,45,45,605,605,0,1.0,0.0,1.0,False
2026-05-20 11:32:27.010938,Węzeł Wielicka / A4,50.0034,20.0065,48,48,133,133,0,1.0,0.0,1.0,False
2026-05-20 14:10:08.621790,Rondo Mogilskie,50.0672,19.9595,14,35,39,15,24,0.4,60.0,1.0,False
2026-05-20 14:10:08.621790,Lubomirskiego,50.0676,19.9536,16,16,95,95,0,1.0,0.0,1.0,False
2026-05-20 14:10:08.621790,Aleja Powstania Warszawskiego,50.0647,19.9608,19,30,80,50,30,0.6333333333333333,36.67,0.970477,False
2026-05-20 14:10:08.621790,Grzegórzecka,50.0578,19.9564,18,28,75,48,27,0.6428571428571429,35.71,1.0,False
2026-05-20 14:10:08.621790,Rondo Grzegórzeckie,50.0576,19.9609,23,30,65,50,15,0.7666666666666667,23.33,1.0,False
2026-05-20 14:10:08.621790,Galeria Krakowska / Pawia,50.0669,19.9457,36,49,165,121,44,0.7346938775510204,26.53,1.0,False
2026-05-20 14:10:08.621790,Dworzec Główny Tunel,50.0686,19.9477,29,47,167,103,64,0.6170212765957447,38.3,1.0,False
2026-05-20 14:10:08.621790,Aleje Trzech Wieszczów - AGH,50.0674,19.9209,21,21,84,84,0,1.0,0.0,1.0,False
2026-05-20 14:10:08.621790,Plac Inwalidów,50.0671,19.9269,16,16,128,128,0,1.0,0.0,1.0,False
2026-05-20 14:10:08.621790,Nowy Kleparz,50.0731,19.9352,17,25,66,45,21,0.68,32.0,1.0,False
2026-05-20 14:10:08.621790,Aleja Słowackiego / Łobzowska,50.0692,19.9302,21,27,348,270,78,0.7777777777777778,22.22,0.992707,False
2026-05-20 14:10:08.621790,Cracovia / Aleja Mickiewicza,50.0595,19.9235,34,34,221,221,0,1.0,0.0,1.0,False
2026-05-20 14:10:08.621790,Rondo Grunwaldzkie,50.0492,19.9317,10,17,41,24,17,0.5882352941176471,41.18,1.0,False
2026-05-20 14:10:08.621790,Most Dębnicki,50.053,19.9278,20,28,248,177,71,0.7142857142857143,28.57,0.992558,False
2026-05-20 14:10:08.621790,Rondo Matecznego,50.0364,19.9406,25,25,7,7,0,1.0,0.0,1.0,False
2026-05-20 14:10:08.621790,Kalwaryjska,50.0412,19.9443,25,25,115,115,0,1.0,0.0,1.0,False
2026-05-20 14:10:08.621790,Bonarka / Kamieńskiego,50.0298,19.9513,34,34,15,15,0,1.0,0.0,1.0,False
2026-05-20 14:10:08.621790,Zakopiańska / Brożka,50.0227,19.9349,25,42,114,68,46,0.5952380952380952,40.48,1.0,False
2026-05-20 14:10:08.621790,Łagiewniki,50.0202,19.9378,61,63,200,194,6,0.9682539682539683,3.17,1.0,False
2026-05-20 14:10:08.621790,Opolska Estakada,50.0857,19.9536,34,34,50,50,0,1.0,0.0,1.0,False
2026-05-20 14:10:08.621790,Rondo Polsadu,50.0879,19.9618,28,42,55,36,19,0.6666666666666666,33.33,1.0,False
2026-05-20 14:10:08.621790,Rondo Barei,50.0911,19.9742,23,38,67,40,27,0.6052631578947368,39.47,1.0,False
2026-05-20 14:10:08.621790,Aleja 29 Listopada / Opolska,50.0861,19.952,42,57,378,279,99,0.7368421052631579,26.32,1.0,False
2026-05-20 14:10:08.621790,Aleja 29 Listopada / Dobrego Pasterza,50.0953,19.9746,28,40,135,94,41,0.7,30.0,1.0,False
2026-05-20 14:10:08.621790,Rondo Ofiar Katynia,50.0879,19.8976,42,57,378,279,99,0.7368421052631579,26.32,1.0,False
2026-05-20 14:10:08.621790,Bronowice SKA,50.0814,19.8994,40,111,1395,502,893,0.36036036036036034,63.96,1.0,False
2026-05-20 14:10:08.621790,Armii Krajowej / Zarzecze,50.0738,19.8985,25,25,137,137,0,1.0,0.0,1.0,False
2026-05-20 14:10:08.621790,Czarnowiejska / Armii Krajowej,50.069,19.9075,20,36,131,73,58,0.5555555555555556,44.44,1.0,False
2026-05-20 14:10:08.621790,Rondo Czyżyńskie,50.0729,20.0167,38,38,10,10,0,1.0,0.0,1.0,False
2026-05-20 14:10:08.621790,Plac Centralny,50.072,20.0372,16,21,91,69,22,0.7619047619047619,23.81,1.0,False
2026-05-20 14:10:08.621790,Aleja Pokoju / Centralna,50.0667,20.0028,13,49,149,39,110,0.2653061224489796,73.47,1.0,False
2026-05-20 14:10:08.621790,Nowohucka / Klimeckiego,50.0503,19.9765,27,30,247,223,24,0.9,10.0,0.978033,False
2026-05-20 14:10:08.621790,M1 / Aleja Pokoju,50.0661,20.0149,24,33,140,102,38,0.7272727272727273,27.27,0.901966,False
2026-05-20 14:10:08.621790,Wielicka / Powstańców Wielkopolskich,50.0335,19.9621,31,49,139,88,51,0.6326530612244898,36.73,1.0,False
2026-05-20 14:10:08.621790,Estakada Obrońców Lwowa,50.0396,19.9627,31,49,139,88,51,0.6326530612244898,36.73,1.0,False
2026-05-20 14:10:08.621790,Bieżanowska / Wielicka,50.0207,19.982,24,24,113,113,0,1.0,0.0,1.0,False
2026-05-20 14:10:08.621790,Prokocim Szpital,50.0117,20.0005,24,45,115,61,54,0.5333333333333333,46.67,1.0,False
2026-05-20 14:10:08.621790,Węzeł Łagiewniki,50.0136,19.9325,25,29,380,327,53,0.8620689655172413,13.79,0.945917,False
2026-05-20 14:10:08.621790,Węzeł Balice / A4,50.0878,19.7937,40,40,114,114,0,1.0,0.0,1.0,False
2026-05-20 14:10:08.621790,Węzeł Tyniec / A4,50.0196,19.8078,40,45,680,605,75,0.8888888888888888,11.11,0.917712,False
2026-05-20 14:10:08.621790,Węzeł Wielicka / A4,50.0034,20.0065,48,48,133,133,0,1.0,0.0,1.0,False
2026-05-20 17:42:07.330169,Rondo Mogilskie,50.0672,19.9595,20,34,27,16,11,0.5882352941176471,41.18,1.0,False
2026-05-20 17:42:07.330169,Lubomirskiego,50.0676,19.9536,16,16,95,95,0,1.0,0.0,1.0,False
2026-05-20 17:42:07.330169,Aleja Powstania Warszawskiego,50.0647,19.9608,31,31,49,49,0,1.0,0.0,1.0,False
2026-05-20 17:42:07.330169,Grzegórzecka,50.0578,19.9564,22,28,62,48,14,0.7857142857142857,21.43,1.0,False
2026-05-20 17:42:07.330169,Rondo Grzegórzeckie,50.0576,19.9609,23,30,65,50,15,0.7666666666666667,23.33,1.0,False
2026-05-20 17:42:07.330169,Galeria Krakowska / Pawia,50.0669,19.9457,49,49,121,121,0,1.0,0.0,1.0,False
2026-05-20 17:42:07.330169,Dworzec Główny Tunel,50.0686,19.9477,39,39,124,124,0,1.0,0.0,1.0,False
2026-05-20 17:42:07.330169,Aleje Trzech Wieszczów - AGH,50.0674,19.9209,15,21,118,84,34,0.7142857142857143,28.57,0.96,False
2026-05-20 17:42:07.330169,Plac Inwalidów,50.0671,19.9269,16,16,128,128,0,1.0,0.0,1.0,False
2026-05-20 17:42:07.330169,Nowy Kleparz,50.0731,19.9352,8,27,141,41,100,0.2962962962962963,70.37,0.99,False
2026-05-20 17:42:07.330169,Aleja Słowackiego / Łobzowska,50.0692,19.9302,22,27,332,270,62,0.8148148148148148,18.52,0.978953,False
2026-05-20 17:42:07.330169,Cracovia / Aleja Mickiewicza,50.0595,19.9235,26,34,289,221,68,0.7647058823529411,23.53,1.0,False
2026-05-20 17:42:07.330169,Rondo Grunwaldzkie,50.0492,19.9317,13,17,31,24,7,0.7647058823529411,23.53,1.0,False
2026-05-20 17:42:07.330169,Most Dębnicki,50.053,19.9278,28,28,177,177,0,1.0,0.0,1.0,False
2026-05-20 17:42:07.330169,Rondo Matecznego,50.0364,19.9406,11,24,16,7,9,0.4583333333333333,54.17,1.0,False
2026-05-20 17:42:07.330169,Kalwaryjska,50.0412,19.9443,25,25,115,115,0,1.0,0.0,1.0,False
2026-05-20 17:42:07.330169,Bonarka / Kamieńskiego,50.0298,19.9513,34,34,15,15,0,1.0,0.0,1.0,False
2026-05-20 17:42:07.330169,Zakopiańska / Brożka,50.0227,19.9349,28,40,102,71,31,0.7,30.0,1.0,False
2026-05-20 17:42:07.330169,Łagiewniki,50.0202,19.9378,60,60,203,203,0,1.0,0.0,1.0,False
2026-05-20 17:42:07.330169,Opolska Estakada,50.0857,19.9536,34,34,50,50,0,1.0,0.0,1.0,False
2026-05-20 17:42:07.330169,Rondo Polsadu,50.0879,19.9618,43,43,35,35,0,1.0,0.0,1.0,False
2026-05-20 17:42:07.330169,Rondo Barei,50.0911,19.9742,38,38,40,40,0,1.0,0.0,1.0,False
2026-05-20 17:42:07.330169,Aleja 29 Listopada / Opolska,50.0861,19.952,48,58,331,274,57,0.8275862068965517,17.24,1.0,False
2026-05-20 17:42:07.330169,Aleja 29 Listopada / Dobrego Pasterza,50.0953,19.9746,33,41,114,92,22,0.8048780487804879,19.51,1.0,False
2026-05-20 17:42:07.330169,Rondo Ofiar Katynia,50.0879,19.8976,48,58,331,274,57,0.8275862068965517,17.24,1.0,False
2026-05-20 17:42:07.330169,Bronowice SKA,50.0814,19.8994,112,112,498,498,0,1.0,0.0,1.0,False
2026-05-20 17:42:07.330169,Armii Krajowej / Zarzecze,50.0738,19.8985,19,24,180,142,38,0.7916666666666666,20.83,0.906043,False
2026-05-20 17:42:07.330169,Czarnowiejska / Armii Krajowej,50.069,19.9075,27,36,97,73,24,0.75,25.0,1.0,False
2026-05-20 17:42:07.330169,Rondo Czyżyńskie,50.0729,20.0167,38,38,10,10,0,1.0,0.0,1.0,False
2026-05-20 17:42:07.330169,Plac Centralny,50.072,20.0372,16,21,91,69,22,0.7619047619047619,23.81,1.0,False
2026-05-20 17:42:07.330169,Aleja Pokoju / Centralna,50.0667,20.0028,26,48,74,40,34,0.5416666666666666,45.83,1.0,False
2026-05-20 17:42:07.330169,Nowohucka / Klimeckiego,50.0503,19.9765,29,29,230,230,0,1.0,0.0,1.0,False
2026-05-20 17:42:07.330169,M1 / Aleja Pokoju,50.0661,20.0149,22,34,153,99,54,0.6470588235294118,35.29,0.934644,False
2026-05-20 17:42:07.330169,Wielicka / Powstańców Wielkopolskich,50.0335,19.9621,35,48,123,90,33,0.7291666666666666,27.08,1.0,False
2026-05-20 17:42:07.330169,Estakada Obrońców Lwowa,50.0396,19.9627,35,48,123,90,33,0.7291666666666666,27.08,1.0,False
2026-05-20 17:42:07.330169,Bieżanowska / Wielicka,50.0207,19.982,18,25,151,109,42,0.72,28.0,0.915276,False
2026-05-20 17:42:07.330169,Prokocim Szpital,50.0117,20.0005,46,46,60,60,0,1.0,0.0,1.0,False
2026-05-20 17:42:07.330169,Węzeł Łagiewniki,50.0136,19.9325,29,29,327,327,0,1.0,0.0,1.0,False
2026-05-20 17:42:07.330169,Węzeł Balice / A4,50.0878,19.7937,40,40,114,114,0,1.0,0.0,1.0,False
2026-05-20 17:42:07.330169,Węzeł Tyniec / A4,50.0196,19.8078,45,45,605,605,0,1.0,0.0,1.0,False
2026-05-20 17:42:07.330169,Węzeł Wielicka / A4,50.0034,20.0065,42,48,152,133,19,0.875,12.5,0.99,False
2026-05-20 20:28:38.053053,Rondo Mogilskie,50.0672,19.9595,34,34,16,16,0,1.0,0.0,1.0,False
2026-05-20 20:28:38.053053,Lubomirskiego,50.0676,19.9536,16,16,95,95,0,1.0,0.0,1.0,False
2026-05-20 20:28:38.053053,Aleja Powstania Warszawskiego,50.0647,19.9608,31,31,49,49,0,1.0,0.0,1.0,False
2026-05-20 20:28:38.053053,Grzegórzecka,50.0578,19.9564,29,29,47,47,0,1.0,0.0,1.0,False
2026-05-20 20:28:38.053053,Rondo Grzegórzeckie,50.0576,19.9609,30,30,50,50,0,1.0,0.0,1.0,False
2026-05-20 20:28:38.053053,Galeria Krakowska / Pawia,50.0669,19.9457,49,49,121,121,0,1.0,0.0,1.0,False
2026-05-20 20:28:38.053053,Dworzec Główny Tunel,50.0686,19.9477,39,39,124,124,0,1.0,0.0,1.0,False
2026-05-20 20:28:38.053053,Aleje Trzech Wieszczów - AGH,50.0674,19.9209,14,21,126,84,42,0.6666666666666666,33.33,0.7,False
2026-05-20 20:28:38.053053,Plac Inwalidów,50.0671,19.9269,16,16,128,128,0,1.0,0.0,1.0,False
2026-05-20 20:28:38.053053,Nowy Kleparz,50.0731,19.9352,26,26,43,43,0,1.0,0.0,1.0,False
2026-05-20 20:28:38.053053,Aleja Słowackiego / Łobzowska,50.0692,19.9302,27,27,270,270,0,1.0,0.0,1.0,False
2026-05-20 20:28:38.053053,Cracovia / Aleja Mickiewicza,50.0595,19.9235,34,34,221,221,0,1.0,0.0,1.0,False
2026-05-20 20:28:38.053053,Rondo Grunwaldzkie,50.0492,19.9317,17,17,24,24,0,1.0,0.0,1.0,False
2026-05-20 20:28:38.053053,Most Dębnicki,50.053,19.9278,28,28,177,177,0,1.0,0.0,1.0,False
2026-05-20 20:28:38.053053,Rondo Matecznego,50.0364,19.9406,9,24,20,7,13,0.375,62.5,1.0,False
2026-05-20 20:28:38.053053,Kalwaryjska,50.0412,19.9443,25,25,115,115,0,1.0,0.0,1.0,False
2026-05-20 20:28:38.053053,Bonarka / Kamieńskiego,50.0298,19.9513,34,34,15,15,0,1.0,0.0,1.0,False
2026-05-20 20:28:38.053053,Zakopiańska / Brożka,50.0227,19.9349,40,40,71,71,0,1.0,0.0,1.0,False
2026-05-20 20:28:38.053053,Łagiewniki,50.0202,19.9378,60,60,203,203,0,1.0,0.0,1.0,False
2026-05-20 20:28:38.053053,Opolska Estakada,50.0857,19.9536,34,34,50,50,0,1.0,0.0,1.0,False
2026-05-20 20:28:38.053053,Rondo Polsadu,50.0879,19.9618,43,43,35,35,0,1.0,0.0,1.0,False
2026-05-20 20:28:38.053053,Rondo Barei,50.0911,19.9742,21,38,74,40,34,0.5526315789473685,44.74,0.99,False
2026-05-20 20:28:38.053053,Aleja 29 Listopada / Opolska,50.0861,19.952,56,56,284,284,0,1.0,0.0,1.0,False
2026-05-20 20:28:38.053053,Aleja 29 Listopada / Dobrego Pasterza,50.0953,19.9746,41,41,92,92,0,1.0,0.0,1.0,False
2026-05-20 20:28:38.053053,Rondo Ofiar Katynia,50.0879,19.8976,56,56,284,284,0,1.0,0.0,1.0,False
2026-05-20 20:28:38.053053,Bronowice SKA,50.0814,19.8994,112,112,498,498,0,1.0,0.0,1.0,False
2026-05-20 20:28:38.053053,Armii Krajowej / Zarzecze,50.0738,19.8985,25,25,137,137,0,1.0,0.0,1.0,False
2026-05-20 20:28:38.053053,Czarnowiejska / Armii Krajowej,50.069,19.9075,32,36,82,73,9,0.8888888888888888,11.11,1.0,False
2026-05-20 20:28:38.053053,Rondo Czyżyńskie,50.0729,20.0167,38,38,10,10,0,1.0,0.0,1.0,False
2026-05-20 20:28:38.053053,Plac Centralny,50.072,20.0372,21,21,69,69,0,1.0,0.0,1.0,False
2026-05-20 20:28:38.053053,Aleja Pokoju / Centralna,50.0667,20.0028,49,49,39,39,0,1.0,0.0,1.0,False
2026-05-20 20:28:38.053053,Nowohucka / Klimeckiego,50.0503,19.9765,29,29,230,230,0,1.0,0.0,1.0,False
2026-05-20 20:28:38.053053,M1 / Aleja Pokoju,50.0661,20.0149,28,28,120,120,0,1.0,0.0,1.0,False
2026-05-20 20:28:38.053053,Wielicka / Powstańców Wielkopolskich,50.0335,19.9621,37,49,117,88,29,0.7551020408163265,24.49,1.0,False
2026-05-20 20:28:38.053053,Estakada Obrońców Lwowa,50.0396,19.9627,37,49,117,88,29,0.7551020408163265,24.49,1.0,False
2026-05-20 20:28:38.053053,Bieżanowska / Wielicka,50.0207,19.982,19,23,143,118,25,0.8260869565217391,17.39,0.894724,False
2026-05-20 20:28:38.053053,Prokocim Szpital,50.0117,20.0005,46,46,60,60,0,1.0,0.0,1.0,False
2026-05-20 20:28:38.053053,Węzeł Łagiewniki,50.0136,19.9325,29,29,327,327,0,1.0,0.0,1.0,False
2026-05-20 20:28:38.053053,Węzeł Balice / A4,50.0878,19.7937,40,40,114,114,0,1.0,0.0,1.0,False
2026-05-20 20:28:38.053053,Węzeł Tyniec / A4,50.0196,19.8078,45,45,605,605,0,1.0,0.0,1.0,False
2026-05-20 20:28:38.053053,Węzeł Wielicka / A4,50.0034,20.0065,48,48,133,133,0,1.0,0.0,1.0,False
2026-05-20 22:12:25.632477,Rondo Mogilskie,50.0672,19.9595,24,34,22,16,6,0.7058823529411765,29.41,1.0,False
2026-05-20 22:12:25.632477,Lubomirskiego,50.0676,19.9536,16,16,95,95,0,1.0,0.0,1.0,False
2026-05-20 22:12:25.632477,Aleja Powstania Warszawskiego,50.0647,19.9608,31,31,49,49,0,1.0,0.0,1.0,False
2026-05-20 22:12:25.632477,Grzegórzecka,50.0578,19.9564,29,29,47,47,0,1.0,0.0,1.0,False
2026-05-20 22:12:25.632477,Rondo Grzegórzeckie,50.0576,19.9609,30,30,50,50,0,1.0,0.0,1.0,False
2026-05-20 22:12:25.632477,Galeria Krakowska / Pawia,50.0669,19.9457,49,49,121,121,0,1.0,0.0,1.0,False
2026-05-20 22:12:25.632477,Dworzec Główny Tunel,50.0686,19.9477,39,39,124,124,0,1.0,0.0,1.0,False
2026-05-20 22:12:25.632477,Aleje Trzech Wieszczów - AGH,50.0674,19.9209,21,21,84,84,0,1.0,0.0,1.0,False
2026-05-20 22:12:25.632477,Plac Inwalidów,50.0671,19.9269,16,16,128,128,0,1.0,0.0,1.0,False
2026-05-20 22:12:25.632477,Nowy Kleparz,50.0731,19.9352,19,26,59,43,16,0.7307692307692307,26.92,0.92,False
2026-05-20 22:12:25.632477,Aleja Słowackiego / Łobzowska,50.0692,19.9302,27,27,270,270,0,1.0,0.0,1.0,False
2026-05-20 22:12:25.632477,Cracovia / Aleja Mickiewicza,50.0595,19.9235,34,34,221,221,0,1.0,0.0,1.0,False
2026-05-20 22:12:25.632477,Rondo Grunwaldzkie,50.0492,19.9317,17,17,24,24,0,1.0,0.0,1.0,False
2026-05-20 22:12:25.632477,Most Dębnicki,50.053,19.9278,28,28,177,177,0,1.0,0.0,1.0,False
2026-05-20 22:12:25.632477,Rondo Matecznego,50.0364,19.9406,25,25,7,7,0,1.0,0.0,1.0,False
2026-05-20 22:12:25.632477,Kalwaryjska,50.0412,19.9443,25,25,115,115,0,1.0,0.0,1.0,False
2026-05-20 22:12:25.632477,Bonarka / Kamieńskiego,50.0298,19.9513,34,34,15,15,0,1.0,0.0,1.0,False
2026-05-20 22:12:25.632477,Zakopiańska / Brożka,50.0227,19.9349,40,40,71,71,0,1.0,0.0,1.0,False
2026-05-20 22:12:25.632477,Łagiewniki,50.0202,19.9378,60,60,203,203,0,1.0,0.0,1.0,False
2026-05-20 22:12:25.632477,Opolska Estakada,50.0857,19.9536,34,34,50,50,0,1.0,0.0,1.0,False
2026-05-20 22:12:25.632477,Rondo Polsadu,50.0879,19.9618,43,43,35,35,0,1.0,0.0,1.0,False
2026-05-20 22:12:25.632477,Rondo Barei,50.0911,19.9742,38,38,40,40,0,1.0,0.0,1.0,False
2026-05-20 22:12:25.632477,Aleja 29 Listopada / Opolska,50.0861,19.952,56,56,284,284,0,1.0,0.0,1.0,False
2026-05-20 22:12:25.632477,Aleja 29 Listopada / Dobrego Pasterza,50.0953,19.9746,41,41,92,92,0,1.0,0.0,1.0,False
2026-05-20 22:12:25.632477,Rondo Ofiar Katynia,50.0879,19.8976,56,56,284,284,0,1.0,0.0,1.0,False
2026-05-20 22:12:25.632477,Bronowice SKA,50.0814,19.8994,112,112,498,498,0,1.0,0.0,1.0,False
2026-05-20 22:12:25.632477,Armii Krajowej / Zarzecze,50.0738,19.8985,25,25,137,137,0,1.0,0.0,1.0,False
2026-05-20 22:12:25.632477,Czarnowiejska / Armii Krajowej,50.069,19.9075,36,36,73,73,0,1.0,0.0,1.0,False
2026-05-20 22:12:25.632477,Rondo Czyżyńskie,50.0729,20.0167,38,38,10,10,0,1.0,0.0,1.0,False
2026-05-20 22:12:25.632477,Plac Centralny,50.072,20.0372,21,21,69,69,0,1.0,0.0,1.0,False
2026-05-20 22:12:25.632477,Aleja Pokoju / Centralna,50.0667,20.0028,49,49,39,39,0,1.0,0.0,1.0,False
2026-05-20 22:12:25.632477,Nowohucka / Klimeckiego,50.0503,19.9765,29,29,230,230,0,1.0,0.0,1.0,False
2026-05-20 22:12:25.632477,M1 / Aleja Pokoju,50.0661,20.0149,28,28,120,120,0,1.0,0.0,1.0,False
2026-05-20 22:12:25.632477,Wielicka / Powstańców Wielkopolskich,50.0335,19.9621,49,49,88,88,0,1.0,0.0,1.0,False
2026-05-20 22:12:25.632477,Estakada Obrońców Lwowa,50.0396,19.9627,49,49,88,88,0,1.0,0.0,1.0,False
2026-05-20 22:12:25.632477,Bieżanowska / Wielicka,50.0207,19.982,19,24,143,113,30,0.7916666666666666,20.83,0.886931,False
2026-05-20 22:12:25.632477,Prokocim Szpital,50.0117,20.0005,46,46,60,60,0,1.0,0.0,1.0,False
2026-05-20 22:12:25.632477,Węzeł Łagiewniki,50.0136,19.9325,29,29,327,327,0,1.0,0.0,1.0,False
2026-05-20 22:12:25.632477,Węzeł Balice / A4,50.0878,19.7937,40,40,114,114,0,1.0,0.0,1.0,False
2026-05-20 22:12:25.632477,Węzeł Tyniec / A4,50.0196,19.8078,45,45,605,605,0,1.0,0.0,1.0,False
2026-05-20 22:12:25.632477,Węzeł Wielicka / A4,50.0034,20.0065,48,48,133,133,0,1.0,0.0,1.0,False
2026-05-20 23:50:59.728709,Rondo Mogilskie,50.0672,19.9595,34,34,16,16,0,1.0,0.0,1,False
2026-05-20 23:50:59.728709,Lubomirskiego,50.0676,19.9536,16,16,95,95,0,1.0,0.0,1,False
2026-05-20 23:50:59.728709,Aleja Powstania Warszawskiego,50.0647,19.9608,31,31,49,49,0,1.0,0.0,1,False
2026-05-20 23:50:59.728709,Grzegórzecka,50.0578,19.9564,29,29,47,47,0,1.0,0.0,1,False
2026-05-20 23:50:59.728709,Rondo Grzegórzeckie,50.0576,19.9609,30,30,50,50,0,1.0,0.0,1,False
2026-05-20 23:50:59.728709,Galeria Krakowska / Pawia,50.0669,19.9457,49,49,121,121,0,1.0,0.0,1,False
2026-05-20 23:50:59.728709,Dworzec Główny Tunel,50.0686,19.9477,39,39,124,124,0,1.0,0.0,1,False
2026-05-20 23:50:59.728709,Aleje Trzech Wieszczów - AGH,50.0674,19.9209,21,21,84,84,0,1.0,0.0,1,False
2026-05-20 23:50:59.728709,Plac Inwalidów,50.0671,19.9269,16,16,128,128,0,1.0,0.0,1,False
2026-05-20 23:50:59.728709,Nowy Kleparz,50.0731,19.9352,26,26,43,43,0,1.0,0.0,1,False
2026-05-20 23:50:59.728709,Aleja Słowackiego / Łobzowska,50.0692,19.9302,27,27,270,270,0,1.0,0.0,1,False
2026-05-20 23:50:59.728709,Cracovia / Aleja Mickiewicza,50.0595,19.9235,34,34,221,221,0,1.0,0.0,1,False
2026-05-20 23:50:59.728709,Rondo Grunwaldzkie,50.0492,19.9317,17,17,24,24,0,1.0,0.0,1,False
2026-05-20 23:50:59.728709,Most Dębnicki,50.053,19.9278,28,28,177,177,0,1.0,0.0,1,False
2026-05-20 23:50:59.728709,Rondo Matecznego,50.0364,19.9406,25,25,7,7,0,1.0,0.0,1,False
2026-05-20 23:50:59.728709,Kalwaryjska,50.0412,19.9443,25,25,115,115,0,1.0,0.0,1,False
2026-05-20 23:50:59.728709,Bonarka / Kamieńskiego,50.0298,19.9513,34,34,15,15,0,1.0,0.0,1,False
2026-05-20 23:50:59.728709,Zakopiańska / Brożka,50.0227,19.9349,40,40,71,71,0,1.0,0.0,1,False
2026-05-20 23:50:59.728709,Łagiewniki,50.0202,19.9378,60,60,203,203,0,1.0,0.0,1,False
2026-05-20 23:50:59.728709,Opolska Estakada,50.0857,19.9536,34,34,50,50,0,1.0,0.0,1,False
2026-05-20 23:50:59.728709,Rondo Polsadu,50.0879,19.9618,43,43,35,35,0,1.0,0.0,1,False
2026-05-20 23:50:59.728709,Rondo Barei,50.0911,19.9742,38,38,40,40,0,1.0,0.0,1,False
2026-05-20 23:50:59.728709,Aleja 29 Listopada / Opolska,50.0861,19.952,56,56,284,284,0,1.0,0.0,1,False
2026-05-20 23:50:59.728709,Aleja 29 Listopada / Dobrego Pasterza,50.0953,19.9746,41,41,92,92,0,1.0,0.0,1,False
2026-05-20 23:50:59.728709,Rondo Ofiar Katynia,50.0879,19.8976,56,56,284,284,0,1.0,0.0,1,False
2026-05-20 23:50:59.728709,Bronowice SKA,50.0814,19.8994,112,112,498,498,0,1.0,0.0,1,False
2026-05-20 23:50:59.728709,Armii Krajowej / Zarzecze,50.0738,19.8985,25,25,137,137,0,1.0,0.0,1,False
2026-05-20 23:50:59.728709,Czarnowiejska / Armii Krajowej,50.069,19.9075,31,36,84,73,11,0.8611111111111112,13.89,1,False
2026-05-20 23:50:59.728709,Rondo Czyżyńskie,50.0729,20.0167,38,38,10,10,0,1.0,0.0,1,False
2026-05-20 23:50:59.728709,Plac Centralny,50.072,20.0372,21,21,69,69,0,1.0,0.0,1,False
2026-05-20 23:50:59.728709,Aleja Pokoju / Centralna,50.0667,20.0028,49,49,39,39,0,1.0,0.0,1,False
2026-05-20 23:50:59.728709,Nowohucka / Klimeckiego,50.0503,19.9765,29,29,230,230,0,1.0,0.0,1,False
2026-05-20 23:50:59.728709,M1 / Aleja Pokoju,50.0661,20.0149,28,28,120,120,0,1.0,0.0,1,False
2026-05-20 23:50:59.728709,Wielicka / Powstańców Wielkopolskich,50.0335,19.9621,49,49,88,88,0,1.0,0.0,1,False
2026-05-20 23:50:59.728709,Estakada Obrońców Lwowa,50.0396,19.9627,49,49,88,88,0,1.0,0.0,1,False
2026-05-20 23:50:59.728709,Bieżanowska / Wielicka,50.0207,19.982,24,24,113,113,0,1.0,0.0,1,False
2026-05-20 23:50:59.728709,Prokocim Szpital,50.0117,20.0005,46,46,60,60,0,1.0,0.0,1,False
2026-05-20 23:50:59.728709,Węzeł Łagiewniki,50.0136,19.9325,29,29,327,327,0,1.0,0.0,1,False
2026-05-20 23:50:59.728709,Węzeł Balice / A4,50.0878,19.7937,40,40,114,114,0,1.0,0.0,1,False
2026-05-20 23:50:59.728709,Węzeł Tyniec / A4,50.0196,19.8078,45,45,605,605,0,1.0,0.0,1,False
2026-05-20 23:50:59.728709,Węzeł Wielicka / A4,50.0034,20.0065,48,48,133,133,0,1.0,0.0,1,False
2026-05-21 04:38:43.386361,Rondo Mogilskie,50.0672,19.9595,14,35,39,15,24,0.4,60.0,1.0,False
2026-05-21 04:38:43.386361,Lubomirskiego,50.0676,19.9536,16,16,95,95,0,1.0,0.0,1.0,False
2026-05-21 04:38:43.386361,Aleja Powstania Warszawskiego,50.0647,19.9608,31,31,49,49,0,1.0,0.0,1.0,False
2026-05-21 04:38:43.386361,Grzegórzecka,50.0578,19.9564,22,28,62,48,14,0.7857142857142857,21.43,1.0,False
2026-05-21 04:38:43.386361,Rondo Grzegórzeckie,50.0576,19.9609,24,30,62,50,12,0.8,20.0,1.0,False
2026-05-21 04:38:43.386361,Galeria Krakowska / Pawia,50.0669,19.9457,49,49,121,121,0,1.0,0.0,1.0,False
2026-05-21 04:38:43.386361,Dworzec Główny Tunel,50.0686,19.9477,39,39,124,124,0,1.0,0.0,1.0,False
2026-05-21 04:38:43.386361,Aleje Trzech Wieszczów - AGH,50.0674,19.9209,21,21,84,84,0,1.0,0.0,1.0,False
2026-05-21 04:38:43.386361,Plac Inwalidów,50.0671,19.9269,16,16,128,128,0,1.0,0.0,1.0,False
2026-05-21 04:38:43.386361,Nowy Kleparz,50.0731,19.9352,26,26,43,43,0,1.0,0.0,1.0,False
2026-05-21 04:38:43.386361,Aleja Słowackiego / Łobzowska,50.0692,19.9302,27,27,270,270,0,1.0,0.0,1.0,False
2026-05-21 04:38:43.386361,Cracovia / Aleja Mickiewicza,50.0595,19.9235,34,34,221,221,0,1.0,0.0,1.0,False
2026-05-21 04:38:43.386361,Rondo Grunwaldzkie,50.0492,19.9317,17,17,24,24,0,1.0,0.0,1.0,False
2026-05-21 04:38:43.386361,Most Dębnicki,50.053,19.9278,24,27,207,184,23,0.8888888888888888,11.11,0.829933,False
2026-05-21 04:38:43.386361,Rondo Matecznego,50.0364,19.9406,25,25,7,7,0,1.0,0.0,1.0,False
2026-05-21 04:38:43.386361,Kalwaryjska,50.0412,19.9443,25,25,115,115,0,1.0,0.0,1.0,False
2026-05-21 04:38:43.386361,Bonarka / Kamieńskiego,50.0298,19.9513,34,34,15,15,0,1.0,0.0,1.0,False
2026-05-21 04:38:43.386361,Zakopiańska / Brożka,50.0227,19.9349,24,39,119,73,46,0.6153846153846154,38.46,1.0,False
2026-05-21 04:38:43.386361,Łagiewniki,50.0202,19.9378,60,60,203,203,0,1.0,0.0,1.0,False
2026-05-21 04:38:43.386361,Opolska Estakada,50.0857,19.9536,34,34,50,50,0,1.0,0.0,1.0,False
2026-05-21 04:38:43.386361,Rondo Polsadu,50.0879,19.9618,43,43,35,35,0,1.0,0.0,1.0,False
2026-05-21 04:38:43.386361,Rondo Barei,50.0911,19.9742,38,38,40,40,0,1.0,0.0,1.0,False
2026-05-21 04:38:43.386361,Aleja 29 Listopada / Opolska,50.0861,19.952,43,56,369,284,85,0.7678571428571429,23.21,1.0,False
2026-05-21 04:38:43.386361,Aleja 29 Listopada / Dobrego Pasterza,50.0953,19.9746,41,41,92,92,0,1.0,0.0,1.0,False
2026-05-21 04:38:43.386361,Rondo Ofiar Katynia,50.0879,19.8976,43,56,369,284,85,0.7678571428571429,23.21,1.0,False
2026-05-21 04:38:43.386361,Bronowice SKA,50.0814,19.8994,85,111,656,502,154,0.7657657657657657,23.42,1.0,False
2026-05-21 04:38:43.386361,Armii Krajowej / Zarzecze,50.0738,19.8985,25,25,137,137,0,1.0,0.0,1.0,False
2026-05-21 04:38:43.386361,Czarnowiejska / Armii Krajowej,50.069,19.9075,30,36,87,73,14,0.8333333333333334,16.67,1.0,False
2026-05-21 04:38:43.386361,Rondo Czyżyńskie,50.0729,20.0167,38,38,10,10,0,1.0,0.0,1.0,False
2026-05-21 04:38:43.386361,Plac Centralny,50.072,20.0372,16,21,91,69,22,0.7619047619047619,23.81,0.99,False
2026-05-21 04:38:43.386361,Aleja Pokoju / Centralna,50.0667,20.0028,49,49,39,39,0,1.0,0.0,1.0,False
2026-05-21 04:38:43.386361,Nowohucka / Klimeckiego,50.0503,19.9765,29,29,230,230,0,1.0,0.0,1.0,False
2026-05-21 04:38:43.386361,M1 / Aleja Pokoju,50.0661,20.0149,28,28,120,120,0,1.0,0.0,1.0,False
2026-05-21 04:38:43.386361,Wielicka / Powstańców Wielkopolskich,50.0335,19.9621,49,49,88,88,0,1.0,0.0,1.0,False
2026-05-21 04:38:43.386361,Estakada Obrońców Lwowa,50.0396,19.9627,49,49,88,88,0,1.0,0.0,1.0,False
2026-05-21 04:38:43.386361,Bieżanowska / Wielicka,50.0207,19.982,24,24,113,113,0,1.0,0.0,1.0,False
2026-05-21 04:38:43.386361,Prokocim Szpital,50.0117,20.0005,46,46,60,60,0,1.0,0.0,1.0,False
2026-05-21 04:38:43.386361,Węzeł Łagiewniki,50.0136,19.9325,29,29,327,327,0,1.0,0.0,1.0,False
2026-05-21 04:38:43.386361,Węzeł Balice / A4,50.0878,19.7937,40,40,114,114,0,1.0,0.0,1.0,False
2026-05-21 04:38:43.386361,Węzeł Tyniec / A4,50.0196,19.8078,45,45,605,605,0,1.0,0.0,1.0,False
2026-05-21 04:38:43.386361,Węzeł Wielicka / A4,50.0034,20.0065,48,48,133,133,0,1.0,0.0,1.0,False
2026-05-21 08:40:41.069881,Rondo Mogilskie,50.0672,19.9595,34,34,16,16,0,1.0,0.0,1.0,False
2026-05-21 08:40:41.069881,Lubomirskiego,50.0676,19.9536,16,16,95,95,0,1.0,0.0,1.0,False
2026-05-21 08:40:41.069881,Aleja Powstania Warszawskiego,50.0647,19.9608,16,30,95,50,45,0.5333333333333333,46.67,1.0,False
2026-05-21 08:40:41.069881,Grzegórzecka,50.0578,19.9564,22,28,62,48,14,0.7857142857142857,21.43,1.0,False
2026-05-21 08:40:41.069881,Rondo Grzegórzeckie,50.0576,19.9609,24,30,62,50,12,0.8,20.0,1.0,False
2026-05-21 08:40:41.069881,Galeria Krakowska / Pawia,50.0669,19.9457,41,50,145,118,27,0.82,18.0,1.0,False
2026-05-21 08:40:41.069881,Dworzec Główny Tunel,50.0686,19.9477,43,49,113,99,14,0.8775510204081632,12.24,1.0,False
2026-05-21 08:40:41.069881,Aleje Trzech Wieszczów - AGH,50.0674,19.9209,8,20,221,88,133,0.4,60.0,0.92,False
2026-05-21 08:40:41.069881,Plac Inwalidów,50.0671,19.9269,16,16,128,128,0,1.0,0.0,1.0,False
2026-05-21 08:40:41.069881,Nowy Kleparz,50.0731,19.9352,7,24,161,47,114,0.2916666666666667,70.83,0.99,False
2026-05-21 08:40:41.069881,Aleja Słowackiego / Łobzowska,50.0692,19.9302,20,28,365,261,104,0.7142857142857143,28.57,0.981471,False
2026-05-21 08:40:41.069881,Cracovia / Aleja Mickiewicza,50.0595,19.9235,34,34,221,221,0,1.0,0.0,1.0,False
2026-05-21 08:40:41.069881,Rondo Grunwaldzkie,50.0492,19.9317,17,17,24,24,0,1.0,0.0,1.0,False
2026-05-21 08:40:41.069881,Most Dębnicki,50.053,19.9278,28,28,177,177,0,1.0,0.0,1.0,False
2026-05-21 08:40:41.069881,Rondo Matecznego,50.0364,19.9406,18,25,10,7,3,0.72,28.0,1.0,False
2026-05-21 08:40:41.069881,Kalwaryjska,50.0412,19.9443,25,25,115,115,0,1.0,0.0,1.0,False
2026-05-21 08:40:41.069881,Bonarka / Kamieńskiego,50.0298,19.9513,34,34,15,15,0,1.0,0.0,1.0,False
2026-05-21 08:40:41.069881,Zakopiańska / Brożka,50.0227,19.9349,40,40,71,71,0,1.0,0.0,1.0,False
2026-05-21 08:40:41.069881,Łagiewniki,50.0202,19.9378,60,60,203,203,0,1.0,0.0,1.0,False
2026-05-21 08:40:41.069881,Opolska Estakada,50.0857,19.9536,34,34,50,50,0,1.0,0.0,1.0,False
2026-05-21 08:40:41.069881,Rondo Polsadu,50.0879,19.9618,43,43,35,35,0,1.0,0.0,1.0,False
2026-05-21 08:40:41.069881,Rondo Barei,50.0911,19.9742,38,38,40,40,0,1.0,0.0,1.0,False
2026-05-21 08:40:41.069881,Aleja 29 Listopada / Opolska,50.0861,19.952,45,57,353,279,74,0.7894736842105263,21.05,1.0,False
2026-05-21 08:40:41.069881,Aleja 29 Listopada / Dobrego Pasterza,50.0953,19.9746,41,41,92,92,0,1.0,0.0,1.0,False
2026-05-21 08:40:41.069881,Rondo Ofiar Katynia,50.0879,19.8976,45,57,353,279,74,0.7894736842105263,21.05,1.0,False
2026-05-21 08:40:41.069881,Bronowice SKA,50.0814,19.8994,112,112,498,498,0,1.0,0.0,1.0,False
2026-05-21 08:40:41.069881,Armii Krajowej / Zarzecze,50.0738,19.8985,13,24,263,142,121,0.5416666666666666,45.83,0.943489,False
2026-05-21 08:40:41.069881,Czarnowiejska / Armii Krajowej,50.069,19.9075,36,36,73,73,0,1.0,0.0,1.0,False
2026-05-21 08:40:41.069881,Rondo Czyżyńskie,50.0729,20.0167,38,38,10,10,0,1.0,0.0,1.0,False
2026-05-21 08:40:41.069881,Plac Centralny,50.072,20.0372,21,21,69,69,0,1.0,0.0,1.0,False
2026-05-21 08:40:41.069881,Aleja Pokoju / Centralna,50.0667,20.0028,16,48,121,40,81,0.3333333333333333,66.67,1.0,False
2026-05-21 08:40:41.069881,Nowohucka / Klimeckiego,50.0503,19.9765,24,29,278,230,48,0.8275862068965517,17.24,0.966914,False
2026-05-21 08:40:41.069881,M1 / Aleja Pokoju,50.0661,20.0149,28,28,120,120,0,1.0,0.0,1.0,False
2026-05-21 08:40:41.069881,Wielicka / Powstańców Wielkopolskich,50.0335,19.9621,40,49,108,88,20,0.8163265306122449,18.37,1.0,False
2026-05-21 08:40:41.069881,Estakada Obrońców Lwowa,50.0396,19.9627,40,49,108,88,20,0.8163265306122449,18.37,1.0,False
2026-05-21 08:40:41.069881,Bieżanowska / Wielicka,50.0207,19.982,24,24,113,113,0,1.0,0.0,1.0,False
2026-05-21 08:40:41.069881,Prokocim Szpital,50.0117,20.0005,36,45,77,61,16,0.8,20.0,1.0,False
2026-05-21 08:40:41.069881,Węzeł Łagiewniki,50.0136,19.9325,29,29,327,327,0,1.0,0.0,1.0,False
2026-05-21 08:40:41.069881,Węzeł Balice / A4,50.0878,19.7937,40,40,114,114,0,1.0,0.0,1.0,False
2026-05-21 08:40:41.069881,Węzeł Tyniec / A4,50.0196,19.8078,45,45,605,605,0,1.0,0.0,1.0,False
2026-05-21 08:40:41.069881,Węzeł Wielicka / A4,50.0034,20.0065,48,48,133,133,0,1.0,0.0,1.0,False
2026-05-21 12:24:04.746085,Rondo Mogilskie,50.0672,19.9595,34,34,16,16,0,1.0,0.0,1.0,False
2026-05-21 12:24:04.746085,Lubomirskiego,50.0676,19.9536,16,16,95,95,0,1.0,0.0,1.0,False
2026-05-21 12:24:04.746085,Aleja Powstania Warszawskiego,50.0647,19.9608,18,30,84,50,34,0.6,40.0,1.0,False
2026-05-21 12:24:04.746085,Grzegórzecka,50.0578,19.9564,22,28,62,48,14,0.7857142857142857,21.43,1.0,False
2026-05-21 12:24:04.746085,Rondo Grzegórzeckie,50.0576,19.9609,30,30,50,50,0,1.0,0.0,1.0,False
2026-05-21 12:24:04.746085,Galeria Krakowska / Pawia,50.0669,19.9457,39,49,152,121,31,0.7959183673469388,20.41,1.0,False
2026-05-21 12:24:04.746085,Dworzec Główny Tunel,50.0686,19.9477,28,42,173,115,58,0.6666666666666666,33.33,1.0,False
2026-05-21 12:24:04.746085,Aleje Trzech Wieszczów - AGH,50.0674,19.9209,14,21,126,84,42,0.6666666666666666,33.33,0.97,False
2026-05-21 12:24:04.746085,Plac Inwalidów,50.0671,19.9269,16,16,128,128,0,1.0,0.0,1.0,False
2026-05-21 12:24:04.746085,Nowy Kleparz,50.0731,19.9352,15,26,75,43,32,0.5769230769230769,42.31,0.99,False
2026-05-21 12:24:04.746085,Aleja Słowackiego / Łobzowska,50.0692,19.9302,21,27,348,270,78,0.7777777777777778,22.22,0.990217,False
2026-05-21 12:24:04.746085,Cracovia / Aleja Mickiewicza,50.0595,19.9235,34,34,221,221,0,1.0,0.0,1.0,False
2026-05-21 12:24:04.746085,Rondo Grunwaldzkie,50.0492,19.9317,17,17,24,24,0,1.0,0.0,1.0,False
2026-05-21 12:24:04.746085,Most Dębnicki,50.053,19.9278,23,28,216,177,39,0.8214285714285714,17.86,0.978238,False
2026-05-21 12:24:04.746085,Rondo Matecznego,50.0364,19.9406,10,25,18,7,11,0.4,60.0,1.0,False
2026-05-21 12:24:04.746085,Kalwaryjska,50.0412,19.9443,25,25,115,115,0,1.0,0.0,1.0,False
2026-05-21 12:24:04.746085,Bonarka / Kamieńskiego,50.0298,19.9513,34,34,15,15,0,1.0,0.0,1.0,False
2026-05-21 12:24:04.746085,Zakopiańska / Brożka,50.0227,19.9349,26,40,110,71,39,0.65,35.0,1.0,False
2026-05-21 12:24:04.746085,Łagiewniki,50.0202,19.9378,60,60,203,203,0,1.0,0.0,1.0,False
2026-05-21 12:24:04.746085,Opolska Estakada,50.0857,19.9536,34,34,50,50,0,1.0,0.0,1.0,False
2026-05-21 12:24:04.746085,Rondo Polsadu,50.0879,19.9618,43,43,35,35,0,1.0,0.0,1.0,False
2026-05-21 12:24:04.746085,Rondo Barei,50.0911,19.9742,30,38,51,40,11,0.7894736842105263,21.05,1.0,False
2026-05-21 12:24:04.746085,Aleja 29 Listopada / Opolska,50.0861,19.952,38,57,418,279,139,0.6666666666666666,33.33,1.0,False
2026-05-21 12:24:04.746085,Aleja 29 Listopada / Dobrego Pasterza,50.0953,19.9746,41,41,92,92,0,1.0,0.0,1.0,False
2026-05-21 12:24:04.746085,Rondo Ofiar Katynia,50.0879,19.8976,38,57,418,279,139,0.6666666666666666,33.33,1.0,False
2026-05-21 12:24:04.746085,Bronowice SKA,50.0814,19.8994,70,112,797,498,299,0.625,37.5,1.0,False
2026-05-21 12:24:04.746085,Armii Krajowej / Zarzecze,50.0738,19.8985,25,25,137,137,0,1.0,0.0,1.0,False
2026-05-21 12:24:04.746085,Czarnowiejska / Armii Krajowej,50.069,19.9075,24,35,109,75,34,0.6857142857142857,31.43,1.0,False
2026-05-21 12:24:04.746085,Rondo Czyżyńskie,50.0729,20.0167,38,38,10,10,0,1.0,0.0,1.0,False
2026-05-21 12:24:04.746085,Plac Centralny,50.072,20.0372,16,21,91,69,22,0.7619047619047619,23.81,1.0,False
2026-05-21 12:24:04.746085,Aleja Pokoju / Centralna,50.0667,20.0028,30,48,64,40,24,0.625,37.5,1.0,False
2026-05-21 12:24:04.746085,Nowohucka / Klimeckiego,50.0503,19.9765,29,29,230,230,0,1.0,0.0,1.0,False
2026-05-21 12:24:04.746085,M1 / Aleja Pokoju,50.0661,20.0149,28,28,120,120,0,1.0,0.0,1.0,False
2026-05-21 12:24:04.746085,Wielicka / Powstańców Wielkopolskich,50.0335,19.9621,32,48,135,90,45,0.6666666666666666,33.33,1.0,False
2026-05-21 12:24:04.746085,Estakada Obrońców Lwowa,50.0396,19.9627,32,48,135,90,45,0.6666666666666666,33.33,1.0,False
2026-05-21 12:24:04.746085,Bieżanowska / Wielicka,50.0207,19.982,24,24,113,113,0,1.0,0.0,1.0,False
2026-05-21 12:24:04.746085,Prokocim Szpital,50.0117,20.0005,30,46,92,60,32,0.6521739130434783,34.78,1.0,False
2026-05-21 12:24:04.746085,Węzeł Łagiewniki,50.0136,19.9325,26,29,365,327,38,0.896551724137931,10.34,0.969339,False
2026-05-21 12:24:04.746085,Węzeł Balice / A4,50.0878,19.7937,40,40,114,114,0,1.0,0.0,1.0,False
2026-05-21 12:24:04.746085,Węzeł Tyniec / A4,50.0196,19.8078,45,45,605,605,0,1.0,0.0,1.0,False
2026-05-21 12:24:04.746085,Węzeł Wielicka / A4,50.0034,20.0065,34,47,188,136,52,0.723404255319149,27.66,0.99,False
2026-05-21 15:59:33.838449,Rondo Mogilskie,50.0672,19.9595,34,34,16,16,0,1.0,0.0,1.0,False
2026-05-21 15:59:33.838449,Lubomirskiego,50.0676,19.9536,16,16,95,95,0,1.0,0.0,1.0,False
2026-05-21 15:59:33.838449,Aleja Powstania Warszawskiego,50.0647,19.9608,31,31,49,49,0,1.0,0.0,1.0,False
2026-05-21 15:59:33.838449,Grzegórzecka,50.0578,19.9564,23,29,59,47,12,0.7931034482758621,20.69,1.0,False
2026-05-21 15:59:33.838449,Rondo Grzegórzeckie,50.0576,19.9609,23,30,65,50,15,0.7666666666666667,23.33,1.0,False
2026-05-21 15:59:33.838449,Galeria Krakowska / Pawia,50.0669,19.9457,41,50,145,118,27,0.82,18.0,1.0,False
2026-05-21 15:59:33.838449,Dworzec Główny Tunel,50.0686,19.9477,26,39,187,124,63,0.6666666666666666,33.33,1.0,False
2026-05-21 15:59:33.838449,Aleje Trzech Wieszczów - AGH,50.0674,19.9209,21,21,84,84,0,1.0,0.0,1.0,False
2026-05-21 15:59:33.838449,Plac Inwalidów,50.0671,19.9269,16,16,128,128,0,1.0,0.0,1.0,False
2026-05-21 15:59:33.838449,Nowy Kleparz,50.0731,19.9352,12,27,94,41,53,0.4444444444444444,55.56,0.99,False
2026-05-21 15:59:33.838449,Aleja Słowackiego / Łobzowska,50.0692,19.9302,27,27,270,270,0,1.0,0.0,1.0,False
2026-05-21 15:59:33.838449,Cracovia / Aleja Mickiewicza,50.0595,19.9235,26,33,289,228,61,0.7878787878787878,21.21,1.0,False
2026-05-21 15:59:33.838449,Rondo Grunwaldzkie,50.0492,19.9317,17,17,24,24,0,1.0,0.0,1.0,False
2026-05-21 15:59:33.838449,Most Dębnicki,50.053,19.9278,22,27,225,184,41,0.8148148148148148,18.52,0.97706,False
2026-05-21 15:59:33.838449,Rondo Matecznego,50.0364,19.9406,15,24,12,7,5,0.625,37.5,1.0,False
2026-05-21 15:59:33.838449,Kalwaryjska,50.0412,19.9443,21,26,137,110,27,0.8076923076923077,19.23,0.976086,False
2026-05-21 15:59:33.838449,Bonarka / Kamieńskiego,50.0298,19.9513,34,34,15,15,0,1.0,0.0,1.0,False
2026-05-21 15:59:33.838449,Zakopiańska / Brożka,50.0227,19.9349,24,40,119,71,48,0.6,40.0,1.0,False
2026-05-21 15:59:33.838449,Łagiewniki,50.0202,19.9378,62,63,197,194,3,0.9841269841269841,1.59,1.0,False
2026-05-21 15:59:33.838449,Opolska Estakada,50.0857,19.9536,34,34,50,50,0,1.0,0.0,1.0,False
2026-05-21 15:59:33.838449,Rondo Polsadu,50.0879,19.9618,31,42,49,36,13,0.7380952380952381,26.19,1.0,False
2026-05-21 15:59:33.838449,Rondo Barei,50.0911,19.9742,28,38,55,40,15,0.7368421052631579,26.32,1.0,False
2026-05-21 15:59:33.838449,Aleja 29 Listopada / Opolska,50.0861,19.952,47,57,338,279,59,0.8245614035087719,17.54,1.0,False
2026-05-21 15:59:33.838449,Aleja 29 Listopada / Dobrego Pasterza,50.0953,19.9746,31,41,121,92,29,0.7560975609756098,24.39,1.0,False
2026-05-21 15:59:33.838449,Rondo Ofiar Katynia,50.0879,19.8976,47,57,338,279,59,0.8245614035087719,17.54,1.0,False
2026-05-21 15:59:33.838449,Bronowice SKA,50.0814,19.8994,112,112,498,498,0,1.0,0.0,1.0,False
2026-05-21 15:59:33.838449,Armii Krajowej / Zarzecze,50.0738,19.8985,25,25,137,137,0,1.0,0.0,1.0,False
2026-05-21 15:59:33.838449,Czarnowiejska / Armii Krajowej,50.069,19.9075,20,35,131,75,56,0.5714285714285714,42.86,1.0,False
2026-05-21 15:59:33.838449,Rondo Czyżyńskie,50.0729,20.0167,38,38,10,10,0,1.0,0.0,1.0,False
2026-05-21 15:59:33.838449,Plac Centralny,50.072,20.0372,21,21,69,69,0,1.0,0.0,1.0,False
2026-05-21 15:59:33.838449,Aleja Pokoju / Centralna,50.0667,20.0028,21,48,92,40,52,0.4375,56.25,1.0,False
2026-05-21 15:59:33.838449,Nowohucka / Klimeckiego,50.0503,19.9765,29,29,230,230,0,1.0,0.0,1.0,False
2026-05-21 15:59:33.838449,M1 / Aleja Pokoju,50.0661,20.0149,28,28,120,120,0,1.0,0.0,1.0,False
2026-05-21 15:59:33.838449,Wielicka / Powstańców Wielkopolskich,50.0335,19.9621,34,48,127,90,37,0.7083333333333334,29.17,1.0,False
2026-05-21 15:59:33.838449,Estakada Obrońców Lwowa,50.0396,19.9627,34,48,127,90,37,0.7083333333333334,29.17,1.0,False
2026-05-21 15:59:33.838449,Bieżanowska / Wielicka,50.0207,19.982,19,24,143,113,30,0.7916666666666666,20.83,0.985276,False
2026-05-21 15:59:33.838449,Prokocim Szpital,50.0117,20.0005,26,46,106,60,46,0.5652173913043478,43.48,1.0,False
2026-05-21 15:59:33.838449,Węzeł Łagiewniki,50.0136,19.9325,26,29,365,327,38,0.896551724137931,10.34,0.962727,False
2026-05-21 15:59:33.838449,Węzeł Balice / A4,50.0878,19.7937,40,40,114,114,0,1.0,0.0,1.0,False
2026-05-21 15:59:33.838449,Węzeł Tyniec / A4,50.0196,19.8078,45,45,605,605,0,1.0,0.0,1.0,False
2026-05-21 15:59:33.838449,Węzeł Wielicka / A4,50.0034,20.0065,48,48,133,133,0,1.0,0.0,1.0,False
2026-05-21 18:07:25.691915,Rondo Mogilskie,50.0672,19.9595,34,34,16,16,0,1.0,0.0,1.0,False
2026-05-21 18:07:25.691915,Lubomirskiego,50.0676,19.9536,16,16,95,95,0,1.0,0.0,1.0,False
2026-05-21 18:07:25.691915,Aleja Powstania Warszawskiego,50.0647,19.9608,31,31,49,49,0,1.0,0.0,1.0,False
2026-05-21 18:07:25.691915,Grzegórzecka,50.0578,19.9564,23,29,59,47,12,0.7931034482758621,20.69,1.0,False
2026-05-21 18:07:25.691915,Rondo Grzegórzeckie,50.0576,19.9609,22,29,68,51,17,0.7586206896551724,24.14,1.0,False
2026-05-21 18:07:25.691915,Galeria Krakowska / Pawia,50.0669,19.9457,46,50,129,118,11,0.92,8.0,1.0,False
2026-05-21 18:07:25.691915,Dworzec Główny Tunel,50.0686,19.9477,39,39,124,124,0,1.0,0.0,1.0,False
2026-05-21 18:07:25.691915,Aleje Trzech Wieszczów - AGH,50.0674,19.9209,21,21,84,84,0,1.0,0.0,1.0,False
2026-05-21 18:07:25.691915,Plac Inwalidów,50.0671,19.9269,16,16,128,128,0,1.0,0.0,1.0,False
2026-05-21 18:07:25.691915,Nowy Kleparz,50.0731,19.9352,8,27,141,41,100,0.2962962962962963,70.37,1.0,False
2026-05-21 18:07:25.691915,Aleja Słowackiego / Łobzowska,50.0692,19.9302,27,27,270,270,0,1.0,0.0,1.0,False
2026-05-21 18:07:25.691915,Cracovia / Aleja Mickiewicza,50.0595,19.9235,24,34,313,221,92,0.7058823529411765,29.41,1.0,False
2026-05-21 18:07:25.691915,Rondo Grunwaldzkie,50.0492,19.9317,17,17,24,24,0,1.0,0.0,1.0,False
2026-05-21 18:07:25.691915,Most Dębnicki,50.053,19.9278,28,28,177,177,0,1.0,0.0,1.0,False
2026-05-21 18:07:25.691915,Rondo Matecznego,50.0364,19.9406,25,25,7,7,0,1.0,0.0,1.0,False
2026-05-21 18:07:25.691915,Kalwaryjska,50.0412,19.9443,25,25,115,115,0,1.0,0.0,1.0,False
2026-05-21 18:07:25.691915,Bonarka / Kamieńskiego,50.0298,19.9513,34,34,15,15,0,1.0,0.0,1.0,False
2026-05-21 18:07:25.691915,Zakopiańska / Brożka,50.0227,19.9349,28,40,102,71,31,0.7,30.0,1.0,False
2026-05-21 18:07:25.691915,Łagiewniki,50.0202,19.9378,60,60,203,203,0,1.0,0.0,1.0,False
2026-05-21 18:07:25.691915,Opolska Estakada,50.0857,19.9536,34,34,50,50,0,1.0,0.0,1.0,False
2026-05-21 18:07:25.691915,Rondo Polsadu,50.0879,19.9618,43,43,35,35,0,1.0,0.0,1.0,False
2026-05-21 18:07:25.691915,Rondo Barei,50.0911,19.9742,28,38,55,40,15,0.7368421052631579,26.32,1.0,False
2026-05-21 18:07:25.691915,Aleja 29 Listopada / Opolska,50.0861,19.952,46,56,345,284,61,0.8214285714285714,17.86,1.0,False
2026-05-21 18:07:25.691915,Aleja 29 Listopada / Dobrego Pasterza,50.0953,19.9746,41,41,92,92,0,1.0,0.0,1.0,False
2026-05-21 18:07:25.691915,Rondo Ofiar Katynia,50.0879,19.8976,46,56,345,284,61,0.8214285714285714,17.86,1.0,False
2026-05-21 18:07:25.691915,Bronowice SKA,50.0814,19.8994,112,112,498,498,0,1.0,0.0,1.0,False
2026-05-21 18:07:25.691915,Armii Krajowej / Zarzecze,50.0738,19.8985,25,25,137,137,0,1.0,0.0,1.0,False
2026-05-21 18:07:25.691915,Czarnowiejska / Armii Krajowej,50.069,19.9075,33,36,79,73,6,0.9166666666666666,8.33,1.0,False
2026-05-21 18:07:25.691915,Rondo Czyżyńskie,50.0729,20.0167,38,38,10,10,0,1.0,0.0,1.0,False
2026-05-21 18:07:25.691915,Plac Centralny,50.072,20.0372,21,21,69,69,0,1.0,0.0,1.0,False
2026-05-21 18:07:25.691915,Aleja Pokoju / Centralna,50.0667,20.0028,27,48,71,40,31,0.5625,43.75,1.0,False
2026-05-21 18:07:25.691915,Nowohucka / Klimeckiego,50.0503,19.9765,22,29,304,230,74,0.7586206896551724,24.14,0.976375,False
2026-05-21 18:07:25.691915,M1 / Aleja Pokoju,50.0661,20.0149,28,28,120,120,0,1.0,0.0,1.0,False
2026-05-21 18:07:25.691915,Wielicka / Powstańców Wielkopolskich,50.0335,19.9621,35,48,123,90,33,0.7291666666666666,27.08,1.0,False
2026-05-21 18:07:25.691915,Estakada Obrońców Lwowa,50.0396,19.9627,35,48,123,90,33,0.7291666666666666,27.08,1.0,False
2026-05-21 18:07:25.691915,Bieżanowska / Wielicka,50.0207,19.982,24,24,113,113,0,1.0,0.0,1.0,False
2026-05-21 18:07:25.691915,Prokocim Szpital,50.0117,20.0005,46,46,60,60,0,1.0,0.0,1.0,False
2026-05-21 18:07:25.691915,Węzeł Łagiewniki,50.0136,19.9325,29,29,327,327,0,1.0,0.0,1.0,False
2026-05-21 18:07:25.691915,Węzeł Balice / A4,50.0878,19.7937,40,40,114,114,0,1.0,0.0,1.0,False
2026-05-21 18:07:25.691915,Węzeł Tyniec / A4,50.0196,19.8078,45,45,605,605,0,1.0,0.0,1.0,False
2026-05-21 18:07:25.691915,Węzeł Wielicka / A4,50.0034,20.0065,48,48,133,133,0,1.0,0.0,1.0,False
2026-05-21 20:24:10.100098,Rondo Mogilskie,50.0672,19.9595,34,34,16,16,0,1.0,0.0,1,False
2026-05-21 20:24:10.100098,Lubomirskiego,50.0676,19.9536,16,16,95,95,0,1.0,0.0,1,False
2026-05-21 20:24:10.100098,Aleja Powstania Warszawskiego,50.0647,19.9608,31,31,49,49,0,1.0,0.0,1,False
2026-05-21 20:24:10.100098,Grzegórzecka,50.0578,19.9564,29,29,47,47,0,1.0,0.0,1,False
2026-05-21 20:24:10.100098,Rondo Grzegórzeckie,50.0576,19.9609,23,30,65,50,15,0.7666666666666667,23.33,1,False
2026-05-21 20:24:10.100098,Galeria Krakowska / Pawia,50.0669,19.9457,49,49,121,121,0,1.0,0.0,1,False
2026-05-21 20:24:10.100098,Dworzec Główny Tunel,50.0686,19.9477,39,39,124,124,0,1.0,0.0,1,False
2026-05-21 20:24:10.100098,Aleje Trzech Wieszczów - AGH,50.0674,19.9209,21,21,84,84,0,1.0,0.0,1,False
2026-05-21 20:24:10.100098,Plac Inwalidów,50.0671,19.9269,16,16,128,128,0,1.0,0.0,1,False
2026-05-21 20:24:10.100098,Nowy Kleparz,50.0731,19.9352,26,26,43,43,0,1.0,0.0,1,False
2026-05-21 20:24:10.100098,Aleja Słowackiego / Łobzowska,50.0692,19.9302,27,27,270,270,0,1.0,0.0,1,False
2026-05-21 20:24:10.100098,Cracovia / Aleja Mickiewicza,50.0595,19.9235,34,34,221,221,0,1.0,0.0,1,False
2026-05-21 20:24:10.100098,Rondo Grunwaldzkie,50.0492,19.9317,10,16,41,25,16,0.625,37.5,1,False
2026-05-21 20:24:10.100098,Most Dębnicki,50.053,19.9278,28,28,177,177,0,1.0,0.0,1,False
2026-05-21 20:24:10.100098,Rondo Matecznego,50.0364,19.9406,13,24,14,7,7,0.5416666666666666,45.83,1,False
2026-05-21 20:24:10.100098,Kalwaryjska,50.0412,19.9443,25,25,115,115,0,1.0,0.0,1,False
2026-05-21 20:24:10.100098,Bonarka / Kamieńskiego,50.0298,19.9513,34,34,15,15,0,1.0,0.0,1,False
2026-05-21 20:24:10.100098,Zakopiańska / Brożka,50.0227,19.9349,40,40,71,71,0,1.0,0.0,1,False
2026-05-21 20:24:10.100098,Łagiewniki,50.0202,19.9378,60,60,203,203,0,1.0,0.0,1,False
2026-05-21 20:24:10.100098,Opolska Estakada,50.0857,19.9536,34,34,50,50,0,1.0,0.0,1,False
2026-05-21 20:24:10.100098,Rondo Polsadu,50.0879,19.9618,43,43,35,35,0,1.0,0.0,1,False
2026-05-21 20:24:10.100098,Rondo Barei,50.0911,19.9742,38,38,40,40,0,1.0,0.0,1,False
2026-05-21 20:24:10.100098,Aleja 29 Listopada / Opolska,50.0861,19.952,56,56,284,284,0,1.0,0.0,1,False
2026-05-21 20:24:10.100098,Aleja 29 Listopada / Dobrego Pasterza,50.0953,19.9746,41,41,92,92,0,1.0,0.0,1,False
2026-05-21 20:24:10.100098,Rondo Ofiar Katynia,50.0879,19.8976,56,56,284,284,0,1.0,0.0,1,False
2026-05-21 20:24:10.100098,Bronowice SKA,50.0814,19.8994,112,112,498,498,0,1.0,0.0,1,False
2026-05-21 20:24:10.100098,Armii Krajowej / Zarzecze,50.0738,19.8985,25,25,137,137,0,1.0,0.0,1,False
2026-05-21 20:24:10.100098,Czarnowiejska / Armii Krajowej,50.069,19.9075,26,36,101,73,28,0.7222222222222222,27.78,1,False
2026-05-21 20:24:10.100098,Rondo Czyżyńskie,50.0729,20.0167,38,38,10,10,0,1.0,0.0,1,False
2026-05-21 20:24:10.100098,Plac Centralny,50.072,20.0372,21,21,69,69,0,1.0,0.0,1,False
2026-05-21 20:24:10.100098,Aleja Pokoju / Centralna,50.0667,20.0028,49,49,39,39,0,1.0,0.0,1,False
2026-05-21 20:24:10.100098,Nowohucka / Klimeckiego,50.0503,19.9765,29,29,230,230,0,1.0,0.0,1,False
2026-05-21 20:24:10.100098,M1 / Aleja Pokoju,50.0661,20.0149,28,28,120,120,0,1.0,0.0,1,False
2026-05-21 20:24:10.100098,Wielicka / Powstańców Wielkopolskich,50.0335,19.9621,49,49,88,88,0,1.0,0.0,1,False
2026-05-21 20:24:10.100098,Estakada Obrońców Lwowa,50.0396,19.9627,49,49,88,88,0,1.0,0.0,1,False
2026-05-21 20:24:10.100098,Bieżanowska / Wielicka,50.0207,19.982,24,24,113,113,0,1.0,0.0,1,False
2026-05-21 20:24:10.100098,Prokocim Szpital,50.0117,20.0005,37,45,75,61,14,0.8222222222222222,17.78,1,False
2026-05-21 20:24:10.100098,Węzeł Łagiewniki,50.0136,19.9325,29,29,327,327,0,1.0,0.0,1,False
2026-05-21 20:24:10.100098,Węzeł Balice / A4,50.0878,19.7937,40,40,114,114,0,1.0,0.0,1,False
2026-05-21 20:24:10.100098,Węzeł Tyniec / A4,50.0196,19.8078,45,45,605,605,0,1.0,0.0,1,False
2026-05-21 20:24:10.100098,Węzeł Wielicka / A4,50.0034,20.0065,48,48,133,133,0,1.0,0.0,1,False
2026-05-21 22:04:01.187592,Rondo Mogilskie,50.0672,19.9595,34,34,16,16,0,1.0,0.0,1.0,False
2026-05-21 22:04:01.187592,Lubomirskiego,50.0676,19.9536,16,16,95,95,0,1.0,0.0,1.0,False
2026-05-21 22:04:01.187592,Aleja Powstania Warszawskiego,50.0647,19.9608,31,31,49,49,0,1.0,0.0,1.0,False
2026-05-21 22:04:01.187592,Grzegórzecka,50.0578,19.9564,29,29,47,47,0,1.0,0.0,1.0,False
2026-05-21 22:04:01.187592,Rondo Grzegórzeckie,50.0576,19.9609,30,30,50,50,0,1.0,0.0,1.0,False
2026-05-21 22:04:01.187592,Galeria Krakowska / Pawia,50.0669,19.9457,49,49,121,121,0,1.0,0.0,1.0,False
2026-05-21 22:04:01.187592,Dworzec Główny Tunel,50.0686,19.9477,39,39,124,124,0,1.0,0.0,1.0,False
2026-05-21 22:04:01.187592,Aleje Trzech Wieszczów - AGH,50.0674,19.9209,21,21,84,84,0,1.0,0.0,1.0,False
2026-05-21 22:04:01.187592,Plac Inwalidów,50.0671,19.9269,16,16,128,128,0,1.0,0.0,1.0,False
2026-05-21 22:04:01.187592,Nowy Kleparz,50.0731,19.9352,26,26,43,43,0,1.0,0.0,1.0,False
2026-05-21 22:04:01.187592,Aleja Słowackiego / Łobzowska,50.0692,19.9302,27,27,270,270,0,1.0,0.0,1.0,False
2026-05-21 22:04:01.187592,Cracovia / Aleja Mickiewicza,50.0595,19.9235,34,34,221,221,0,1.0,0.0,1.0,False
2026-05-21 22:04:01.187592,Rondo Grunwaldzkie,50.0492,19.9317,17,17,24,24,0,1.0,0.0,1.0,False
2026-05-21 22:04:01.187592,Most Dębnicki,50.053,19.9278,28,28,177,177,0,1.0,0.0,1.0,False
2026-05-21 22:04:01.187592,Rondo Matecznego,50.0364,19.9406,25,25,7,7,0,1.0,0.0,1.0,False
2026-05-21 22:04:01.187592,Kalwaryjska,50.0412,19.9443,25,25,115,115,0,1.0,0.0,1.0,False
2026-05-21 22:04:01.187592,Bonarka / Kamieńskiego,50.0298,19.9513,34,34,15,15,0,1.0,0.0,1.0,False
2026-05-21 22:04:01.187592,Zakopiańska / Brożka,50.0227,19.9349,40,40,71,71,0,1.0,0.0,1.0,False
2026-05-21 22:04:01.187592,Łagiewniki,50.0202,19.9378,60,60,203,203,0,1.0,0.0,1.0,False
2026-05-21 22:04:01.187592,Opolska Estakada,50.0857,19.9536,34,34,50,50,0,1.0,0.0,1.0,False
2026-05-21 22:04:01.187592,Rondo Polsadu,50.0879,19.9618,43,43,35,35,0,1.0,0.0,1.0,False
2026-05-21 22:04:01.187592,Rondo Barei,50.0911,19.9742,38,38,40,40,0,1.0,0.0,1.0,False
2026-05-21 22:04:01.187592,Aleja 29 Listopada / Opolska,50.0861,19.952,56,56,284,284,0,1.0,0.0,1.0,False
2026-05-21 22:04:01.187592,Aleja 29 Listopada / Dobrego Pasterza,50.0953,19.9746,41,41,92,92,0,1.0,0.0,1.0,False
2026-05-21 22:04:01.187592,Rondo Ofiar Katynia,50.0879,19.8976,56,56,284,284,0,1.0,0.0,1.0,False
2026-05-21 22:04:01.187592,Bronowice SKA,50.0814,19.8994,112,112,498,498,0,1.0,0.0,1.0,False
2026-05-21 22:04:01.187592,Armii Krajowej / Zarzecze,50.0738,19.8985,25,25,137,137,0,1.0,0.0,1.0,False
2026-05-21 22:04:01.187592,Czarnowiejska / Armii Krajowej,50.069,19.9075,32,36,82,73,9,0.8888888888888888,11.11,1.0,False
2026-05-21 22:04:01.187592,Rondo Czyżyńskie,50.0729,20.0167,38,38,10,10,0,1.0,0.0,1.0,False
2026-05-21 22:04:01.187592,Plac Centralny,50.072,20.0372,21,21,69,69,0,1.0,0.0,1.0,False
2026-05-21 22:04:01.187592,Aleja Pokoju / Centralna,50.0667,20.0028,49,49,39,39,0,1.0,0.0,1.0,False
2026-05-21 22:04:01.187592,Nowohucka / Klimeckiego,50.0503,19.9765,29,29,230,230,0,1.0,0.0,1.0,False
2026-05-21 22:04:01.187592,M1 / Aleja Pokoju,50.0661,20.0149,28,28,120,120,0,1.0,0.0,1.0,False
2026-05-21 22:04:01.187592,Wielicka / Powstańców Wielkopolskich,50.0335,19.9621,49,49,88,88,0,1.0,0.0,1.0,False
2026-05-21 22:04:01.187592,Estakada Obrońców Lwowa,50.0396,19.9627,49,49,88,88,0,1.0,0.0,1.0,False
2026-05-21 22:04:01.187592,Bieżanowska / Wielicka,50.0207,19.982,19,24,143,113,30,0.7916666666666666,20.83,0.862517,False
2026-05-21 22:04:01.187592,Prokocim Szpital,50.0117,20.0005,46,46,60,60,0,1.0,0.0,1.0,False
2026-05-21 22:04:01.187592,Węzeł Łagiewniki,50.0136,19.9325,28,29,339,327,12,0.9655172413793104,3.45,0.682264,False
2026-05-21 22:04:01.187592,Węzeł Balice / A4,50.0878,19.7937,40,40,114,114,0,1.0,0.0,1.0,False
2026-05-21 22:04:01.187592,Węzeł Tyniec / A4,50.0196,19.8078,45,45,605,605,0,1.0,0.0,1.0,False
2026-05-21 22:04:01.187592,Węzeł Wielicka / A4,50.0034,20.0065,48,48,133,133,0,1.0,0.0,1.0,False
2026-05-21 23:14:57.219117,Rondo Mogilskie,50.0672,19.9595,34,34,16,16,0,1.0,0.0,1.0,False
2026-05-21 23:14:57.219117,Lubomirskiego,50.0676,19.9536,16,16,95,95,0,1.0,0.0,1.0,False
2026-05-21 23:14:57.219117,Aleja Powstania Warszawskiego,50.0647,19.9608,31,31,49,49,0,1.0,0.0,1.0,False
2026-05-21 23:14:57.219117,Grzegórzecka,50.0578,19.9564,29,29,47,47,0,1.0,0.0,1.0,False
2026-05-21 23:14:57.219117,Rondo Grzegórzeckie,50.0576,19.9609,30,30,50,50,0,1.0,0.0,1.0,False
2026-05-21 23:14:57.219117,Galeria Krakowska / Pawia,50.0669,19.9457,49,49,121,121,0,1.0,0.0,1.0,False
2026-05-21 23:14:57.219117,Dworzec Główny Tunel,50.0686,19.9477,39,39,124,124,0,1.0,0.0,1.0,False
2026-05-21 23:14:57.219117,Aleje Trzech Wieszczów - AGH,50.0674,19.9209,21,21,84,84,0,1.0,0.0,1.0,False
2026-05-21 23:14:57.219117,Plac Inwalidów,50.0671,19.9269,16,16,128,128,0,1.0,0.0,1.0,False
2026-05-21 23:14:57.219117,Nowy Kleparz,50.0731,19.9352,11,26,102,43,59,0.4230769230769231,57.69,0.9,False
2026-05-21 23:14:57.219117,Aleja Słowackiego / Łobzowska,50.0692,19.9302,25,27,292,270,22,0.9259259259259259,7.41,0.962218,False
2026-05-21 23:14:57.219117,Cracovia / Aleja Mickiewicza,50.0595,19.9235,34,34,221,221,0,1.0,0.0,1.0,False
2026-05-21 23:14:57.219117,Rondo Grunwaldzkie,50.0492,19.9317,17,17,24,24,0,1.0,0.0,1.0,False
2026-05-21 23:14:57.219117,Most Dębnicki,50.053,19.9278,28,28,177,177,0,1.0,0.0,1.0,False
2026-05-21 23:14:57.219117,Rondo Matecznego,50.0364,19.9406,25,25,7,7,0,1.0,0.0,1.0,False
2026-05-21 23:14:57.219117,Kalwaryjska,50.0412,19.9443,25,25,115,115,0,1.0,0.0,1.0,False
2026-05-21 23:14:57.219117,Bonarka / Kamieńskiego,50.0298,19.9513,34,34,15,15,0,1.0,0.0,1.0,False
2026-05-21 23:14:57.219117,Zakopiańska / Brożka,50.0227,19.9349,40,40,71,71,0,1.0,0.0,1.0,False
2026-05-21 23:14:57.219117,Łagiewniki,50.0202,19.9378,60,60,203,203,0,1.0,0.0,1.0,False
2026-05-21 23:14:57.219117,Opolska Estakada,50.0857,19.9536,34,34,50,50,0,1.0,0.0,1.0,False
2026-05-21 23:14:57.219117,Rondo Polsadu,50.0879,19.9618,43,43,35,35,0,1.0,0.0,1.0,False
2026-05-21 23:14:57.219117,Rondo Barei,50.0911,19.9742,38,38,40,40,0,1.0,0.0,1.0,False
2026-05-21 23:14:57.219117,Aleja 29 Listopada / Opolska,50.0861,19.952,56,56,284,284,0,1.0,0.0,1.0,False
2026-05-21 23:14:57.219117,Aleja 29 Listopada / Dobrego Pasterza,50.0953,19.9746,41,41,92,92,0,1.0,0.0,1.0,False
2026-05-21 23:14:57.219117,Rondo Ofiar Katynia,50.0879,19.8976,56,56,284,284,0,1.0,0.0,1.0,False
2026-05-21 23:14:57.219117,Bronowice SKA,50.0814,19.8994,112,112,498,498,0,1.0,0.0,1.0,False
2026-05-21 23:14:57.219117,Armii Krajowej / Zarzecze,50.0738,19.8985,25,25,137,137,0,1.0,0.0,1.0,False
2026-05-21 23:14:57.219117,Czarnowiejska / Armii Krajowej,50.069,19.9075,23,36,114,73,41,0.6388888888888888,36.11,1.0,False
2026-05-21 23:14:57.219117,Rondo Czyżyńskie,50.0729,20.0167,38,38,10,10,0,1.0,0.0,1.0,False
2026-05-21 23:14:57.219117,Plac Centralny,50.072,20.0372,21,21,69,69,0,1.0,0.0,1.0,False
2026-05-21 23:14:57.219117,Aleja Pokoju / Centralna,50.0667,20.0028,49,49,39,39,0,1.0,0.0,1.0,False
2026-05-21 23:14:57.219117,Nowohucka / Klimeckiego,50.0503,19.9765,29,29,230,230,0,1.0,0.0,1.0,False
2026-05-21 23:14:57.219117,M1 / Aleja Pokoju,50.0661,20.0149,28,28,120,120,0,1.0,0.0,1.0,False
2026-05-21 23:14:57.219117,Wielicka / Powstańców Wielkopolskich,50.0335,19.9621,49,49,88,88,0,1.0,0.0,1.0,False
2026-05-21 23:14:57.219117,Estakada Obrońców Lwowa,50.0396,19.9627,49,49,88,88,0,1.0,0.0,1.0,False
2026-05-21 23:14:57.219117,Bieżanowska / Wielicka,50.0207,19.982,8,24,341,113,228,0.3333333333333333,66.67,0.719138,False
2026-05-21 23:14:57.219117,Prokocim Szpital,50.0117,20.0005,46,46,60,60,0,1.0,0.0,1.0,False
2026-05-21 23:14:57.219117,Węzeł Łagiewniki,50.0136,19.9325,29,29,327,327,0,1.0,0.0,1.0,False
2026-05-21 23:14:57.219117,Węzeł Balice / A4,50.0878,19.7937,40,40,114,114,0,1.0,0.0,1.0,False
2026-05-21 23:14:57.219117,Węzeł Tyniec / A4,50.0196,19.8078,45,45,605,605,0,1.0,0.0,1.0,False
2026-05-21 23:14:57.219117,Węzeł Wielicka / A4,50.0034,20.0065,48,48,133,133,0,1.0,0.0,1.0,False
2026-05-22 01:32:20.308914,Rondo Mogilskie,50.0672,19.9595,34,34,16,16,0,1.0,0.0,1.0,False
2026-05-22 01:32:20.308914,Lubomirskiego,50.0676,19.9536,16,16,95,95,0,1.0,0.0,1.0,False
2026-05-22 01:32:20.308914,Aleja Powstania Warszawskiego,50.0647,19.9608,31,31,49,49,0,1.0,0.0,1.0,False
2026-05-22 01:32:20.308914,Grzegórzecka,50.0578,19.9564,29,29,47,47,0,1.0,0.0,1.0,False
2026-05-22 01:32:20.308914,Rondo Grzegórzeckie,50.0576,19.9609,30,30,50,50,0,1.0,0.0,1.0,False
2026-05-22 01:32:20.308914,Galeria Krakowska / Pawia,50.0669,19.9457,49,49,121,121,0,1.0,0.0,1.0,False
2026-05-22 01:32:20.308914,Dworzec Główny Tunel,50.0686,19.9477,39,39,124,124,0,1.0,0.0,1.0,False
2026-05-22 01:32:20.308914,Aleje Trzech Wieszczów - AGH,50.0674,19.9209,21,21,84,84,0,1.0,0.0,1.0,False
2026-05-22 01:32:20.308914,Plac Inwalidów,50.0671,19.9269,16,16,128,128,0,1.0,0.0,1.0,False
2026-05-22 01:32:20.308914,Nowy Kleparz,50.0731,19.9352,26,26,43,43,0,1.0,0.0,1.0,False
2026-05-22 01:32:20.308914,Aleja Słowackiego / Łobzowska,50.0692,19.9302,27,27,270,270,0,1.0,0.0,1.0,False
2026-05-22 01:32:20.308914,Cracovia / Aleja Mickiewicza,50.0595,19.9235,34,34,221,221,0,1.0,0.0,1.0,False
2026-05-22 01:32:20.308914,Rondo Grunwaldzkie,50.0492,19.9317,17,17,24,24,0,1.0,0.0,1.0,False
2026-05-22 01:32:20.308914,Most Dębnicki,50.053,19.9278,28,28,177,177,0,1.0,0.0,1.0,False
2026-05-22 01:32:20.308914,Rondo Matecznego,50.0364,19.9406,25,25,7,7,0,1.0,0.0,1.0,False
2026-05-22 01:32:20.308914,Kalwaryjska,50.0412,19.9443,25,25,115,115,0,1.0,0.0,1.0,False
2026-05-22 01:32:20.308914,Bonarka / Kamieńskiego,50.0298,19.9513,34,34,15,15,0,1.0,0.0,1.0,False
2026-05-22 01:32:20.308914,Zakopiańska / Brożka,50.0227,19.9349,40,40,71,71,0,1.0,0.0,1.0,False
2026-05-22 01:32:20.308914,Łagiewniki,50.0202,19.9378,60,60,203,203,0,1.0,0.0,1.0,False
2026-05-22 01:32:20.308914,Opolska Estakada,50.0857,19.9536,34,34,50,50,0,1.0,0.0,1.0,False
2026-05-22 01:32:20.308914,Rondo Polsadu,50.0879,19.9618,43,43,35,35,0,1.0,0.0,1.0,False
2026-05-22 01:32:20.308914,Rondo Barei,50.0911,19.9742,38,38,40,40,0,1.0,0.0,1.0,False
2026-05-22 01:32:20.308914,Aleja 29 Listopada / Opolska,50.0861,19.952,56,56,284,284,0,1.0,0.0,1.0,False
2026-05-22 01:32:20.308914,Aleja 29 Listopada / Dobrego Pasterza,50.0953,19.9746,41,41,92,92,0,1.0,0.0,1.0,False
2026-05-22 01:32:20.308914,Rondo Ofiar Katynia,50.0879,19.8976,56,56,284,284,0,1.0,0.0,1.0,False
2026-05-22 01:32:20.308914,Bronowice SKA,50.0814,19.8994,112,112,498,498,0,1.0,0.0,1.0,False
2026-05-22 01:32:20.308914,Armii Krajowej / Zarzecze,50.0738,19.8985,25,25,137,137,0,1.0,0.0,1.0,False
2026-05-22 01:32:20.308914,Czarnowiejska / Armii Krajowej,50.069,19.9075,30,36,87,73,14,0.8333333333333334,16.67,1.0,False
2026-05-22 01:32:20.308914,Rondo Czyżyńskie,50.0729,20.0167,38,38,10,10,0,1.0,0.0,1.0,False
2026-05-22 01:32:20.308914,Plac Centralny,50.072,20.0372,21,21,69,69,0,1.0,0.0,1.0,False
2026-05-22 01:32:20.308914,Aleja Pokoju / Centralna,50.0667,20.0028,49,49,39,39,0,1.0,0.0,1.0,False
2026-05-22 01:32:20.308914,Nowohucka / Klimeckiego,50.0503,19.9765,29,29,230,230,0,1.0,0.0,1.0,False
2026-05-22 01:32:20.308914,M1 / Aleja Pokoju,50.0661,20.0149,28,28,120,120,0,1.0,0.0,1.0,False
2026-05-22 01:32:20.308914,Wielicka / Powstańców Wielkopolskich,50.0335,19.9621,49,49,88,88,0,1.0,0.0,1.0,False
2026-05-22 01:32:20.308914,Estakada Obrońców Lwowa,50.0396,19.9627,49,49,88,88,0,1.0,0.0,1.0,False
2026-05-22 01:32:20.308914,Bieżanowska / Wielicka,50.0207,19.982,19,24,143,113,30,0.7916666666666666,20.83,0.622759,False
2026-05-22 01:32:20.308914,Prokocim Szpital,50.0117,20.0005,46,46,60,60,0,1.0,0.0,1.0,False
2026-05-22 01:32:20.308914,Węzeł Łagiewniki,50.0136,19.9325,29,29,327,327,0,1.0,0.0,1.0,False
2026-05-22 01:32:20.308914,Węzeł Balice / A4,50.0878,19.7937,40,40,114,114,0,1.0,0.0,1.0,False
2026-05-22 01:32:20.308914,Węzeł Tyniec / A4,50.0196,19.8078,45,45,605,605,0,1.0,0.0,1.0,False
2026-05-22 01:32:20.308914,Węzeł Wielicka / A4,50.0034,20.0065,48,48,133,133,0,1.0,0.0,1.0,False
2026-05-22 05:46:38.475872,Rondo Mogilskie,50.0672,19.9595,34,34,16,16,0,1.0,0.0,1.0,False
2026-05-22 05:46:38.475872,Lubomirskiego,50.0676,19.9536,16,16,95,95,0,1.0,0.0,1.0,False
2026-05-22 05:46:38.475872,Aleja Powstania Warszawskiego,50.0647,19.9608,31,31,49,49,0,1.0,0.0,1.0,False
2026-05-22 05:46:38.475872,Grzegórzecka,50.0578,19.9564,19,29,71,47,24,0.6551724137931034,34.48,1.0,False
2026-05-22 05:46:38.475872,Rondo Grzegórzeckie,50.0576,19.9609,30,30,50,50,0,1.0,0.0,1.0,False
2026-05-22 05:46:38.475872,Galeria Krakowska / Pawia,50.0669,19.9457,49,49,121,121,0,1.0,0.0,1.0,False
2026-05-22 05:46:38.475872,Dworzec Główny Tunel,50.0686,19.9477,34,45,143,108,35,0.7555555555555555,24.44,1.0,False
2026-05-22 05:46:38.475872,Aleje Trzech Wieszczów - AGH,50.0674,19.9209,21,21,84,84,0,1.0,0.0,1.0,False
2026-05-22 05:46:38.475872,Plac Inwalidów,50.0671,19.9269,12,14,171,147,24,0.8571428571428571,14.29,0.84,False
2026-05-22 05:46:38.475872,Nowy Kleparz,50.0731,19.9352,20,26,56,43,13,0.7692307692307693,23.08,1.0,False
2026-05-22 05:46:38.475872,Aleja Słowackiego / Łobzowska,50.0692,19.9302,20,26,365,281,84,0.7692307692307693,23.08,0.99,False
2026-05-22 05:46:38.475872,Cracovia / Aleja Mickiewicza,50.0595,19.9235,34,34,221,221,0,1.0,0.0,1.0,False
2026-05-22 05:46:38.475872,Rondo Grunwaldzkie,50.0492,19.9317,17,17,24,24,0,1.0,0.0,1.0,False
2026-05-22 05:46:38.475872,Most Dębnicki,50.053,19.9278,18,28,276,177,99,0.6428571428571429,35.71,0.92466,False
2026-05-22 05:46:38.475872,Rondo Matecznego,50.0364,19.9406,25,25,7,7,0,1.0,0.0,1.0,False
2026-05-22 05:46:38.475872,Kalwaryjska,50.0412,19.9443,25,25,115,115,0,1.0,0.0,1.0,False
2026-05-22 05:46:38.475872,Bonarka / Kamieńskiego,50.0298,19.9513,34,34,15,15,0,1.0,0.0,1.0,False
2026-05-22 05:46:38.475872,Zakopiańska / Brożka,50.0227,19.9349,37,48,77,59,18,0.7708333333333334,22.92,1.0,False
2026-05-22 05:46:38.475872,Łagiewniki,50.0202,19.9378,58,60,210,203,7,0.9666666666666667,3.33,1.0,False
2026-05-22 05:46:38.475872,Opolska Estakada,50.0857,19.9536,34,34,50,50,0,1.0,0.0,1.0,False
2026-05-22 05:46:38.475872,Rondo Polsadu,50.0879,19.9618,43,43,35,35,0,1.0,0.0,1.0,False
2026-05-22 05:46:38.475872,Rondo Barei,50.0911,19.9742,38,38,40,40,0,1.0,0.0,1.0,False
2026-05-22 05:46:38.475872,Aleja 29 Listopada / Opolska,50.0861,19.952,42,57,378,279,99,0.7368421052631579,26.32,1.0,False
2026-05-22 05:46:38.475872,Aleja 29 Listopada / Dobrego Pasterza,50.0953,19.9746,41,41,92,92,0,1.0,0.0,1.0,False
2026-05-22 05:46:38.475872,Rondo Ofiar Katynia,50.0879,19.8976,42,57,378,279,99,0.7368421052631579,26.32,1.0,False
2026-05-22 05:46:38.475872,Bronowice SKA,50.0814,19.8994,82,111,680,502,178,0.7387387387387387,26.13,1.0,False
2026-05-22 05:46:38.475872,Armii Krajowej / Zarzecze,50.0738,19.8985,18,24,190,142,48,0.75,25.0,1.0,False
2026-05-22 05:46:38.475872,Czarnowiejska / Armii Krajowej,50.069,19.9075,36,36,73,73,0,1.0,0.0,1.0,False
2026-05-22 05:46:38.475872,Rondo Czyżyńskie,50.0729,20.0167,38,38,10,10,0,1.0,0.0,1.0,False
2026-05-22 05:46:38.475872,Plac Centralny,50.072,20.0372,21,21,69,69,0,1.0,0.0,1.0,False
2026-05-22 05:46:38.475872,Aleja Pokoju / Centralna,50.0667,20.0028,36,49,53,39,14,0.7346938775510204,26.53,1.0,False
2026-05-22 05:46:38.475872,Nowohucka / Klimeckiego,50.0503,19.9765,29,29,230,230,0,1.0,0.0,1.0,False
2026-05-22 05:46:38.475872,M1 / Aleja Pokoju,50.0661,20.0149,28,33,120,102,18,0.8484848484848485,15.15,0.918572,False
2026-05-22 05:46:38.475872,Wielicka / Powstańców Wielkopolskich,50.0335,19.9621,40,49,108,88,20,0.8163265306122449,18.37,1.0,False
2026-05-22 05:46:38.475872,Estakada Obrońców Lwowa,50.0396,19.9627,40,49,108,88,20,0.8163265306122449,18.37,1.0,False
2026-05-22 05:46:38.475872,Bieżanowska / Wielicka,50.0207,19.982,24,24,113,113,0,1.0,0.0,1.0,False
2026-05-22 05:46:38.475872,Prokocim Szpital,50.0117,20.0005,30,46,92,60,32,0.6521739130434783,34.78,1.0,False
2026-05-22 05:46:38.475872,Węzeł Łagiewniki,50.0136,19.9325,29,29,327,327,0,1.0,0.0,1.0,False
2026-05-22 05:46:38.475872,Węzeł Balice / A4,50.0878,19.7937,40,40,114,114,0,1.0,0.0,1.0,False
2026-05-22 05:46:38.475872,Węzeł Tyniec / A4,50.0196,19.8078,38,45,716,605,111,0.8444444444444444,15.56,0.972036,False
2026-05-22 05:46:38.475872,Węzeł Wielicka / A4,50.0034,20.0065,38,48,168,133,35,0.7916666666666666,20.83,1.0,False
2026-05-22 09:45:28.051925,Rondo Mogilskie,50.0672,19.9595,25,33,22,16,6,0.7575757575757576,24.24,1.0,False
2026-05-22 09:45:28.051925,Lubomirskiego,50.0676,19.9536,16,16,95,95,0,1.0,0.0,1.0,False
2026-05-22 09:45:28.051925,Aleja Powstania Warszawskiego,50.0647,19.9608,13,31,117,49,68,0.41935483870967744,58.06,0.98,False
2026-05-22 09:45:28.051925,Grzegórzecka,50.0578,19.9564,22,29,62,47,15,0.7586206896551724,24.14,1.0,False
2026-05-22 09:45:28.051925,Rondo Grzegórzeckie,50.0576,19.9609,30,30,50,50,0,1.0,0.0,1.0,False
2026-05-22 09:45:28.051925,Galeria Krakowska / Pawia,50.0669,19.9457,49,49,121,121,0,1.0,0.0,1.0,False
2026-05-22 09:45:28.051925,Dworzec Główny Tunel,50.0686,19.9477,27,39,180,124,56,0.6923076923076923,30.77,1.0,False
2026-05-22 09:45:28.051925,Aleje Trzech Wieszczów - AGH,50.0674,19.9209,21,21,84,84,0,1.0,0.0,1.0,False
2026-05-22 09:45:28.051925,Plac Inwalidów,50.0671,19.9269,12,16,171,128,43,0.75,25.0,0.959356,False
2026-05-22 09:45:28.051925,Nowy Kleparz,50.0731,19.9352,19,25,59,45,14,0.76,24.0,0.99,False
2026-05-22 09:45:28.051925,Aleja Słowackiego / Łobzowska,50.0692,19.9302,19,28,384,261,123,0.6785714285714286,32.14,0.990256,False
2026-05-22 09:45:28.051925,Cracovia / Aleja Mickiewicza,50.0595,19.9235,25,33,301,228,73,0.7575757575757576,24.24,1.0,False
2026-05-22 09:45:28.051925,Rondo Grunwaldzkie,50.0492,19.9317,17,17,24,24,0,1.0,0.0,1.0,False
2026-05-22 09:45:28.051925,Most Dębnicki,50.053,19.9278,28,28,177,177,0,1.0,0.0,1.0,False
2026-05-22 09:45:28.051925,Rondo Matecznego,50.0364,19.9406,16,25,11,7,4,0.64,36.0,1.0,False
2026-05-22 09:45:28.051925,Kalwaryjska,50.0412,19.9443,25,25,115,115,0,1.0,0.0,1.0,False
2026-05-22 09:45:28.051925,Bonarka / Kamieńskiego,50.0298,19.9513,34,34,15,15,0,1.0,0.0,1.0,False
2026-05-22 09:45:28.051925,Zakopiańska / Brożka,50.0227,19.9349,25,42,114,68,46,0.5952380952380952,40.48,1.0,False
2026-05-22 09:45:28.051925,Łagiewniki,50.0202,19.9378,60,60,203,203,0,1.0,0.0,1.0,False
2026-05-22 09:45:28.051925,Opolska Estakada,50.0857,19.9536,34,34,50,50,0,1.0,0.0,1.0,False
2026-05-22 09:45:28.051925,Rondo Polsadu,50.0879,19.9618,43,43,35,35,0,1.0,0.0,1.0,False
2026-05-22 09:45:28.051925,Rondo Barei,50.0911,19.9742,38,38,40,40,0,1.0,0.0,1.0,False
2026-05-22 09:45:28.051925,Aleja 29 Listopada / Opolska,50.0861,19.952,46,57,345,279,66,0.8070175438596491,19.3,1.0,False
2026-05-22 09:45:28.051925,Aleja 29 Listopada / Dobrego Pasterza,50.0953,19.9746,33,41,114,92,22,0.8048780487804879,19.51,1.0,False
2026-05-22 09:45:28.051925,Rondo Ofiar Katynia,50.0879,19.8976,46,57,345,279,66,0.8070175438596491,19.3,1.0,False
2026-05-22 09:45:28.051925,Bronowice SKA,50.0814,19.8994,112,112,498,498,0,1.0,0.0,1.0,False
2026-05-22 09:45:28.051925,Armii Krajowej / Zarzecze,50.0738,19.8985,25,25,137,137,0,1.0,0.0,1.0,False
2026-05-22 09:45:28.051925,Czarnowiejska / Armii Krajowej,50.069,19.9075,23,36,114,73,41,0.6388888888888888,36.11,1.0,False
2026-05-22 09:45:28.051925,Rondo Czyżyńskie,50.0729,20.0167,38,38,10,10,0,1.0,0.0,1.0,False
2026-05-22 09:45:28.051925,Plac Centralny,50.072,20.0372,13,20,112,72,40,0.65,35.0,1.0,False
2026-05-22 09:45:28.051925,Aleja Pokoju / Centralna,50.0667,20.0028,27,48,71,40,31,0.5625,43.75,1.0,False
2026-05-22 09:45:28.051925,Nowohucka / Klimeckiego,50.0503,19.9765,25,29,267,230,37,0.8620689655172413,13.79,0.953173,False
2026-05-22 09:45:28.051925,M1 / Aleja Pokoju,50.0661,20.0149,28,28,120,120,0,1.0,0.0,1.0,False
2026-05-22 09:45:28.051925,Wielicka / Powstańców Wielkopolskich,50.0335,19.9621,34,48,127,90,37,0.7083333333333334,29.17,1.0,False
2026-05-22 09:45:28.051925,Estakada Obrońców Lwowa,50.0396,19.9627,34,48,127,90,37,0.7083333333333334,29.17,1.0,False
2026-05-22 09:45:28.051925,Bieżanowska / Wielicka,50.0207,19.982,24,24,113,113,0,1.0,0.0,1.0,False
2026-05-22 09:45:28.051925,Prokocim Szpital,50.0117,20.0005,46,46,60,60,0,1.0,0.0,1.0,False
2026-05-22 09:45:28.051925,Węzeł Łagiewniki,50.0136,19.9325,25,29,380,327,53,0.8620689655172413,13.79,0.950374,False
2026-05-22 09:45:28.051925,Węzeł Balice / A4,50.0878,19.7937,40,40,114,114,0,1.0,0.0,1.0,False
2026-05-22 09:45:28.051925,Węzeł Tyniec / A4,50.0196,19.8078,45,45,605,605,0,1.0,0.0,1.0,False
2026-05-22 09:45:28.051925,Węzeł Wielicka / A4,50.0034,20.0065,39,47,164,136,28,0.8297872340425532,17.02,0.98382,False
2026-05-22 12:29:41.662972,Rondo Mogilskie,50.0672,19.9595,34,34,16,16,0,1.0,0.0,1.0,False
2026-05-22 12:29:41.662972,Lubomirskiego,50.0676,19.9536,16,16,95,95,0,1.0,0.0,1.0,False
2026-05-22 12:29:41.662972,Aleja Powstania Warszawskiego,50.0647,19.9608,23,31,66,49,17,0.7419354838709677,25.81,0.99,False
2026-05-22 12:29:41.662972,Grzegórzecka,50.0578,19.9564,22,29,62,47,15,0.7586206896551724,24.14,1.0,False
2026-05-22 12:29:41.662972,Rondo Grzegórzeckie,50.0576,19.9609,21,30,71,50,21,0.7,30.0,1.0,False
2026-05-22 12:29:41.662972,Galeria Krakowska / Pawia,50.0669,19.9457,28,50,212,118,94,0.56,44.0,1.0,False
2026-05-22 12:29:41.662972,Dworzec Główny Tunel,50.0686,19.9477,35,47,139,103,36,0.7446808510638298,25.53,1.0,False
2026-05-22 12:29:41.662972,Aleje Trzech Wieszczów - AGH,50.0674,19.9209,21,21,84,84,0,1.0,0.0,1.0,False
2026-05-22 12:29:41.662972,Plac Inwalidów,50.0671,19.9269,12,16,171,128,43,0.75,25.0,0.91,False
2026-05-22 12:29:41.662972,Nowy Kleparz,50.0731,19.9352,8,27,141,41,100,0.2962962962962963,70.37,0.99,False
2026-05-22 12:29:41.662972,Aleja Słowackiego / Łobzowska,50.0692,19.9302,20,27,365,270,95,0.7407407407407407,25.93,0.992677,False
2026-05-22 12:29:41.662972,Cracovia / Aleja Mickiewicza,50.0595,19.9235,34,34,221,221,0,1.0,0.0,1.0,False
2026-05-22 12:29:41.662972,Rondo Grunwaldzkie,50.0492,19.9317,8,16,51,25,26,0.5,50.0,1.0,False
2026-05-22 12:29:41.662972,Most Dębnicki,50.053,19.9278,22,27,225,184,41,0.8148148148148148,18.52,0.98,False
2026-05-22 12:29:41.662972,Rondo Matecznego,50.0364,19.9406,25,25,7,7,0,1.0,0.0,1.0,False
2026-05-22 12:29:41.662972,Kalwaryjska,50.0412,19.9443,25,25,115,115,0,1.0,0.0,1.0,False
2026-05-22 12:29:41.662972,Bonarka / Kamieńskiego,50.0298,19.9513,34,34,15,15,0,1.0,0.0,1.0,False
2026-05-22 12:29:41.662972,Zakopiańska / Brożka,50.0227,19.9349,47,51,61,56,5,0.9215686274509803,7.84,1.0,False
2026-05-22 12:29:41.662972,Łagiewniki,50.0202,19.9378,57,61,214,200,14,0.9344262295081968,6.56,1.0,False
2026-05-22 12:29:41.662972,Opolska Estakada,50.0857,19.9536,34,34,50,50,0,1.0,0.0,1.0,False
2026-05-22 12:29:41.662972,Rondo Polsadu,50.0879,19.9618,31,42,49,36,13,0.7380952380952381,26.19,1.0,False
2026-05-22 12:29:41.662972,Rondo Barei,50.0911,19.9742,27,37,57,42,15,0.7297297297297297,27.03,1.0,False
2026-05-22 12:29:41.662972,Aleja 29 Listopada / Opolska,50.0861,19.952,40,57,397,279,118,0.7017543859649122,29.82,1.0,False
2026-05-22 12:29:41.662972,Aleja 29 Listopada / Dobrego Pasterza,50.0953,19.9746,41,41,92,92,0,1.0,0.0,1.0,False
2026-05-22 12:29:41.662972,Rondo Ofiar Katynia,50.0879,19.8976,40,57,397,279,118,0.7017543859649122,29.82,1.0,False
2026-05-22 12:29:41.662972,Bronowice SKA,50.0814,19.8994,87,111,641,502,139,0.7837837837837838,21.62,1.0,False
2026-05-22 12:29:41.662972,Armii Krajowej / Zarzecze,50.0738,19.8985,25,25,137,137,0,1.0,0.0,1.0,False
2026-05-22 12:29:41.662972,Czarnowiejska / Armii Krajowej,50.069,19.9075,24,36,109,73,36,0.6666666666666666,33.33,1.0,False
2026-05-22 12:29:41.662972,Rondo Czyżyńskie,50.0729,20.0167,38,38,10,10,0,1.0,0.0,1.0,False
2026-05-22 12:29:41.662972,Plac Centralny,50.072,20.0372,8,20,182,72,110,0.4,60.0,1.0,False
2026-05-22 12:29:41.662972,Aleja Pokoju / Centralna,50.0667,20.0028,35,48,55,40,15,0.7291666666666666,27.08,1.0,False
2026-05-22 12:29:41.662972,Nowohucka / Klimeckiego,50.0503,19.9765,29,29,230,230,0,1.0,0.0,1.0,False
2026-05-22 12:29:41.662972,M1 / Aleja Pokoju,50.0661,20.0149,22,27,153,125,28,0.8148148148148148,18.52,0.85,False
2026-05-22 12:29:41.662972,Wielicka / Powstańców Wielkopolskich,50.0335,19.9621,32,48,135,90,45,0.6666666666666666,33.33,1.0,False
2026-05-22 12:29:41.662972,Estakada Obrońców Lwowa,50.0396,19.9627,32,48,135,90,45,0.6666666666666666,33.33,1.0,False
2026-05-22 12:29:41.662972,Bieżanowska / Wielicka,50.0207,19.982,19,24,143,113,30,0.7916666666666666,20.83,0.960552,False
2026-05-22 12:29:41.662972,Prokocim Szpital,50.0117,20.0005,23,46,120,60,60,0.5,50.0,1.0,False
2026-05-22 12:29:41.662972,Węzeł Łagiewniki,50.0136,19.9325,25,29,380,327,53,0.8620689655172413,13.79,0.882503,False
2026-05-22 12:29:41.662972,Węzeł Balice / A4,50.0878,19.7937,40,40,114,114,0,1.0,0.0,1.0,False
2026-05-22 12:29:41.662972,Węzeł Tyniec / A4,50.0196,19.8078,38,45,716,605,111,0.8444444444444444,15.56,0.952646,False
2026-05-22 12:29:41.662972,Węzeł Wielicka / A4,50.0034,20.0065,48,48,133,133,0,1.0,0.0,1.0,False
2026-05-22 15:38:04.297191,Rondo Mogilskie,50.0672,19.9595,23,33,23,16,7,0.696969696969697,30.3,1.0,False
2026-05-22 15:38:04.297191,Lubomirskiego,50.0676,19.9536,16,16,95,95,0,1.0,0.0,1.0,False
2026-05-22 15:38:04.297191,Aleja Powstania Warszawskiego,50.0647,19.9608,31,31,49,49,0,1.0,0.0,1.0,False
2026-05-22 15:38:04.297191,Grzegórzecka,50.0578,19.9564,29,29,47,47,0,1.0,0.0,1.0,False
2026-05-22 15:38:04.297191,Rondo Grzegórzeckie,50.0576,19.9609,30,30,50,50,0,1.0,0.0,1.0,False
2026-05-22 15:38:04.297191,Galeria Krakowska / Pawia,50.0669,19.9457,49,49,121,121,0,1.0,0.0,1.0,False
2026-05-22 15:38:04.297191,Dworzec Główny Tunel,50.0686,19.9477,37,43,131,113,18,0.8604651162790697,13.95,1.0,False
2026-05-22 15:38:04.297191,Aleje Trzech Wieszczów - AGH,50.0674,19.9209,21,21,84,84,0,1.0,0.0,1.0,False
2026-05-22 15:38:04.297191,Plac Inwalidów,50.0671,19.9269,16,16,128,128,0,1.0,0.0,1.0,False
2026-05-22 15:38:04.297191,Nowy Kleparz,50.0731,19.9352,17,26,66,43,23,0.6538461538461539,34.62,0.99,False
2026-05-22 15:38:04.297191,Aleja Słowackiego / Łobzowska,50.0692,19.9302,21,28,348,261,87,0.75,25.0,0.990529,False
2026-05-22 15:38:04.297191,Cracovia / Aleja Mickiewicza,50.0595,19.9235,27,34,278,221,57,0.7941176470588235,20.59,1.0,False
2026-05-22 15:38:04.297191,Rondo Grunwaldzkie,50.0492,19.9317,17,17,24,24,0,1.0,0.0,1.0,False
2026-05-22 15:38:04.297191,Most Dębnicki,50.053,19.9278,23,28,216,177,39,0.8214285714285714,17.86,0.981624,False
2026-05-22 15:38:04.297191,Rondo Matecznego,50.0364,19.9406,10,25,18,7,11,0.4,60.0,1.0,False
2026-05-22 15:38:04.297191,Kalwaryjska,50.0412,19.9443,25,25,115,115,0,1.0,0.0,1.0,False
2026-05-22 15:38:04.297191,Bonarka / Kamieńskiego,50.0298,19.9513,34,34,15,15,0,1.0,0.0,1.0,False
2026-05-22 15:38:04.297191,Zakopiańska / Brożka,50.0227,19.9349,27,40,106,71,35,0.675,32.5,1.0,False
2026-05-22 15:38:04.297191,Łagiewniki,50.0202,19.9378,60,60,203,203,0,1.0,0.0,1.0,False
2026-05-22 15:38:04.297191,Opolska Estakada,50.0857,19.9536,34,34,50,50,0,1.0,0.0,1.0,False
2026-05-22 15:38:04.297191,Rondo Polsadu,50.0879,19.9618,43,43,35,35,0,1.0,0.0,1.0,False
2026-05-22 15:38:04.297191,Rondo Barei,50.0911,19.9742,26,38,59,40,19,0.6842105263157895,31.58,1.0,False
2026-05-22 15:38:04.297191,Aleja 29 Listopada / Opolska,50.0861,19.952,45,57,353,279,74,0.7894736842105263,21.05,1.0,False
2026-05-22 15:38:04.297191,Aleja 29 Listopada / Dobrego Pasterza,50.0953,19.9746,31,40,121,94,27,0.775,22.5,1.0,False
2026-05-22 15:38:04.297191,Rondo Ofiar Katynia,50.0879,19.8976,45,57,353,279,74,0.7894736842105263,21.05,1.0,False
2026-05-22 15:38:04.297191,Bronowice SKA,50.0814,19.8994,112,112,498,498,0,1.0,0.0,1.0,False
2026-05-22 15:38:04.297191,Armii Krajowej / Zarzecze,50.0738,19.8985,25,25,137,137,0,1.0,0.0,1.0,False
2026-05-22 15:38:04.297191,Czarnowiejska / Armii Krajowej,50.069,19.9075,26,36,101,73,28,0.7222222222222222,27.78,1.0,False
2026-05-22 15:38:04.297191,Rondo Czyżyńskie,50.0729,20.0167,38,38,10,10,0,1.0,0.0,1.0,False
2026-05-22 15:38:04.297191,Plac Centralny,50.072,20.0372,12,20,121,72,49,0.6,40.0,1.0,False
2026-05-22 15:38:04.297191,Aleja Pokoju / Centralna,50.0667,20.0028,13,47,149,41,108,0.2765957446808511,72.34,1.0,False
2026-05-22 15:38:04.297191,Nowohucka / Klimeckiego,50.0503,19.9765,29,29,230,230,0,1.0,0.0,1.0,False
2026-05-22 15:38:04.297191,M1 / Aleja Pokoju,50.0661,20.0149,26,34,129,99,30,0.7647058823529411,23.53,0.915314,False
2026-05-22 15:38:04.297191,Wielicka / Powstańców Wielkopolskich,50.0335,19.9621,33,48,131,90,41,0.6875,31.25,1.0,False
2026-05-22 15:38:04.297191,Estakada Obrońców Lwowa,50.0396,19.9627,33,48,131,90,41,0.6875,31.25,1.0,False
2026-05-22 15:38:04.297191,Bieżanowska / Wielicka,50.0207,19.982,24,24,113,113,0,1.0,0.0,1.0,False
2026-05-22 15:38:04.297191,Prokocim Szpital,50.0117,20.0005,31,45,89,61,28,0.6888888888888889,31.11,1.0,False
2026-05-22 15:38:04.297191,Węzeł Łagiewniki,50.0136,19.9325,24,29,395,327,68,0.8275862068965517,17.24,0.952473,False
2026-05-22 15:38:04.297191,Węzeł Balice / A4,50.0878,19.7937,40,40,114,114,0,1.0,0.0,1.0,False
2026-05-22 15:38:04.297191,Węzeł Tyniec / A4,50.0196,19.8078,45,45,605,605,0,1.0,0.0,1.0,False
2026-05-22 15:38:04.297191,Węzeł Wielicka / A4,50.0034,20.0065,48,48,133,133,0,1.0,0.0,1.0,False
2026-05-22 17:59:36.301803,Rondo Mogilskie,50.0672,19.9595,34,34,16,16,0,1.0,0.0,1.0,False
2026-05-22 17:59:36.301803,Lubomirskiego,50.0676,19.9536,16,16,95,95,0,1.0,0.0,1.0,False
2026-05-22 17:59:36.301803,Aleja Powstania Warszawskiego,50.0647,19.9608,12,30,127,50,77,0.4,60.0,1.0,False
2026-05-22 17:59:36.301803,Grzegórzecka,50.0578,19.9564,29,29,47,47,0,1.0,0.0,1.0,False
2026-05-22 17:59:36.301803,Rondo Grzegórzeckie,50.0576,19.9609,23,29,65,51,14,0.7931034482758621,20.69,1.0,False
2026-05-22 17:59:36.301803,Galeria Krakowska / Pawia,50.0669,19.9457,49,49,121,121,0,1.0,0.0,1.0,False
2026-05-22 17:59:36.301803,Dworzec Główny Tunel,50.0686,19.9477,39,39,124,124,0,1.0,0.0,1.0,False
2026-05-22 17:59:36.301803,Aleje Trzech Wieszczów - AGH,50.0674,19.9209,21,21,84,84,0,1.0,0.0,1.0,False
2026-05-22 17:59:36.301803,Plac Inwalidów,50.0671,19.9269,16,16,128,128,0,1.0,0.0,1.0,False
2026-05-22 17:59:36.301803,Nowy Kleparz,50.0731,19.9352,26,26,43,43,0,1.0,0.0,1.0,False
2026-05-22 17:59:36.301803,Aleja Słowackiego / Łobzowska,50.0692,19.9302,20,27,365,270,95,0.7407407407407407,25.93,0.978076,False
2026-05-22 17:59:36.301803,Cracovia / Aleja Mickiewicza,50.0595,19.9235,34,34,221,221,0,1.0,0.0,1.0,False
2026-05-22 17:59:36.301803,Rondo Grunwaldzkie,50.0492,19.9317,13,17,31,24,7,0.7647058823529411,23.53,1.0,False
2026-05-22 17:59:36.301803,Most Dębnicki,50.053,19.9278,23,28,216,177,39,0.8214285714285714,17.86,0.978613,False
2026-05-22 17:59:36.301803,Rondo Matecznego,50.0364,19.9406,10,26,18,7,11,0.38461538461538464,61.54,1.0,False
2026-05-22 17:59:36.301803,Kalwaryjska,50.0412,19.9443,25,25,115,115,0,1.0,0.0,1.0,False
2026-05-22 17:59:36.301803,Bonarka / Kamieńskiego,50.0298,19.9513,34,34,15,15,0,1.0,0.0,1.0,False
2026-05-22 17:59:36.301803,Zakopiańska / Brożka,50.0227,19.9349,41,49,69,58,11,0.8367346938775511,16.33,1.0,False
2026-05-22 17:59:36.301803,Łagiewniki,50.0202,19.9378,60,60,203,203,0,1.0,0.0,1.0,False
2026-05-22 17:59:36.301803,Opolska Estakada,50.0857,19.9536,34,34,50,50,0,1.0,0.0,1.0,False
2026-05-22 17:59:36.301803,Rondo Polsadu,50.0879,19.9618,43,43,35,35,0,1.0,0.0,1.0,False
2026-05-22 17:59:36.301803,Rondo Barei,50.0911,19.9742,38,38,40,40,0,1.0,0.0,1.0,False
2026-05-22 17:59:36.301803,Aleja 29 Listopada / Opolska,50.0861,19.952,47,57,338,279,59,0.8245614035087719,17.54,1.0,False
2026-05-22 17:59:36.301803,Aleja 29 Listopada / Dobrego Pasterza,50.0953,19.9746,41,41,92,92,0,1.0,0.0,1.0,False
2026-05-22 17:59:36.301803,Rondo Ofiar Katynia,50.0879,19.8976,47,57,338,279,59,0.8245614035087719,17.54,1.0,False
2026-05-22 17:59:36.301803,Bronowice SKA,50.0814,19.8994,112,112,498,498,0,1.0,0.0,1.0,False
2026-05-22 17:59:36.301803,Armii Krajowej / Zarzecze,50.0738,19.8985,25,25,137,137,0,1.0,0.0,1.0,False
2026-05-22 17:59:36.301803,Czarnowiejska / Armii Krajowej,50.069,19.9075,27,36,97,73,24,0.75,25.0,1.0,False
2026-05-22 17:59:36.301803,Rondo Czyżyńskie,50.0729,20.0167,38,38,10,10,0,1.0,0.0,1.0,False
2026-05-22 17:59:36.301803,Plac Centralny,50.072,20.0372,21,21,69,69,0,1.0,0.0,1.0,False
2026-05-22 17:59:36.301803,Aleja Pokoju / Centralna,50.0667,20.0028,30,49,64,39,25,0.6122448979591837,38.78,1.0,False
2026-05-22 17:59:36.301803,Nowohucka / Klimeckiego,50.0503,19.9765,29,29,230,230,0,1.0,0.0,1.0,False
2026-05-22 17:59:36.301803,M1 / Aleja Pokoju,50.0661,20.0149,28,28,120,120,0,1.0,0.0,1.0,False
2026-05-22 17:59:36.301803,Wielicka / Powstańców Wielkopolskich,50.0335,19.9621,49,49,88,88,0,1.0,0.0,1.0,False
2026-05-22 17:59:36.301803,Estakada Obrońców Lwowa,50.0396,19.9627,49,49,88,88,0,1.0,0.0,1.0,False
2026-05-22 17:59:36.301803,Bieżanowska / Wielicka,50.0207,19.982,24,24,113,113,0,1.0,0.0,1.0,False
2026-05-22 17:59:36.301803,Prokocim Szpital,50.0117,20.0005,38,45,73,61,12,0.8444444444444444,15.56,1.0,False
2026-05-22 17:59:36.301803,Węzeł Łagiewniki,50.0136,19.9325,29,29,327,327,0,1.0,0.0,1.0,False
2026-05-22 17:59:36.301803,Węzeł Balice / A4,50.0878,19.7937,40,40,114,114,0,1.0,0.0,1.0,False
2026-05-22 17:59:36.301803,Węzeł Tyniec / A4,50.0196,19.8078,45,45,605,605,0,1.0,0.0,1.0,False
2026-05-22 17:59:36.301803,Węzeł Wielicka / A4,50.0034,20.0065,48,48,133,133,0,1.0,0.0,1.0,False
2026-05-22 20:01:35.247418,Rondo Mogilskie,50.0672,19.9595,34,34,16,16,0,1.0,0.0,1.0,False
2026-05-22 20:01:35.247418,Lubomirskiego,50.0676,19.9536,16,16,95,95,0,1.0,0.0,1.0,False
2026-05-22 20:01:35.247418,Aleja Powstania Warszawskiego,50.0647,19.9608,21,31,72,49,23,0.6774193548387096,32.26,0.91,False
2026-05-22 20:01:35.247418,Grzegórzecka,50.0578,19.9564,29,29,47,47,0,1.0,0.0,1.0,False
2026-05-22 20:01:35.247418,Rondo Grzegórzeckie,50.0576,19.9609,30,30,50,50,0,1.0,0.0,1.0,False
2026-05-22 20:01:35.247418,Galeria Krakowska / Pawia,50.0669,19.9457,49,49,121,121,0,1.0,0.0,1.0,False
2026-05-22 20:01:35.247418,Dworzec Główny Tunel,50.0686,19.9477,39,39,124,124,0,1.0,0.0,1.0,False
2026-05-22 20:01:35.247418,Aleje Trzech Wieszczów - AGH,50.0674,19.9209,21,21,84,84,0,1.0,0.0,1.0,False
2026-05-22 20:01:35.247418,Plac Inwalidów,50.0671,19.9269,16,16,128,128,0,1.0,0.0,1.0,False
2026-05-22 20:01:35.247418,Nowy Kleparz,50.0731,19.9352,18,25,62,45,17,0.72,28.0,0.98,False
2026-05-22 20:01:35.247418,Aleja Słowackiego / Łobzowska,50.0692,19.9302,27,27,270,270,0,1.0,0.0,1.0,False
2026-05-22 20:01:35.247418,Cracovia / Aleja Mickiewicza,50.0595,19.9235,34,34,221,221,0,1.0,0.0,1.0,False
2026-05-22 20:01:35.247418,Rondo Grunwaldzkie,50.0492,19.9317,17,17,24,24,0,1.0,0.0,1.0,False
2026-05-22 20:01:35.247418,Most Dębnicki,50.053,19.9278,28,28,177,177,0,1.0,0.0,1.0,False
2026-05-22 20:01:35.247418,Rondo Matecznego,50.0364,19.9406,10,26,18,7,11,0.38461538461538464,61.54,1.0,False
2026-05-22 20:01:35.247418,Kalwaryjska,50.0412,19.9443,25,25,115,115,0,1.0,0.0,1.0,False
2026-05-22 20:01:35.247418,Bonarka / Kamieńskiego,50.0298,19.9513,34,34,15,15,0,1.0,0.0,1.0,False
2026-05-22 20:01:35.247418,Zakopiańska / Brożka,50.0227,19.9349,40,40,71,71,0,1.0,0.0,1.0,False
2026-05-22 20:01:35.247418,Łagiewniki,50.0202,19.9378,60,60,203,203,0,1.0,0.0,1.0,False
2026-05-22 20:01:35.247418,Opolska Estakada,50.0857,19.9536,34,34,50,50,0,1.0,0.0,1.0,False
2026-05-22 20:01:35.247418,Rondo Polsadu,50.0879,19.9618,43,43,35,35,0,1.0,0.0,1.0,False
2026-05-22 20:01:35.247418,Rondo Barei,50.0911,19.9742,38,38,40,40,0,1.0,0.0,1.0,False
2026-05-22 20:01:35.247418,Aleja 29 Listopada / Opolska,50.0861,19.952,56,56,284,284,0,1.0,0.0,1.0,False
2026-05-22 20:01:35.247418,Aleja 29 Listopada / Dobrego Pasterza,50.0953,19.9746,33,40,114,94,20,0.825,17.5,0.986867,False
2026-05-22 20:01:35.247418,Rondo Ofiar Katynia,50.0879,19.8976,56,56,284,284,0,1.0,0.0,1.0,False
2026-05-22 20:01:35.247418,Bronowice SKA,50.0814,19.8994,112,112,498,498,0,1.0,0.0,1.0,False
2026-05-22 20:01:35.247418,Armii Krajowej / Zarzecze,50.0738,19.8985,18,24,190,142,48,0.75,25.0,0.78,False
2026-05-22 20:01:35.247418,Czarnowiejska / Armii Krajowej,50.069,19.9075,31,36,84,73,11,0.8611111111111112,13.89,1.0,False
2026-05-22 20:01:35.247418,Rondo Czyżyńskie,50.0729,20.0167,38,38,10,10,0,1.0,0.0,1.0,False
2026-05-22 20:01:35.247418,Plac Centralny,50.072,20.0372,21,21,69,69,0,1.0,0.0,1.0,False
2026-05-22 20:01:35.247418,Aleja Pokoju / Centralna,50.0667,20.0028,49,49,39,39,0,1.0,0.0,1.0,False
2026-05-22 20:01:35.247418,Nowohucka / Klimeckiego,50.0503,19.9765,29,29,230,230,0,1.0,0.0,1.0,False
2026-05-22 20:01:35.247418,M1 / Aleja Pokoju,50.0661,20.0149,28,28,120,120,0,1.0,0.0,1.0,False
2026-05-22 20:01:35.247418,Wielicka / Powstańców Wielkopolskich,50.0335,19.9621,49,49,88,88,0,1.0,0.0,1.0,False
2026-05-22 20:01:35.247418,Estakada Obrońców Lwowa,50.0396,19.9627,49,49,88,88,0,1.0,0.0,1.0,False
2026-05-22 20:01:35.247418,Bieżanowska / Wielicka,50.0207,19.982,24,24,113,113,0,1.0,0.0,1.0,False
2026-05-22 20:01:35.247418,Prokocim Szpital,50.0117,20.0005,38,45,73,61,12,0.8444444444444444,15.56,1.0,False
2026-05-22 20:01:35.247418,Węzeł Łagiewniki,50.0136,19.9325,29,29,327,327,0,1.0,0.0,1.0,False
2026-05-22 20:01:35.247418,Węzeł Balice / A4,50.0878,19.7937,40,40,114,114,0,1.0,0.0,1.0,False
2026-05-22 20:01:35.247418,Węzeł Tyniec / A4,50.0196,19.8078,45,45,605,605,0,1.0,0.0,1.0,False
2026-05-22 20:01:35.247418,Węzeł Wielicka / A4,50.0034,20.0065,48,48,133,133,0,1.0,0.0,1.0,False
2026-05-22 21:19:50.084832,Rondo Mogilskie,50.0672,19.9595,34,34,16,16,0,1.0,0.0,1,False
2026-05-22 21:19:50.084832,Lubomirskiego,50.0676,19.9536,16,16,95,95,0,1.0,0.0,1,False
2026-05-22 21:19:50.084832,Aleja Powstania Warszawskiego,50.0647,19.9608,31,31,49,49,0,1.0,0.0,1,False
2026-05-22 21:19:50.084832,Grzegórzecka,50.0578,19.9564,29,29,47,47,0,1.0,0.0,1,False
2026-05-22 21:19:50.084832,Rondo Grzegórzeckie,50.0576,19.9609,24,30,62,50,12,0.8,20.0,1,False
2026-05-22 21:19:50.084832,Galeria Krakowska / Pawia,50.0669,19.9457,49,49,121,121,0,1.0,0.0,1,False
2026-05-22 21:19:50.084832,Dworzec Główny Tunel,50.0686,19.9477,39,39,124,124,0,1.0,0.0,1,False
2026-05-22 21:19:50.084832,Aleje Trzech Wieszczów - AGH,50.0674,19.9209,21,21,84,84,0,1.0,0.0,1,False
2026-05-22 21:19:50.084832,Plac Inwalidów,50.0671,19.9269,16,16,128,128,0,1.0,0.0,1,False
2026-05-22 21:19:50.084832,Nowy Kleparz,50.0731,19.9352,26,26,43,43,0,1.0,0.0,1,False
2026-05-22 21:19:50.084832,Aleja Słowackiego / Łobzowska,50.0692,19.9302,27,27,270,270,0,1.0,0.0,1,False
2026-05-22 21:19:50.084832,Cracovia / Aleja Mickiewicza,50.0595,19.9235,34,34,221,221,0,1.0,0.0,1,False
2026-05-22 21:19:50.084832,Rondo Grunwaldzkie,50.0492,19.9317,17,17,24,24,0,1.0,0.0,1,False
2026-05-22 21:19:50.084832,Most Dębnicki,50.053,19.9278,28,28,177,177,0,1.0,0.0,1,False
2026-05-22 21:19:50.084832,Rondo Matecznego,50.0364,19.9406,9,26,20,7,13,0.34615384615384615,65.38,1,False
2026-05-22 21:19:50.084832,Kalwaryjska,50.0412,19.9443,25,25,115,115,0,1.0,0.0,1,False
2026-05-22 21:19:50.084832,Bonarka / Kamieńskiego,50.0298,19.9513,34,34,15,15,0,1.0,0.0,1,False
2026-05-22 21:19:50.084832,Zakopiańska / Brożka,50.0227,19.9349,40,40,71,71,0,1.0,0.0,1,False
2026-05-22 21:19:50.084832,Łagiewniki,50.0202,19.9378,60,60,203,203,0,1.0,0.0,1,False
2026-05-22 21:19:50.084832,Opolska Estakada,50.0857,19.9536,34,34,50,50,0,1.0,0.0,1,False
2026-05-22 21:19:50.084832,Rondo Polsadu,50.0879,19.9618,43,43,35,35,0,1.0,0.0,1,False
2026-05-22 21:19:50.084832,Rondo Barei,50.0911,19.9742,38,38,40,40,0,1.0,0.0,1,False
2026-05-22 21:19:50.084832,Aleja 29 Listopada / Opolska,50.0861,19.952,56,56,284,284,0,1.0,0.0,1,False
2026-05-22 21:19:50.084832,Aleja 29 Listopada / Dobrego Pasterza,50.0953,19.9746,41,41,92,92,0,1.0,0.0,1,False
2026-05-22 21:19:50.084832,Rondo Ofiar Katynia,50.0879,19.8976,56,56,284,284,0,1.0,0.0,1,False
2026-05-22 21:19:50.084832,Bronowice SKA,50.0814,19.8994,112,112,498,498,0,1.0,0.0,1,False
2026-05-22 21:19:50.084832,Armii Krajowej / Zarzecze,50.0738,19.8985,25,25,137,137,0,1.0,0.0,1,False
2026-05-22 21:19:50.084832,Czarnowiejska / Armii Krajowej,50.069,19.9075,26,36,101,73,28,0.7222222222222222,27.78,1,False
2026-05-22 21:19:50.084832,Rondo Czyżyńskie,50.0729,20.0167,38,38,10,10,0,1.0,0.0,1,False
2026-05-22 21:19:50.084832,Plac Centralny,50.072,20.0372,21,21,69,69,0,1.0,0.0,1,False
2026-05-22 21:19:50.084832,Aleja Pokoju / Centralna,50.0667,20.0028,49,49,39,39,0,1.0,0.0,1,False
2026-05-22 21:19:50.084832,Nowohucka / Klimeckiego,50.0503,19.9765,29,29,230,230,0,1.0,0.0,1,False
2026-05-22 21:19:50.084832,M1 / Aleja Pokoju,50.0661,20.0149,28,28,120,120,0,1.0,0.0,1,False
2026-05-22 21:19:50.084832,Wielicka / Powstańców Wielkopolskich,50.0335,19.9621,49,49,88,88,0,1.0,0.0,1,False
2026-05-22 21:19:50.084832,Estakada Obrońców Lwowa,50.0396,19.9627,49,49,88,88,0,1.0,0.0,1,False
2026-05-22 21:19:50.084832,Bieżanowska / Wielicka,50.0207,19.982,24,24,113,113,0,1.0,0.0,1,False
2026-05-22 21:19:50.084832,Prokocim Szpital,50.0117,20.0005,46,46,60,60,0,1.0,0.0,1,False
2026-05-22 21:19:50.084832,Węzeł Łagiewniki,50.0136,19.9325,29,29,327,327,0,1.0,0.0,1,False
2026-05-22 21:19:50.084832,Węzeł Balice / A4,50.0878,19.7937,40,40,114,114,0,1.0,0.0,1,False
2026-05-22 21:19:50.084832,Węzeł Tyniec / A4,50.0196,19.8078,45,45,605,605,0,1.0,0.0,1,False
2026-05-22 21:19:50.084832,Węzeł Wielicka / A4,50.0034,20.0065,48,48,133,133,0,1.0,0.0,1,False
2026-05-22 22:36:32.144870,Rondo Mogilskie,50.0672,19.9595,34,34,16,16,0,1.0,0.0,1.0,False
2026-05-22 22:36:32.144870,Lubomirskiego,50.0676,19.9536,10,16,152,95,57,0.625,37.5,0.72,False
2026-05-22 22:36:32.144870,Aleja Powstania Warszawskiego,50.0647,19.9608,31,31,49,49,0,1.0,0.0,1.0,False
2026-05-22 22:36:32.144870,Grzegórzecka,50.0578,19.9564,29,29,47,47,0,1.0,0.0,1.0,False
2026-05-22 22:36:32.144870,Rondo Grzegórzeckie,50.0576,19.9609,30,30,50,50,0,1.0,0.0,1.0,False
2026-05-22 22:36:32.144870,Galeria Krakowska / Pawia,50.0669,19.9457,49,49,121,121,0,1.0,0.0,1.0,False
2026-05-22 22:36:32.144870,Dworzec Główny Tunel,50.0686,19.9477,39,39,124,124,0,1.0,0.0,1.0,False
2026-05-22 22:36:32.144870,Aleje Trzech Wieszczów - AGH,50.0674,19.9209,21,21,84,84,0,1.0,0.0,1.0,False
2026-05-22 22:36:32.144870,Plac Inwalidów,50.0671,19.9269,16,16,128,128,0,1.0,0.0,1.0,False
2026-05-22 22:36:32.144870,Nowy Kleparz,50.0731,19.9352,26,26,43,43,0,1.0,0.0,1.0,False
2026-05-22 22:36:32.144870,Aleja Słowackiego / Łobzowska,50.0692,19.9302,27,27,270,270,0,1.0,0.0,1.0,False
2026-05-22 22:36:32.144870,Cracovia / Aleja Mickiewicza,50.0595,19.9235,34,34,221,221,0,1.0,0.0,1.0,False
2026-05-22 22:36:32.144870,Rondo Grunwaldzkie,50.0492,19.9317,17,17,24,24,0,1.0,0.0,1.0,False
2026-05-22 22:36:32.144870,Most Dębnicki,50.053,19.9278,28,28,177,177,0,1.0,0.0,1.0,False
2026-05-22 22:36:32.144870,Rondo Matecznego,50.0364,19.9406,25,25,7,7,0,1.0,0.0,1.0,False
2026-05-22 22:36:32.144870,Kalwaryjska,50.0412,19.9443,16,25,180,115,65,0.64,36.0,0.696154,False
2026-05-22 22:36:32.144870,Bonarka / Kamieńskiego,50.0298,19.9513,34,34,15,15,0,1.0,0.0,1.0,False
2026-05-22 22:36:32.144870,Zakopiańska / Brożka,50.0227,19.9349,40,40,71,71,0,1.0,0.0,1.0,False
2026-05-22 22:36:32.144870,Łagiewniki,50.0202,19.9378,60,60,203,203,0,1.0,0.0,1.0,False
2026-05-22 22:36:32.144870,Opolska Estakada,50.0857,19.9536,34,34,50,50,0,1.0,0.0,1.0,False
2026-05-22 22:36:32.144870,Rondo Polsadu,50.0879,19.9618,43,43,35,35,0,1.0,0.0,1.0,False
2026-05-22 22:36:32.144870,Rondo Barei,50.0911,19.9742,38,38,40,40,0,1.0,0.0,1.0,False
2026-05-22 22:36:32.144870,Aleja 29 Listopada / Opolska,50.0861,19.952,56,56,284,284,0,1.0,0.0,1.0,False
2026-05-22 22:36:32.144870,Aleja 29 Listopada / Dobrego Pasterza,50.0953,19.9746,41,41,92,92,0,1.0,0.0,1.0,False
2026-05-22 22:36:32.144870,Rondo Ofiar Katynia,50.0879,19.8976,56,56,284,284,0,1.0,0.0,1.0,False
2026-05-22 22:36:32.144870,Bronowice SKA,50.0814,19.8994,112,112,498,498,0,1.0,0.0,1.0,False
2026-05-22 22:36:32.144870,Armii Krajowej / Zarzecze,50.0738,19.8985,25,25,137,137,0,1.0,0.0,1.0,False
2026-05-22 22:36:32.144870,Czarnowiejska / Armii Krajowej,50.069,19.9075,36,36,73,73,0,1.0,0.0,1.0,False
2026-05-22 22:36:32.144870,Rondo Czyżyńskie,50.0729,20.0167,38,38,10,10,0,1.0,0.0,1.0,False
2026-05-22 22:36:32.144870,Plac Centralny,50.072,20.0372,21,21,69,69,0,1.0,0.0,1.0,False
2026-05-22 22:36:32.144870,Aleja Pokoju / Centralna,50.0667,20.0028,49,49,39,39,0,1.0,0.0,1.0,False
2026-05-22 22:36:32.144870,Nowohucka / Klimeckiego,50.0503,19.9765,29,29,230,230,0,1.0,0.0,1.0,False
2026-05-22 22:36:32.144870,M1 / Aleja Pokoju,50.0661,20.0149,28,28,120,120,0,1.0,0.0,1.0,False
2026-05-22 22:36:32.144870,Wielicka / Powstańców Wielkopolskich,50.0335,19.9621,49,49,88,88,0,1.0,0.0,1.0,False
2026-05-22 22:36:32.144870,Estakada Obrońców Lwowa,50.0396,19.9627,49,49,88,88,0,1.0,0.0,1.0,False
2026-05-22 22:36:32.144870,Bieżanowska / Wielicka,50.0207,19.982,24,24,113,113,0,1.0,0.0,1.0,False
2026-05-22 22:36:32.144870,Prokocim Szpital,50.0117,20.0005,46,46,60,60,0,1.0,0.0,1.0,False
2026-05-22 22:36:32.144870,Węzeł Łagiewniki,50.0136,19.9325,25,29,380,327,53,0.8620689655172413,13.79,0.739704,False
2026-05-22 22:36:32.144870,Węzeł Balice / A4,50.0878,19.7937,40,40,114,114,0,1.0,0.0,1.0,False
2026-05-22 22:36:32.144870,Węzeł Tyniec / A4,50.0196,19.8078,45,45,605,605,0,1.0,0.0,1.0,False
2026-05-22 22:36:32.144870,Węzeł Wielicka / A4,50.0034,20.0065,48,48,133,133,0,1.0,0.0,1.0,False
2026-05-23 00:14:21.878153,Rondo Mogilskie,50.0672,19.9595,14,34,39,16,23,0.4117647058823529,58.82,0.99,False
2026-05-23 00:14:21.878153,Lubomirskiego,50.0676,19.9536,16,16,95,95,0,1.0,0.0,1.0,False
2026-05-23 00:14:21.878153,Aleja Powstania Warszawskiego,50.0647,19.9608,31,31,49,49,0,1.0,0.0,1.0,False
2026-05-23 00:14:21.878153,Grzegórzecka,50.0578,19.9564,29,29,47,47,0,1.0,0.0,1.0,False
2026-05-23 00:14:21.878153,Rondo Grzegórzeckie,50.0576,19.9609,30,30,50,50,0,1.0,0.0,1.0,False
2026-05-23 00:14:21.878153,Galeria Krakowska / Pawia,50.0669,19.9457,49,49,121,121,0,1.0,0.0,1.0,False
2026-05-23 00:14:21.878153,Dworzec Główny Tunel,50.0686,19.9477,39,39,124,124,0,1.0,0.0,1.0,False
2026-05-23 00:14:21.878153,Aleje Trzech Wieszczów - AGH,50.0674,19.9209,21,21,84,84,0,1.0,0.0,1.0,False
2026-05-23 00:14:21.878153,Plac Inwalidów,50.0671,19.9269,16,16,128,128,0,1.0,0.0,1.0,False
2026-05-23 00:14:21.878153,Nowy Kleparz,50.0731,19.9352,26,26,43,43,0,1.0,0.0,1.0,False
2026-05-23 00:14:21.878153,Aleja Słowackiego / Łobzowska,50.0692,19.9302,27,27,270,270,0,1.0,0.0,1.0,False
2026-05-23 00:14:21.878153,Cracovia / Aleja Mickiewicza,50.0595,19.9235,34,34,221,221,0,1.0,0.0,1.0,False
2026-05-23 00:14:21.878153,Rondo Grunwaldzkie,50.0492,19.9317,12,17,34,24,10,0.7058823529411765,29.41,1.0,False
2026-05-23 00:14:21.878153,Most Dębnicki,50.053,19.9278,28,28,177,177,0,1.0,0.0,1.0,False
2026-05-23 00:14:21.878153,Rondo Matecznego,50.0364,19.9406,25,25,7,7,0,1.0,0.0,1.0,False
2026-05-23 00:14:21.878153,Kalwaryjska,50.0412,19.9443,25,25,115,115,0,1.0,0.0,1.0,False
2026-05-23 00:14:21.878153,Bonarka / Kamieńskiego,50.0298,19.9513,34,34,15,15,0,1.0,0.0,1.0,False
2026-05-23 00:14:21.878153,Zakopiańska / Brożka,50.0227,19.9349,30,39,95,73,22,0.7692307692307693,23.08,1.0,False
2026-05-23 00:14:21.878153,Łagiewniki,50.0202,19.9378,60,60,203,203,0,1.0,0.0,1.0,False
2026-05-23 00:14:21.878153,Opolska Estakada,50.0857,19.9536,34,34,50,50,0,1.0,0.0,1.0,False
2026-05-23 00:14:21.878153,Rondo Polsadu,50.0879,19.9618,43,43,35,35,0,1.0,0.0,1.0,False
2026-05-23 00:14:21.878153,Rondo Barei,50.0911,19.9742,38,38,40,40,0,1.0,0.0,1.0,False
2026-05-23 00:14:21.878153,Aleja 29 Listopada / Opolska,50.0861,19.952,56,56,284,284,0,1.0,0.0,1.0,False
2026-05-23 00:14:21.878153,Aleja 29 Listopada / Dobrego Pasterza,50.0953,19.9746,41,41,92,92,0,1.0,0.0,1.0,False
2026-05-23 00:14:21.878153,Rondo Ofiar Katynia,50.0879,19.8976,56,56,284,284,0,1.0,0.0,1.0,False
2026-05-23 00:14:21.878153,Bronowice SKA,50.0814,19.8994,112,112,498,498,0,1.0,0.0,1.0,False
2026-05-23 00:14:21.878153,Armii Krajowej / Zarzecze,50.0738,19.8985,25,25,137,137,0,1.0,0.0,1.0,False
2026-05-23 00:14:21.878153,Czarnowiejska / Armii Krajowej,50.069,19.9075,36,36,73,73,0,1.0,0.0,1.0,False
2026-05-23 00:14:21.878153,Rondo Czyżyńskie,50.0729,20.0167,38,38,10,10,0,1.0,0.0,1.0,False
2026-05-23 00:14:21.878153,Plac Centralny,50.072,20.0372,21,21,69,69,0,1.0,0.0,1.0,False
2026-05-23 00:14:21.878153,Aleja Pokoju / Centralna,50.0667,20.0028,49,49,39,39,0,1.0,0.0,1.0,False
2026-05-23 00:14:21.878153,Nowohucka / Klimeckiego,50.0503,19.9765,29,29,230,230,0,1.0,0.0,1.0,False
2026-05-23 00:14:21.878153,M1 / Aleja Pokoju,50.0661,20.0149,28,28,120,120,0,1.0,0.0,1.0,False
2026-05-23 00:14:21.878153,Wielicka / Powstańców Wielkopolskich,50.0335,19.9621,49,49,88,88,0,1.0,0.0,1.0,False
2026-05-23 00:14:21.878153,Estakada Obrońców Lwowa,50.0396,19.9627,49,49,88,88,0,1.0,0.0,1.0,False
2026-05-23 00:14:21.878153,Bieżanowska / Wielicka,50.0207,19.982,18,24,151,113,38,0.75,25.0,0.564724,False
2026-05-23 00:14:21.878153,Prokocim Szpital,50.0117,20.0005,46,46,60,60,0,1.0,0.0,1.0,False
2026-05-23 00:14:21.878153,Węzeł Łagiewniki,50.0136,19.9325,29,29,327,327,0,1.0,0.0,1.0,False
2026-05-23 00:14:21.878153,Węzeł Balice / A4,50.0878,19.7937,40,40,114,114,0,1.0,0.0,1.0,False
2026-05-23 00:14:21.878153,Węzeł Tyniec / A4,50.0196,19.8078,45,45,605,605,0,1.0,0.0,1.0,False
2026-05-23 00:14:21.878153,Węzeł Wielicka / A4,50.0034,20.0065,48,48,133,133,0,1.0,0.0,1.0,False
2026-05-23 04:27:32.052049,Rondo Mogilskie,50.0672,19.9595,34,34,16,16,0,1.0,0.0,1,False
2026-05-23 04:27:32.052049,Lubomirskiego,50.0676,19.9536,16,16,95,95,0,1.0,0.0,1,False
2026-05-23 04:27:32.052049,Aleja Powstania Warszawskiego,50.0647,19.9608,31,31,49,49,0,1.0,0.0,1,False
2026-05-23 04:27:32.052049,Grzegórzecka,50.0578,19.9564,29,29,47,47,0,1.0,0.0,1,False
2026-05-23 04:27:32.052049,Rondo Grzegórzeckie,50.0576,19.9609,30,30,50,50,0,1.0,0.0,1,False
2026-05-23 04:27:32.052049,Galeria Krakowska / Pawia,50.0669,19.9457,49,49,121,121,0,1.0,0.0,1,False
2026-05-23 04:27:32.052049,Dworzec Główny Tunel,50.0686,19.9477,39,39,124,124,0,1.0,0.0,1,False
2026-05-23 04:27:32.052049,Aleje Trzech Wieszczów - AGH,50.0674,19.9209,21,21,84,84,0,1.0,0.0,1,False
2026-05-23 04:27:32.052049,Plac Inwalidów,50.0671,19.9269,16,16,128,128,0,1.0,0.0,1,False
2026-05-23 04:27:32.052049,Nowy Kleparz,50.0731,19.9352,26,26,43,43,0,1.0,0.0,1,False
2026-05-23 04:27:32.052049,Aleja Słowackiego / Łobzowska,50.0692,19.9302,27,27,270,270,0,1.0,0.0,1,False
2026-05-23 04:27:32.052049,Cracovia / Aleja Mickiewicza,50.0595,19.9235,34,34,221,221,0,1.0,0.0,1,False
2026-05-23 04:27:32.052049,Rondo Grunwaldzkie,50.0492,19.9317,17,17,24,24,0,1.0,0.0,1,False
2026-05-23 04:27:32.052049,Most Dębnicki,50.053,19.9278,28,28,177,177,0,1.0,0.0,1,False
2026-05-23 04:27:32.052049,Rondo Matecznego,50.0364,19.9406,25,25,7,7,0,1.0,0.0,1,False
2026-05-23 04:27:32.052049,Kalwaryjska,50.0412,19.9443,25,25,115,115,0,1.0,0.0,1,False
2026-05-23 04:27:32.052049,Bonarka / Kamieńskiego,50.0298,19.9513,34,34,15,15,0,1.0,0.0,1,False
2026-05-23 04:27:32.052049,Zakopiańska / Brożka,50.0227,19.9349,40,40,71,71,0,1.0,0.0,1,False
2026-05-23 04:27:32.052049,Łagiewniki,50.0202,19.9378,60,60,203,203,0,1.0,0.0,1,False
2026-05-23 04:27:32.052049,Opolska Estakada,50.0857,19.9536,34,34,50,50,0,1.0,0.0,1,False
2026-05-23 04:27:32.052049,Rondo Polsadu,50.0879,19.9618,43,43,35,35,0,1.0,0.0,1,False
2026-05-23 04:27:32.052049,Rondo Barei,50.0911,19.9742,38,38,40,40,0,1.0,0.0,1,False
2026-05-23 04:27:32.052049,Aleja 29 Listopada / Opolska,50.0861,19.952,56,56,284,284,0,1.0,0.0,1,False
2026-05-23 04:27:32.052049,Aleja 29 Listopada / Dobrego Pasterza,50.0953,19.9746,41,41,92,92,0,1.0,0.0,1,False
2026-05-23 04:27:32.052049,Rondo Ofiar Katynia,50.0879,19.8976,56,56,284,284,0,1.0,0.0,1,False
2026-05-23 04:27:32.052049,Bronowice SKA,50.0814,19.8994,112,112,498,498,0,1.0,0.0,1,False
2026-05-23 04:27:32.052049,Armii Krajowej / Zarzecze,50.0738,19.8985,25,25,137,137,0,1.0,0.0,1,False
2026-05-23 04:27:32.052049,Czarnowiejska / Armii Krajowej,50.069,19.9075,36,36,73,73,0,1.0,0.0,1,False
2026-05-23 04:27:32.052049,Rondo Czyżyńskie,50.0729,20.0167,38,38,10,10,0,1.0,0.0,1,False
2026-05-23 04:27:32.052049,Plac Centralny,50.072,20.0372,21,21,69,69,0,1.0,0.0,1,False
2026-05-23 04:27:32.052049,Aleja Pokoju / Centralna,50.0667,20.0028,49,49,39,39,0,1.0,0.0,1,False
2026-05-23 04:27:32.052049,Nowohucka / Klimeckiego,50.0503,19.9765,29,29,230,230,0,1.0,0.0,1,False
2026-05-23 04:27:32.052049,M1 / Aleja Pokoju,50.0661,20.0149,28,28,120,120,0,1.0,0.0,1,False
2026-05-23 04:27:32.052049,Wielicka / Powstańców Wielkopolskich,50.0335,19.9621,49,49,88,88,0,1.0,0.0,1,False
2026-05-23 04:27:32.052049,Estakada Obrońców Lwowa,50.0396,19.9627,49,49,88,88,0,1.0,0.0,1,False
2026-05-23 04:27:32.052049,Bieżanowska / Wielicka,50.0207,19.982,24,24,113,113,0,1.0,0.0,1,False
2026-05-23 04:27:32.052049,Prokocim Szpital,50.0117,20.0005,36,44,77,63,14,0.8181818181818182,18.18,1,False
2026-05-23 04:27:32.052049,Węzeł Łagiewniki,50.0136,19.9325,29,29,327,327,0,1.0,0.0,1,False
2026-05-23 04:27:32.052049,Węzeł Balice / A4,50.0878,19.7937,40,40,114,114,0,1.0,0.0,1,False
2026-05-23 04:27:32.052049,Węzeł Tyniec / A4,50.0196,19.8078,45,45,605,605,0,1.0,0.0,1,False
2026-05-23 04:27:32.052049,Węzeł Wielicka / A4,50.0034,20.0065,48,48,133,133,0,1.0,0.0,1,False
2026-05-23 07:17:38.562693,Rondo Mogilskie,50.0672,19.9595,26,33,21,16,5,0.7878787878787878,21.21,1.0,False
2026-05-23 07:17:38.562693,Lubomirskiego,50.0676,19.9536,16,16,95,95,0,1.0,0.0,1.0,False
2026-05-23 07:17:38.562693,Aleja Powstania Warszawskiego,50.0647,19.9608,31,31,49,49,0,1.0,0.0,1.0,False
2026-05-23 07:17:38.562693,Grzegórzecka,50.0578,19.9564,22,28,62,48,14,0.7857142857142857,21.43,1.0,False
2026-05-23 07:17:38.562693,Rondo Grzegórzeckie,50.0576,19.9609,24,30,62,50,12,0.8,20.0,1.0,False
2026-05-23 07:17:38.562693,Galeria Krakowska / Pawia,50.0669,19.9457,49,49,121,121,0,1.0,0.0,1.0,False
2026-05-23 07:17:38.562693,Dworzec Główny Tunel,50.0686,19.9477,32,42,152,115,37,0.7619047619047619,23.81,1.0,False
2026-05-23 07:17:38.562693,Aleje Trzech Wieszczów - AGH,50.0674,19.9209,21,21,84,84,0,1.0,0.0,1.0,False
2026-05-23 07:17:38.562693,Plac Inwalidów,50.0671,19.9269,16,16,128,128,0,1.0,0.0,1.0,False
2026-05-23 07:17:38.562693,Nowy Kleparz,50.0731,19.9352,13,25,86,45,41,0.52,48.0,0.99,False
2026-05-23 07:17:38.562693,Aleja Słowackiego / Łobzowska,50.0692,19.9302,27,27,270,270,0,1.0,0.0,1.0,False
2026-05-23 07:17:38.562693,Cracovia / Aleja Mickiewicza,50.0595,19.9235,34,34,221,221,0,1.0,0.0,1.0,False
2026-05-23 07:17:38.562693,Rondo Grunwaldzkie,50.0492,19.9317,10,17,41,24,17,0.5882352941176471,41.18,1.0,False
2026-05-23 07:17:38.562693,Most Dębnicki,50.053,19.9278,28,28,177,177,0,1.0,0.0,1.0,False
2026-05-23 07:17:38.562693,Rondo Matecznego,50.0364,19.9406,25,25,7,7,0,1.0,0.0,1.0,False
2026-05-23 07:17:38.562693,Kalwaryjska,50.0412,19.9443,25,25,115,115,0,1.0,0.0,1.0,False
2026-05-23 07:17:38.562693,Bonarka / Kamieńskiego,50.0298,19.9513,34,34,15,15,0,1.0,0.0,1.0,False
2026-05-23 07:17:38.562693,Zakopiańska / Brożka,50.0227,19.9349,31,39,92,73,19,0.7948717948717948,20.51,1.0,False
2026-05-23 07:17:38.562693,Łagiewniki,50.0202,19.9378,60,60,203,203,0,1.0,0.0,1.0,False
2026-05-23 07:17:38.562693,Opolska Estakada,50.0857,19.9536,34,34,50,50,0,1.0,0.0,1.0,False
2026-05-23 07:17:38.562693,Rondo Polsadu,50.0879,19.9618,43,43,35,35,0,1.0,0.0,1.0,False
2026-05-23 07:17:38.562693,Rondo Barei,50.0911,19.9742,38,38,40,40,0,1.0,0.0,1.0,False
2026-05-23 07:17:38.562693,Aleja 29 Listopada / Opolska,50.0861,19.952,45,57,353,279,74,0.7894736842105263,21.05,1.0,False
2026-05-23 07:17:38.562693,Aleja 29 Listopada / Dobrego Pasterza,50.0953,19.9746,41,41,92,92,0,1.0,0.0,1.0,False
2026-05-23 07:17:38.562693,Rondo Ofiar Katynia,50.0879,19.8976,45,57,353,279,74,0.7894736842105263,21.05,1.0,False
2026-05-23 07:17:38.562693,Bronowice SKA,50.0814,19.8994,112,112,498,498,0,1.0,0.0,1.0,False
2026-05-23 07:17:38.562693,Armii Krajowej / Zarzecze,50.0738,19.8985,25,25,137,137,0,1.0,0.0,1.0,False
2026-05-23 07:17:38.562693,Czarnowiejska / Armii Krajowej,50.069,19.9075,27,36,97,73,24,0.75,25.0,1.0,False
2026-05-23 07:17:38.562693,Rondo Czyżyńskie,50.0729,20.0167,38,38,10,10,0,1.0,0.0,1.0,False
2026-05-23 07:17:38.562693,Plac Centralny,50.072,20.0372,21,21,69,69,0,1.0,0.0,1.0,False
2026-05-23 07:17:38.562693,Aleja Pokoju / Centralna,50.0667,20.0028,31,48,62,40,22,0.6458333333333334,35.42,1.0,False
2026-05-23 07:17:38.562693,Nowohucka / Klimeckiego,50.0503,19.9765,29,29,230,230,0,1.0,0.0,1.0,False
2026-05-23 07:17:38.562693,M1 / Aleja Pokoju,50.0661,20.0149,28,28,120,120,0,1.0,0.0,1.0,False
2026-05-23 07:17:38.562693,Wielicka / Powstańców Wielkopolskich,50.0335,19.9621,38,48,114,90,24,0.7916666666666666,20.83,1.0,False
2026-05-23 07:17:38.562693,Estakada Obrońców Lwowa,50.0396,19.9627,38,48,114,90,24,0.7916666666666666,20.83,1.0,False
2026-05-23 07:17:38.562693,Bieżanowska / Wielicka,50.0207,19.982,24,24,113,113,0,1.0,0.0,1.0,False
2026-05-23 07:17:38.562693,Prokocim Szpital,50.0117,20.0005,34,46,81,60,21,0.7391304347826086,26.09,1.0,False
2026-05-23 07:17:38.562693,Węzeł Łagiewniki,50.0136,19.9325,29,29,327,327,0,1.0,0.0,1.0,False
2026-05-23 07:17:38.562693,Węzeł Balice / A4,50.0878,19.7937,40,40,114,114,0,1.0,0.0,1.0,False
2026-05-23 07:17:38.562693,Węzeł Tyniec / A4,50.0196,19.8078,45,45,605,605,0,1.0,0.0,1.0,False
2026-05-23 07:17:38.562693,Węzeł Wielicka / A4,50.0034,20.0065,48,48,133,133,0,1.0,0.0,1.0,False
2026-05-23 10:56:20.480890,Rondo Mogilskie,50.0672,19.9595,34,34,16,16,0,1.0,0.0,1.0,False
2026-05-23 10:56:20.480890,Lubomirskiego,50.0676,19.9536,16,16,95,95,0,1.0,0.0,1.0,False
2026-05-23 10:56:20.480890,Aleja Powstania Warszawskiego,50.0647,19.9608,31,31,49,49,0,1.0,0.0,1.0,False
2026-05-23 10:56:20.480890,Grzegórzecka,50.0578,19.9564,18,28,75,48,27,0.6428571428571429,35.71,1.0,False
2026-05-23 10:56:20.480890,Rondo Grzegórzeckie,50.0576,19.9609,30,30,50,50,0,1.0,0.0,1.0,False
2026-05-23 10:56:20.480890,Galeria Krakowska / Pawia,50.0669,19.9457,49,49,121,121,0,1.0,0.0,1.0,False
2026-05-23 10:56:20.480890,Dworzec Główny Tunel,50.0686,19.9477,39,39,124,124,0,1.0,0.0,1.0,False
2026-05-23 10:56:20.480890,Aleje Trzech Wieszczów - AGH,50.0674,19.9209,21,21,84,84,0,1.0,0.0,1.0,False
2026-05-23 10:56:20.480890,Plac Inwalidów,50.0671,19.9269,16,16,128,128,0,1.0,0.0,1.0,False
2026-05-23 10:56:20.480890,Nowy Kleparz,50.0731,19.9352,19,25,59,45,14,0.76,24.0,0.99,False
2026-05-23 10:56:20.480890,Aleja Słowackiego / Łobzowska,50.0692,19.9302,27,27,270,270,0,1.0,0.0,1.0,False
2026-05-23 10:56:20.480890,Cracovia / Aleja Mickiewicza,50.0595,19.9235,26,32,289,235,54,0.8125,18.75,1.0,False
2026-05-23 10:56:20.480890,Rondo Grunwaldzkie,50.0492,19.9317,17,17,24,24,0,1.0,0.0,1.0,False
2026-05-23 10:56:20.480890,Most Dębnicki,50.053,19.9278,23,27,216,184,32,0.8518518518518519,14.81,0.982927,False
2026-05-23 10:56:20.480890,Rondo Matecznego,50.0364,19.9406,10,24,18,7,11,0.4166666666666667,58.33,1.0,False
2026-05-23 10:56:20.480890,Kalwaryjska,50.0412,19.9443,25,25,115,115,0,1.0,0.0,1.0,False
2026-05-23 10:56:20.480890,Bonarka / Kamieńskiego,50.0298,19.9513,34,34,15,15,0,1.0,0.0,1.0,False
2026-05-23 10:56:20.480890,Zakopiańska / Brożka,50.0227,19.9349,30,40,95,71,24,0.75,25.0,1.0,False
2026-05-23 10:56:20.480890,Łagiewniki,50.0202,19.9378,60,60,203,203,0,1.0,0.0,1.0,False
2026-05-23 10:56:20.480890,Opolska Estakada,50.0857,19.9536,34,34,50,50,0,1.0,0.0,1.0,False
2026-05-23 10:56:20.480890,Rondo Polsadu,50.0879,19.9618,43,43,35,35,0,1.0,0.0,1.0,False
2026-05-23 10:56:20.480890,Rondo Barei,50.0911,19.9742,38,38,40,40,0,1.0,0.0,1.0,False
2026-05-23 10:56:20.480890,Aleja 29 Listopada / Opolska,50.0861,19.952,46,57,345,279,66,0.8070175438596491,19.3,1.0,False
2026-05-23 10:56:20.480890,Aleja 29 Listopada / Dobrego Pasterza,50.0953,19.9746,41,41,92,92,0,1.0,0.0,1.0,False
2026-05-23 10:56:20.480890,Rondo Ofiar Katynia,50.0879,19.8976,46,57,345,279,66,0.8070175438596491,19.3,1.0,False
2026-05-23 10:56:20.480890,Bronowice SKA,50.0814,19.8994,112,112,498,498,0,1.0,0.0,1.0,False
2026-05-23 10:56:20.480890,Armii Krajowej / Zarzecze,50.0738,19.8985,25,25,137,137,0,1.0,0.0,1.0,False
2026-05-23 10:56:20.480890,Czarnowiejska / Armii Krajowej,50.069,19.9075,36,36,73,73,0,1.0,0.0,1.0,False
2026-05-23 10:56:20.480890,Rondo Czyżyńskie,50.0729,20.0167,38,38,10,10,0,1.0,0.0,1.0,False
2026-05-23 10:56:20.480890,Plac Centralny,50.072,20.0372,21,21,69,69,0,1.0,0.0,1.0,False
2026-05-23 10:56:20.480890,Aleja Pokoju / Centralna,50.0667,20.0028,15,48,129,40,89,0.3125,68.75,1.0,False
2026-05-23 10:56:20.480890,Nowohucka / Klimeckiego,50.0503,19.9765,24,29,278,230,48,0.8275862068965517,17.24,0.987896,False
2026-05-23 10:56:20.480890,M1 / Aleja Pokoju,50.0661,20.0149,28,28,120,120,0,1.0,0.0,1.0,False
2026-05-23 10:56:20.480890,Wielicka / Powstańców Wielkopolskich,50.0335,19.9621,37,48,117,90,27,0.7708333333333334,22.92,1.0,False
2026-05-23 10:56:20.480890,Estakada Obrońców Lwowa,50.0396,19.9627,37,48,117,90,27,0.7708333333333334,22.92,1.0,False
2026-05-23 10:56:20.480890,Bieżanowska / Wielicka,50.0207,19.982,24,24,113,113,0,1.0,0.0,1.0,False
2026-05-23 10:56:20.480890,Prokocim Szpital,50.0117,20.0005,30,45,92,61,31,0.6666666666666666,33.33,1.0,False
2026-05-23 10:56:20.480890,Węzeł Łagiewniki,50.0136,19.9325,25,29,380,327,53,0.8620689655172413,13.79,0.904185,False
2026-05-23 10:56:20.480890,Węzeł Balice / A4,50.0878,19.7937,40,40,114,114,0,1.0,0.0,1.0,False
2026-05-23 10:56:20.480890,Węzeł Tyniec / A4,50.0196,19.8078,45,45,605,605,0,1.0,0.0,1.0,False
2026-05-23 10:56:20.480890,Węzeł Wielicka / A4,50.0034,20.0065,48,48,133,133,0,1.0,0.0,1.0,False
2026-05-23 12:04:14.750,Rondo Mogilskie,50.0672,19.9595,34,34,16,16,0,1.0,0.0,1.0,False
2026-05-23 12:04:14.750,Lubomirskiego,50.0676,19.9536,16,16,95,95,0,1.0,0.0,1.0,False
2026-05-23 12:04:14.750,Aleja Powstania Warszawskiego,50.0647,19.9608,31,31,49,49,0,1.0,0.0,1.0,False
2026-05-23 12:04:14.750,Grzegórzecka,50.0578,19.9564,29,29,47,47,0,1.0,0.0,1.0,False
2026-05-23 12:04:14.750,Rondo Grzegórzeckie,50.0576,19.9609,24,30,62,50,12,0.8,20.0,1.0,False
2026-05-23 12:04:14.750,Galeria Krakowska / Pawia,50.0669,19.9457,49,49,121,121,0,1.0,0.0,1.0,False
2026-05-23 12:04:14.750,Dworzec Główny Tunel,50.0686,19.9477,32,39,152,124,28,0.8205128205128205,17.95,1.0,False
2026-05-23 12:04:14.750,Aleje Trzech Wieszczów - AGH,50.0674,19.9209,14,21,126,84,42,0.6666666666666666,33.33,0.96,False
2026-05-23 12:04:14.750,Plac Inwalidów,50.0671,19.9269,16,16,128,128,0,1.0,0.0,1.0,False
2026-05-23 12:04:14.750,Nowy Kleparz,50.0731,19.9352,26,26,43,43,0,1.0,0.0,1.0,False
2026-05-23 12:04:14.750,Aleja Słowackiego / Łobzowska,50.0692,19.9302,20,28,365,261,104,0.7142857142857143,28.57,0.97564,False
2026-05-23 12:04:14.750,Cracovia / Aleja Mickiewicza,50.0595,19.9235,25,34,301,221,80,0.7352941176470589,26.47,1.0,False
2026-05-23 12:04:14.750,Rondo Grunwaldzkie,50.0492,19.9317,11,16,37,25,12,0.6875,31.25,1.0,False
2026-05-23 12:04:14.750,Most Dębnicki,50.053,19.9278,28,28,177,177,0,1.0,0.0,1.0,False
2026-05-23 12:04:14.750,Rondo Matecznego,50.0364,19.9406,13,25,14,7,7,0.52,48.0,1.0,False
2026-05-23 12:04:14.750,Kalwaryjska,50.0412,19.9443,25,25,115,115,0,1.0,0.0,1.0,False
2026-05-23 12:04:14.750,Bonarka / Kamieńskiego,50.0298,19.9513,34,34,15,15,0,1.0,0.0,1.0,False
2026-05-23 12:04:14.750,Zakopiańska / Brożka,50.0227,19.9349,40,40,71,71,0,1.0,0.0,1.0,False
2026-05-23 12:04:14.750,Łagiewniki,50.0202,19.9378,60,60,203,203,0,1.0,0.0,1.0,False
2026-05-23 12:04:14.750,Opolska Estakada,50.0857,19.9536,34,34,50,50,0,1.0,0.0,1.0,False
2026-05-23 12:04:14.750,Rondo Polsadu,50.0879,19.9618,31,42,49,36,13,0.7380952380952381,26.19,1.0,False
2026-05-23 12:04:14.750,Rondo Barei,50.0911,19.9742,38,38,40,40,0,1.0,0.0,1.0,False
2026-05-23 12:04:14.750,Aleja 29 Listopada / Opolska,50.0861,19.952,46,58,345,274,71,0.7931034482758621,20.69,1.0,False
2026-05-23 12:04:14.750,Aleja 29 Listopada / Dobrego Pasterza,50.0953,19.9746,29,41,130,92,38,0.7073170731707317,29.27,1.0,False
2026-05-23 12:04:14.750,Rondo Ofiar Katynia,50.0879,19.8976,46,58,345,274,71,0.7931034482758621,20.69,1.0,False
2026-05-23 12:04:14.750,Bronowice SKA,50.0814,19.8994,112,112,498,498,0,1.0,0.0,1.0,False
2026-05-23 12:04:14.750,Armii Krajowej / Zarzecze,50.0738,19.8985,25,25,137,137,0,1.0,0.0,1.0,False
2026-05-23 12:04:14.750,Czarnowiejska / Armii Krajowej,50.069,19.9075,25,35,105,75,30,0.7142857142857143,28.57,1.0,False
2026-05-23 12:04:14.750,Rondo Czyżyńskie,50.0729,20.0167,38,38,10,10,0,1.0,0.0,1.0,False
2026-05-23 12:04:14.750,Plac Centralny,50.072,20.0372,21,21,69,69,0,1.0,0.0,1.0,False
2026-05-23 12:04:14.750,Aleja Pokoju / Centralna,50.0667,20.0028,28,49,69,39,30,0.5714285714285714,42.86,1.0,False
2026-05-23 12:04:14.750,Nowohucka / Klimeckiego,50.0503,19.9765,29,29,230,230,0,1.0,0.0,1.0,False
2026-05-23 12:04:14.750,M1 / Aleja Pokoju,50.0661,20.0149,28,28,120,120,0,1.0,0.0,1.0,False
2026-05-23 12:04:14.750,Wielicka / Powstańców Wielkopolskich,50.0335,19.9621,34,49,127,88,39,0.6938775510204082,30.61,1.0,False
2026-05-23 12:04:14.750,Estakada Obrońców Lwowa,50.0396,19.9627,34,49,127,88,39,0.6938775510204082,30.61,1.0,False
2026-05-23 12:04:14.750,Bieżanowska / Wielicka,50.0207,19.982,24,24,113,113,0,1.0,0.0,1.0,False
2026-05-23 12:04:14.750,Prokocim Szpital,50.0117,20.0005,46,46,60,60,0,1.0,0.0,1.0,False
2026-05-23 12:04:14.750,Węzeł Łagiewniki,50.0136,19.9325,24,29,395,327,68,0.8275862068965517,17.24,0.972214,False
2026-05-23 12:04:14.750,Węzeł Balice / A4,50.0878,19.7937,40,40,114,114,0,1.0,0.0,1.0,False
2026-05-23 12:04:14.750,Węzeł Tyniec / A4,50.0196,19.8078,45,45,605,605,0,1.0,0.0,1.0,False
2026-05-23 12:04:14.750,Węzeł Wielicka / A4,50.0034,20.0065,48,48,133,133,0,1.0,0.0,1.0,False
2026-05-23 13:59:53.064774,Rondo Mogilskie,50.0672,19.9595,34,34,16,16,0,1.0,0.0,1.0,False
2026-05-23 13:59:53.064774,Lubomirskiego,50.0676,19.9536,16,16,95,95,0,1.0,0.0,1.0,False
2026-05-23 13:59:53.064774,Aleja Powstania Warszawskiego,50.0647,19.9608,31,31,49,49,0,1.0,0.0,1.0,False
2026-05-23 13:59:53.064774,Grzegórzecka,50.0578,19.9564,29,29,47,47,0,1.0,0.0,1.0,False
2026-05-23 13:59:53.064774,Rondo Grzegórzeckie,50.0576,19.9609,30,30,50,50,0,1.0,0.0,1.0,False
2026-05-23 13:59:53.064774,Galeria Krakowska / Pawia,50.0669,19.9457,49,49,121,121,0,1.0,0.0,1.0,False
2026-05-23 13:59:53.064774,Dworzec Główny Tunel,50.0686,19.9477,40,42,121,115,6,0.9523809523809523,4.76,1.0,False
2026-05-23 13:59:53.064774,Aleje Trzech Wieszczów - AGH,50.0674,19.9209,21,21,84,84,0,1.0,0.0,1.0,False
2026-05-23 13:59:53.064774,Plac Inwalidów,50.0671,19.9269,16,16,128,128,0,1.0,0.0,1.0,False
2026-05-23 13:59:53.064774,Nowy Kleparz,50.0731,19.9352,26,26,43,43,0,1.0,0.0,1.0,False
2026-05-23 13:59:53.064774,Aleja Słowackiego / Łobzowska,50.0692,19.9302,27,27,270,270,0,1.0,0.0,1.0,False
2026-05-23 13:59:53.064774,Cracovia / Aleja Mickiewicza,50.0595,19.9235,23,33,327,228,99,0.696969696969697,30.3,1.0,False
2026-05-23 13:59:53.064774,Rondo Grunwaldzkie,50.0492,19.9317,13,16,31,25,6,0.8125,18.75,1.0,False
2026-05-23 13:59:53.064774,Most Dębnicki,50.053,19.9278,28,28,177,177,0,1.0,0.0,1.0,False
2026-05-23 13:59:53.064774,Rondo Matecznego,50.0364,19.9406,17,24,10,7,3,0.7083333333333334,29.17,1.0,False
2026-05-23 13:59:53.064774,Kalwaryjska,50.0412,19.9443,25,25,115,115,0,1.0,0.0,1.0,False
2026-05-23 13:59:53.064774,Bonarka / Kamieńskiego,50.0298,19.9513,34,34,15,15,0,1.0,0.0,1.0,False
2026-05-23 13:59:53.064774,Zakopiańska / Brożka,50.0227,19.9349,38,51,75,56,19,0.7450980392156863,25.49,1.0,False
2026-05-23 13:59:53.064774,Łagiewniki,50.0202,19.9378,60,60,203,203,0,1.0,0.0,1.0,False
2026-05-23 13:59:53.064774,Opolska Estakada,50.0857,19.9536,34,34,50,50,0,1.0,0.0,1.0,False
2026-05-23 13:59:53.064774,Rondo Polsadu,50.0879,19.9618,43,43,35,35,0,1.0,0.0,1.0,False
2026-05-23 13:59:53.064774,Rondo Barei,50.0911,19.9742,38,38,40,40,0,1.0,0.0,1.0,False
2026-05-23 13:59:53.064774,Aleja 29 Listopada / Opolska,50.0861,19.952,49,56,324,284,40,0.875,12.5,1.0,False
2026-05-23 13:59:53.064774,Aleja 29 Listopada / Dobrego Pasterza,50.0953,19.9746,41,41,92,92,0,1.0,0.0,1.0,False
2026-05-23 13:59:53.064774,Rondo Ofiar Katynia,50.0879,19.8976,49,56,324,284,40,0.875,12.5,1.0,False
2026-05-23 13:59:53.064774,Bronowice SKA,50.0814,19.8994,112,112,498,498,0,1.0,0.0,1.0,False
2026-05-23 13:59:53.064774,Armii Krajowej / Zarzecze,50.0738,19.8985,25,25,137,137,0,1.0,0.0,1.0,False
2026-05-23 13:59:53.064774,Czarnowiejska / Armii Krajowej,50.069,19.9075,36,36,73,73,0,1.0,0.0,1.0,False
2026-05-23 13:59:53.064774,Rondo Czyżyńskie,50.0729,20.0167,38,38,10,10,0,1.0,0.0,1.0,False
2026-05-23 13:59:53.064774,Plac Centralny,50.072,20.0372,21,21,69,69,0,1.0,0.0,1.0,False
2026-05-23 13:59:53.064774,Aleja Pokoju / Centralna,50.0667,20.0028,29,48,67,40,27,0.6041666666666666,39.58,1.0,False
2026-05-23 13:59:53.064774,Nowohucka / Klimeckiego,50.0503,19.9765,24,29,278,230,48,0.8275862068965517,17.24,0.956547,False
2026-05-23 13:59:53.064774,M1 / Aleja Pokoju,50.0661,20.0149,28,28,120,120,0,1.0,0.0,1.0,False
2026-05-23 13:59:53.064774,Wielicka / Powstańców Wielkopolskich,50.0335,19.9621,35,49,123,88,35,0.7142857142857143,28.57,1.0,False
2026-05-23 13:59:53.064774,Estakada Obrońców Lwowa,50.0396,19.9627,35,49,123,88,35,0.7142857142857143,28.57,1.0,False
2026-05-23 13:59:53.064774,Bieżanowska / Wielicka,50.0207,19.982,24,24,113,113,0,1.0,0.0,1.0,False
2026-05-23 13:59:53.064774,Prokocim Szpital,50.0117,20.0005,46,46,60,60,0,1.0,0.0,1.0,False
2026-05-23 13:59:53.064774,Węzeł Łagiewniki,50.0136,19.9325,29,29,327,327,0,1.0,0.0,1.0,False
2026-05-23 13:59:53.064774,Węzeł Balice / A4,50.0878,19.7937,40,40,114,114,0,1.0,0.0,1.0,False
2026-05-23 13:59:53.064774,Węzeł Tyniec / A4,50.0196,19.8078,45,45,605,605,0,1.0,0.0,1.0,False
2026-05-23 13:59:53.064774,Węzeł Wielicka / A4,50.0034,20.0065,48,48,133,133,0,1.0,0.0,1.0,False
2026-05-23 15:11:38.299970,Rondo Mogilskie,50.0672,19.9595,23,33,23,16,7,0.696969696969697,30.3,1.0,False
2026-05-23 15:11:38.299970,Lubomirskiego,50.0676,19.9536,16,16,95,95,0,1.0,0.0,1.0,False
2026-05-23 15:11:38.299970,Aleja Powstania Warszawskiego,50.0647,19.9608,31,31,49,49,0,1.0,0.0,1.0,False
2026-05-23 15:11:38.299970,Grzegórzecka,50.0578,19.9564,29,29,47,47,0,1.0,0.0,1.0,False
2026-05-23 15:11:38.299970,Rondo Grzegórzeckie,50.0576,19.9609,30,30,50,50,0,1.0,0.0,1.0,False
2026-05-23 15:11:38.299970,Galeria Krakowska / Pawia,50.0669,19.9457,46,49,129,121,8,0.9387755102040817,6.12,1.0,False
2026-05-23 15:11:38.299970,Dworzec Główny Tunel,50.0686,19.9477,39,39,124,124,0,1.0,0.0,1.0,False
2026-05-23 15:11:38.299970,Aleje Trzech Wieszczów - AGH,50.0674,19.9209,21,21,84,84,0,1.0,0.0,1.0,False
2026-05-23 15:11:38.299970,Plac Inwalidów,50.0671,19.9269,16,16,128,128,0,1.0,0.0,1.0,False
2026-05-23 15:11:38.299970,Nowy Kleparz,50.0731,19.9352,26,26,43,43,0,1.0,0.0,1.0,False
2026-05-23 15:11:38.299970,Aleja Słowackiego / Łobzowska,50.0692,19.9302,23,28,317,261,56,0.8214285714285714,17.86,0.987796,False
2026-05-23 15:11:38.299970,Cracovia / Aleja Mickiewicza,50.0595,19.9235,26,32,289,235,54,0.8125,18.75,0.99154,False
2026-05-23 15:11:38.299970,Rondo Grunwaldzkie,50.0492,19.9317,17,17,24,24,0,1.0,0.0,1.0,False
2026-05-23 15:11:38.299970,Most Dębnicki,50.053,19.9278,28,28,177,177,0,1.0,0.0,1.0,False
2026-05-23 15:11:38.299970,Rondo Matecznego,50.0364,19.9406,25,25,7,7,0,1.0,0.0,1.0,False
2026-05-23 15:11:38.299970,Kalwaryjska,50.0412,19.9443,25,25,115,115,0,1.0,0.0,1.0,False
2026-05-23 15:11:38.299970,Bonarka / Kamieńskiego,50.0298,19.9513,34,34,15,15,0,1.0,0.0,1.0,False
2026-05-23 15:11:38.299970,Zakopiańska / Brożka,50.0227,19.9349,27,39,106,73,33,0.6923076923076923,30.77,1.0,False
2026-05-23 15:11:38.299970,Łagiewniki,50.0202,19.9378,60,60,203,203,0,1.0,0.0,1.0,False
2026-05-23 15:11:38.299970,Opolska Estakada,50.0857,19.9536,34,34,50,50,0,1.0,0.0,1.0,False
2026-05-23 15:11:38.299970,Rondo Polsadu,50.0879,19.9618,43,43,35,35,0,1.0,0.0,1.0,False
2026-05-23 15:11:38.299970,Rondo Barei,50.0911,19.9742,38,38,40,40,0,1.0,0.0,1.0,False
2026-05-23 15:11:38.299970,Aleja 29 Listopada / Opolska,50.0861,19.952,44,56,361,284,77,0.7857142857142857,21.43,1.0,False
2026-05-23 15:11:38.299970,Aleja 29 Listopada / Dobrego Pasterza,50.0953,19.9746,41,41,92,92,0,1.0,0.0,1.0,False
2026-05-23 15:11:38.299970,Rondo Ofiar Katynia,50.0879,19.8976,44,56,361,284,77,0.7857142857142857,21.43,1.0,False
2026-05-23 15:11:38.299970,Bronowice SKA,50.0814,19.8994,112,112,498,498,0,1.0,0.0,1.0,False
2026-05-23 15:11:38.299970,Armii Krajowej / Zarzecze,50.0738,19.8985,25,25,137,137,0,1.0,0.0,1.0,False
2026-05-23 15:11:38.299970,Czarnowiejska / Armii Krajowej,50.069,19.9075,36,36,73,73,0,1.0,0.0,1.0,False
2026-05-23 15:11:38.299970,Rondo Czyżyńskie,50.0729,20.0167,38,38,10,10,0,1.0,0.0,1.0,False
2026-05-23 15:11:38.299970,Plac Centralny,50.072,20.0372,13,21,112,69,43,0.6190476190476191,38.1,1.0,False
2026-05-23 15:11:38.299970,Aleja Pokoju / Centralna,50.0667,20.0028,24,49,80,39,41,0.4897959183673469,51.02,1.0,False
2026-05-23 15:11:38.299970,Nowohucka / Klimeckiego,50.0503,19.9765,29,29,230,230,0,1.0,0.0,1.0,False
2026-05-23 15:11:38.299970,M1 / Aleja Pokoju,50.0661,20.0149,28,28,120,120,0,1.0,0.0,1.0,False
2026-05-23 15:11:38.299970,Wielicka / Powstańców Wielkopolskich,50.0335,19.9621,49,49,88,88,0,1.0,0.0,1.0,False
2026-05-23 15:11:38.299970,Estakada Obrońców Lwowa,50.0396,19.9627,49,49,88,88,0,1.0,0.0,1.0,False
2026-05-23 15:11:38.299970,Bieżanowska / Wielicka,50.0207,19.982,14,23,194,118,76,0.6086956521739131,39.13,0.96,False
2026-05-23 15:11:38.299970,Prokocim Szpital,50.0117,20.0005,29,45,95,61,34,0.6444444444444445,35.56,1.0,False
2026-05-23 15:11:38.299970,Węzeł Łagiewniki,50.0136,19.9325,29,29,327,327,0,1.0,0.0,1.0,False
2026-05-23 15:11:38.299970,Węzeł Balice / A4,50.0878,19.7937,40,40,114,114,0,1.0,0.0,1.0,False
2026-05-23 15:11:38.299970,Węzeł Tyniec / A4,50.0196,19.8078,45,45,605,605,0,1.0,0.0,1.0,False
2026-05-23 15:11:38.299970,Węzeł Wielicka / A4,50.0034,20.0065,48,48,133,133,0,1.0,0.0,1.0,False
2026-05-23 16:32:56.254266,Rondo Mogilskie,50.0672,19.9595,34,34,16,16,0,1.0,0.0,1.0,False
2026-05-23 16:32:56.254266,Lubomirskiego,50.0676,19.9536,16,16,95,95,0,1.0,0.0,1.0,False
2026-05-23 16:32:56.254266,Aleja Powstania Warszawskiego,50.0647,19.9608,31,31,49,49,0,1.0,0.0,1.0,False
2026-05-23 16:32:56.254266,Grzegórzecka,50.0578,19.9564,29,29,47,47,0,1.0,0.0,1.0,False
2026-05-23 16:32:56.254266,Rondo Grzegórzeckie,50.0576,19.9609,24,30,62,50,12,0.8,20.0,1.0,False
2026-05-23 16:32:56.254266,Galeria Krakowska / Pawia,50.0669,19.9457,49,49,121,121,0,1.0,0.0,1.0,False
2026-05-23 16:32:56.254266,Dworzec Główny Tunel,50.0686,19.9477,39,39,124,124,0,1.0,0.0,1.0,False
2026-05-23 16:32:56.254266,Aleje Trzech Wieszczów - AGH,50.0674,19.9209,13,21,136,84,52,0.6190476190476191,38.1,0.97,False
2026-05-23 16:32:56.254266,Plac Inwalidów,50.0671,19.9269,16,16,128,128,0,1.0,0.0,1.0,False
2026-05-23 16:32:56.254266,Nowy Kleparz,50.0731,19.9352,26,26,43,43,0,1.0,0.0,1.0,False
2026-05-23 16:32:56.254266,Aleja Słowackiego / Łobzowska,50.0692,19.9302,27,27,270,270,0,1.0,0.0,1.0,False
2026-05-23 16:32:56.254266,Cracovia / Aleja Mickiewicza,50.0595,19.9235,24,34,313,221,92,0.7058823529411765,29.41,1.0,False
2026-05-23 16:32:56.254266,Rondo Grunwaldzkie,50.0492,19.9317,11,16,37,25,12,0.6875,31.25,1.0,False
2026-05-23 16:32:56.254266,Most Dębnicki,50.053,19.9278,28,28,177,177,0,1.0,0.0,1.0,False
2026-05-23 16:32:56.254266,Rondo Matecznego,50.0364,19.9406,9,24,20,7,13,0.375,62.5,1.0,False
2026-05-23 16:32:56.254266,Kalwaryjska,50.0412,19.9443,25,25,115,115,0,1.0,0.0,1.0,False
2026-05-23 16:32:56.254266,Bonarka / Kamieńskiego,50.0298,19.9513,34,34,15,15,0,1.0,0.0,1.0,False
2026-05-23 16:32:56.254266,Zakopiańska / Brożka,50.0227,19.9349,40,40,71,71,0,1.0,0.0,1.0,False
2026-05-23 16:32:56.254266,Łagiewniki,50.0202,19.9378,60,60,203,203,0,1.0,0.0,1.0,False
2026-05-23 16:32:56.254266,Opolska Estakada,50.0857,19.9536,34,34,50,50,0,1.0,0.0,1.0,False
2026-05-23 16:32:56.254266,Rondo Polsadu,50.0879,19.9618,43,43,35,35,0,1.0,0.0,1.0,False
2026-05-23 16:32:56.254266,Rondo Barei,50.0911,19.9742,38,38,40,40,0,1.0,0.0,1.0,False
2026-05-23 16:32:56.254266,Aleja 29 Listopada / Opolska,50.0861,19.952,43,57,369,279,90,0.7543859649122807,24.56,1.0,False
2026-05-23 16:32:56.254266,Aleja 29 Listopada / Dobrego Pasterza,50.0953,19.9746,41,41,92,92,0,1.0,0.0,1.0,False
2026-05-23 16:32:56.254266,Rondo Ofiar Katynia,50.0879,19.8976,43,57,369,279,90,0.7543859649122807,24.56,1.0,False
2026-05-23 16:32:56.254266,Bronowice SKA,50.0814,19.8994,112,112,498,498,0,1.0,0.0,1.0,False
2026-05-23 16:32:56.254266,Armii Krajowej / Zarzecze,50.0738,19.8985,25,25,137,137,0,1.0,0.0,1.0,False
2026-05-23 16:32:56.254266,Czarnowiejska / Armii Krajowej,50.069,19.9075,28,36,94,73,21,0.7777777777777778,22.22,1.0,False
2026-05-23 16:32:56.254266,Rondo Czyżyńskie,50.0729,20.0167,38,38,10,10,0,1.0,0.0,1.0,False
2026-05-23 16:32:56.254266,Plac Centralny,50.072,20.0372,21,21,69,69,0,1.0,0.0,1.0,False
2026-05-23 16:32:56.254266,Aleja Pokoju / Centralna,50.0667,20.0028,20,49,97,39,58,0.40816326530612246,59.18,1.0,False
2026-05-23 16:32:56.254266,Nowohucka / Klimeckiego,50.0503,19.9765,29,29,230,230,0,1.0,0.0,1.0,False
2026-05-23 16:32:56.254266,M1 / Aleja Pokoju,50.0661,20.0149,28,28,120,120,0,1.0,0.0,1.0,False
2026-05-23 16:32:56.254266,Wielicka / Powstańców Wielkopolskich,50.0335,19.9621,49,49,88,88,0,1.0,0.0,1.0,False
2026-05-23 16:32:56.254266,Estakada Obrońców Lwowa,50.0396,19.9627,38,48,114,90,24,0.7916666666666666,20.83,1.0,False
2026-05-23 16:32:56.254266,Bieżanowska / Wielicka,50.0207,19.982,24,24,113,113,0,1.0,0.0,1.0,False
2026-05-23 16:32:56.254266,Prokocim Szpital,50.0117,20.0005,46,46,60,60,0,1.0,0.0,1.0,False
2026-05-23 16:32:56.254266,Węzeł Łagiewniki,50.0136,19.9325,28,29,339,327,12,0.9655172413793104,3.45,0.913186,False
2026-05-23 16:32:56.254266,Węzeł Balice / A4,50.0878,19.7937,40,40,114,114,0,1.0,0.0,1.0,False
2026-05-23 16:32:56.254266,Węzeł Tyniec / A4,50.0196,19.8078,45,45,605,605,0,1.0,0.0,1.0,False
2026-05-23 16:32:56.254266,Węzeł Wielicka / A4,50.0034,20.0065,48,48,133,133,0,1.0,0.0,1.0,False
2026-05-23 17:38:07.522766,Rondo Mogilskie,50.0672,19.9595,34,34,16,16,0,1.0,0.0,1.0,False
2026-05-23 17:38:07.522766,Lubomirskiego,50.0676,19.9536,11,15,138,101,37,0.7333333333333333,26.67,0.84,False
2026-05-23 17:38:07.522766,Aleja Powstania Warszawskiego,50.0647,19.9608,31,31,49,49,0,1.0,0.0,1.0,False
2026-05-23 17:38:07.522766,Grzegórzecka,50.0578,19.9564,29,29,47,47,0,1.0,0.0,1.0,False
2026-05-23 17:38:07.522766,Rondo Grzegórzeckie,50.0576,19.9609,18,30,83,50,33,0.6,40.0,1.0,False
2026-05-23 17:38:07.522766,Galeria Krakowska / Pawia,50.0669,19.9457,49,49,121,121,0,1.0,0.0,1.0,False
2026-05-23 17:38:07.522766,Dworzec Główny Tunel,50.0686,19.9477,28,39,173,124,49,0.717948717948718,28.21,1.0,False
2026-05-23 17:38:07.522766,Aleje Trzech Wieszczów - AGH,50.0674,19.9209,21,21,84,84,0,1.0,0.0,1.0,False
2026-05-23 17:38:07.522766,Plac Inwalidów,50.0671,19.9269,16,16,128,128,0,1.0,0.0,1.0,False
2026-05-23 17:38:07.522766,Nowy Kleparz,50.0731,19.9352,26,26,43,43,0,1.0,0.0,1.0,False
2026-05-23 17:38:07.522766,Aleja Słowackiego / Łobzowska,50.0692,19.9302,27,27,270,270,0,1.0,0.0,1.0,False
2026-05-23 17:38:07.522766,Cracovia / Aleja Mickiewicza,50.0595,19.9235,24,33,313,228,85,0.7272727272727273,27.27,0.99978,False
2026-05-23 17:38:07.522766,Rondo Grunwaldzkie,50.0492,19.9317,17,17,24,24,0,1.0,0.0,1.0,False
2026-05-23 17:38:07.522766,Most Dębnicki,50.053,19.9278,28,28,177,177,0,1.0,0.0,1.0,False
2026-05-23 17:38:07.522766,Rondo Matecznego,50.0364,19.9406,15,24,12,7,5,0.625,37.5,1.0,False
2026-05-23 17:38:07.522766,Kalwaryjska,50.0412,19.9443,25,25,115,115,0,1.0,0.0,1.0,False
2026-05-23 17:38:07.522766,Bonarka / Kamieńskiego,50.0298,19.9513,34,34,15,15,0,1.0,0.0,1.0,False
2026-05-23 17:38:07.522766,Zakopiańska / Brożka,50.0227,19.9349,40,50,71,57,14,0.8,20.0,1.0,False
2026-05-23 17:38:07.522766,Łagiewniki,50.0202,19.9378,60,60,203,203,0,1.0,0.0,1.0,False
2026-05-23 17:38:07.522766,Opolska Estakada,50.0857,19.9536,34,34,50,50,0,1.0,0.0,1.0,False
2026-05-23 17:38:07.522766,Rondo Polsadu,50.0879,19.9618,43,43,35,35,0,1.0,0.0,1.0,False
2026-05-23 17:38:07.522766,Rondo Barei,50.0911,19.9742,38,38,40,40,0,1.0,0.0,1.0,False
2026-05-23 17:38:07.522766,Aleja 29 Listopada / Opolska,50.0861,19.952,49,56,324,284,40,0.875,12.5,1.0,False
2026-05-23 17:38:07.522766,Aleja 29 Listopada / Dobrego Pasterza,50.0953,19.9746,41,41,92,92,0,1.0,0.0,1.0,False
2026-05-23 17:38:07.522766,Rondo Ofiar Katynia,50.0879,19.8976,49,56,324,284,40,0.875,12.5,1.0,False
2026-05-23 17:38:07.522766,Bronowice SKA,50.0814,19.8994,112,112,498,498,0,1.0,0.0,1.0,False
2026-05-23 17:38:07.522766,Armii Krajowej / Zarzecze,50.0738,19.8985,25,25,137,137,0,1.0,0.0,1.0,False
2026-05-23 17:38:07.522766,Czarnowiejska / Armii Krajowej,50.069,19.9075,24,36,109,73,36,0.6666666666666666,33.33,1.0,False
2026-05-23 17:38:07.522766,Rondo Czyżyńskie,50.0729,20.0167,38,38,10,10,0,1.0,0.0,1.0,False
2026-05-23 17:38:07.522766,Plac Centralny,50.072,20.0372,21,21,69,69,0,1.0,0.0,1.0,False
2026-05-23 17:38:07.522766,Aleja Pokoju / Centralna,50.0667,20.0028,33,48,58,40,18,0.6875,31.25,1.0,False
2026-05-23 17:38:07.522766,Nowohucka / Klimeckiego,50.0503,19.9765,29,29,230,230,0,1.0,0.0,1.0,False
2026-05-23 17:38:07.522766,M1 / Aleja Pokoju,50.0661,20.0149,28,28,120,120,0,1.0,0.0,1.0,False
2026-05-23 17:38:07.522766,Wielicka / Powstańców Wielkopolskich,50.0335,19.9621,49,49,88,88,0,1.0,0.0,1.0,False
2026-05-23 17:38:07.522766,Estakada Obrońców Lwowa,50.0396,19.9627,49,49,88,88,0,1.0,0.0,1.0,False
2026-05-23 17:38:07.522766,Bieżanowska / Wielicka,50.0207,19.982,19,24,143,113,30,0.7916666666666666,20.83,0.955276,False
2026-05-23 17:38:07.522766,Prokocim Szpital,50.0117,20.0005,30,46,92,60,32,0.6521739130434783,34.78,1.0,False
2026-05-23 17:38:07.522766,Węzeł Łagiewniki,50.0136,19.9325,29,29,327,327,0,1.0,0.0,1.0,False
2026-05-23 17:38:07.522766,Węzeł Balice / A4,50.0878,19.7937,40,40,114,114,0,1.0,0.0,1.0,False
2026-05-23 17:38:07.522766,Węzeł Tyniec / A4,50.0196,19.8078,45,45,605,605,0,1.0,0.0,1.0,False
2026-05-23 17:38:07.522766,Węzeł Wielicka / A4,50.0034,20.0065,48,48,133,133,0,1.0,0.0,1.0,False
2026-05-23 19:24:13.991107,Rondo Mogilskie,50.0672,19.9595,34,34,16,16,0,1.0,0.0,1.0,False
2026-05-23 19:24:13.991107,Lubomirskiego,50.0676,19.9536,16,16,95,95,0,1.0,0.0,1.0,False
2026-05-23 19:24:13.991107,Aleja Powstania Warszawskiego,50.0647,19.9608,31,31,49,49,0,1.0,0.0,1.0,False
2026-05-23 19:24:13.991107,Grzegórzecka,50.0578,19.9564,29,29,47,47,0,1.0,0.0,1.0,False
2026-05-23 19:24:13.991107,Rondo Grzegórzeckie,50.0576,19.9609,30,30,50,50,0,1.0,0.0,1.0,False
2026-05-23 19:24:13.991107,Galeria Krakowska / Pawia,50.0669,19.9457,49,49,121,121,0,1.0,0.0,1.0,False
2026-05-23 19:24:13.991107,Dworzec Główny Tunel,50.0686,19.9477,39,39,124,124,0,1.0,0.0,1.0,False
2026-05-23 19:24:13.991107,Aleje Trzech Wieszczów - AGH,50.0674,19.9209,21,21,84,84,0,1.0,0.0,1.0,False
2026-05-23 19:24:13.991107,Plac Inwalidów,50.0671,19.9269,16,16,128,128,0,1.0,0.0,1.0,False
2026-05-23 19:24:13.991107,Nowy Kleparz,50.0731,19.9352,26,26,43,43,0,1.0,0.0,1.0,False
2026-05-23 19:24:13.991107,Aleja Słowackiego / Łobzowska,50.0692,19.9302,23,28,317,261,56,0.8214285714285714,17.86,0.982914,False
2026-05-23 19:24:13.991107,Cracovia / Aleja Mickiewicza,50.0595,19.9235,25,32,301,235,66,0.78125,21.88,1.0,False
2026-05-23 19:24:13.991107,Rondo Grunwaldzkie,50.0492,19.9317,17,17,24,24,0,1.0,0.0,1.0,False
2026-05-23 19:24:13.991107,Most Dębnicki,50.053,19.9278,28,28,177,177,0,1.0,0.0,1.0,False
2026-05-23 19:24:13.991107,Rondo Matecznego,50.0364,19.9406,13,26,14,7,7,0.5,50.0,1.0,False
2026-05-23 19:24:13.991107,Kalwaryjska,50.0412,19.9443,25,25,115,115,0,1.0,0.0,1.0,False
2026-05-23 19:24:13.991107,Bonarka / Kamieńskiego,50.0298,19.9513,34,34,15,15,0,1.0,0.0,1.0,False
2026-05-23 19:24:13.991107,Zakopiańska / Brożka,50.0227,19.9349,40,40,71,71,0,1.0,0.0,1.0,False
2026-05-23 19:24:13.991107,Łagiewniki,50.0202,19.9378,60,60,203,203,0,1.0,0.0,1.0,False
2026-05-23 19:24:13.991107,Opolska Estakada,50.0857,19.9536,34,34,50,50,0,1.0,0.0,1.0,False
2026-05-23 19:24:13.991107,Rondo Polsadu,50.0879,19.9618,43,43,35,35,0,1.0,0.0,1.0,False
2026-05-23 19:24:13.991107,Rondo Barei,50.0911,19.9742,38,38,40,40,0,1.0,0.0,1.0,False
2026-05-23 19:24:13.991107,Aleja 29 Listopada / Opolska,50.0861,19.952,46,57,345,279,66,0.8070175438596491,19.3,1.0,False
2026-05-23 19:24:13.991107,Aleja 29 Listopada / Dobrego Pasterza,50.0953,19.9746,41,41,92,92,0,1.0,0.0,1.0,False
2026-05-23 19:24:13.991107,Rondo Ofiar Katynia,50.0879,19.8976,46,57,345,279,66,0.8070175438596491,19.3,1.0,False
2026-05-23 19:24:13.991107,Bronowice SKA,50.0814,19.8994,112,112,498,498,0,1.0,0.0,1.0,False
2026-05-23 19:24:13.991107,Armii Krajowej / Zarzecze,50.0738,19.8985,14,25,244,137,107,0.56,44.0,0.900468,False
2026-05-23 19:24:13.991107,Czarnowiejska / Armii Krajowej,50.069,19.9075,25,36,105,73,32,0.6944444444444444,30.56,1.0,False
2026-05-23 19:24:13.991107,Rondo Czyżyńskie,50.0729,20.0167,38,38,10,10,0,1.0,0.0,1.0,False
2026-05-23 19:24:13.991107,Plac Centralny,50.072,20.0372,21,21,69,69,0,1.0,0.0,1.0,False
2026-05-23 19:24:13.991107,Aleja Pokoju / Centralna,50.0667,20.0028,27,49,71,39,32,0.5510204081632653,44.9,1.0,False
2026-05-23 19:24:13.991107,Nowohucka / Klimeckiego,50.0503,19.9765,29,29,230,230,0,1.0,0.0,1.0,False
2026-05-23 19:24:13.991107,M1 / Aleja Pokoju,50.0661,20.0149,28,28,120,120,0,1.0,0.0,1.0,False
2026-05-23 19:24:13.991107,Wielicka / Powstańców Wielkopolskich,50.0335,19.9621,35,48,123,90,33,0.7291666666666666,27.08,1.0,False
2026-05-23 19:24:13.991107,Estakada Obrońców Lwowa,50.0396,19.9627,35,48,123,90,33,0.7291666666666666,27.08,1.0,False
2026-05-23 19:24:13.991107,Bieżanowska / Wielicka,50.0207,19.982,17,24,160,113,47,0.7083333333333334,29.17,0.951104,False
2026-05-23 19:24:13.991107,Prokocim Szpital,50.0117,20.0005,46,46,60,60,0,1.0,0.0,1.0,False
2026-05-23 19:24:13.991107,Węzeł Łagiewniki,50.0136,19.9325,29,29,327,327,0,1.0,0.0,1.0,False
2026-05-23 19:24:13.991107,Węzeł Balice / A4,50.0878,19.7937,40,40,114,114,0,1.0,0.0,1.0,False
2026-05-23 19:24:13.991107,Węzeł Tyniec / A4,50.0196,19.8078,45,45,605,605,0,1.0,0.0,1.0,False
2026-05-23 19:24:13.991107,Węzeł Wielicka / A4,50.0034,20.0065,48,48,133,133,0,1.0,0.0,1.0,False
2026-05-23 20:28:10.191129,Rondo Mogilskie,50.0672,19.9595,34,34,16,16,0,1.0,0.0,1.0,False
2026-05-23 20:28:10.191129,Lubomirskiego,50.0676,19.9536,16,16,95,95,0,1.0,0.0,1.0,False
2026-05-23 20:28:10.191129,Aleja Powstania Warszawskiego,50.0647,19.9608,31,31,49,49,0,1.0,0.0,1.0,False
2026-05-23 20:28:10.191129,Grzegórzecka,50.0578,19.9564,29,29,47,47,0,1.0,0.0,1.0,False
2026-05-23 20:28:10.191129,Rondo Grzegórzeckie,50.0576,19.9609,30,30,50,50,0,1.0,0.0,1.0,False
2026-05-23 20:28:10.191129,Galeria Krakowska / Pawia,50.0669,19.9457,49,49,121,121,0,1.0,0.0,1.0,False
2026-05-23 20:28:10.191129,Dworzec Główny Tunel,50.0686,19.9477,35,41,139,118,21,0.8536585365853658,14.63,1.0,False
2026-05-23 20:28:10.191129,Aleje Trzech Wieszczów - AGH,50.0674,19.9209,16,20,110,88,22,0.8,20.0,0.72,False
2026-05-23 20:28:10.191129,Plac Inwalidów,50.0671,19.9269,16,16,128,128,0,1.0,0.0,1.0,False
2026-05-23 20:28:10.191129,Nowy Kleparz,50.0731,19.9352,26,26,43,43,0,1.0,0.0,1.0,False
2026-05-23 20:28:10.191129,Aleja Słowackiego / Łobzowska,50.0692,19.9302,22,27,332,270,62,0.8148148148148148,18.52,0.980287,False
2026-05-23 20:28:10.191129,Cracovia / Aleja Mickiewicza,50.0595,19.9235,34,34,221,221,0,1.0,0.0,1.0,False
2026-05-23 20:28:10.191129,Rondo Grunwaldzkie,50.0492,19.9317,11,17,37,24,13,0.6470588235294118,35.29,1.0,False
2026-05-23 20:28:10.191129,Most Dębnicki,50.053,19.9278,28,28,177,177,0,1.0,0.0,1.0,False
2026-05-23 20:28:10.191129,Rondo Matecznego,50.0364,19.9406,15,24,12,7,5,0.625,37.5,1.0,False
2026-05-23 20:28:10.191129,Kalwaryjska,50.0412,19.9443,25,25,115,115,0,1.0,0.0,1.0,False
2026-05-23 20:28:10.191129,Bonarka / Kamieńskiego,50.0298,19.9513,34,34,15,15,0,1.0,0.0,1.0,False
2026-05-23 20:28:10.191129,Zakopiańska / Brożka,50.0227,19.9349,40,40,71,71,0,1.0,0.0,1.0,False
2026-05-23 20:28:10.191129,Łagiewniki,50.0202,19.9378,60,60,203,203,0,1.0,0.0,1.0,False
2026-05-23 20:28:10.191129,Opolska Estakada,50.0857,19.9536,34,34,50,50,0,1.0,0.0,1.0,False
2026-05-23 20:28:10.191129,Rondo Polsadu,50.0879,19.9618,43,43,35,35,0,1.0,0.0,1.0,False
2026-05-23 20:28:10.191129,Rondo Barei,50.0911,19.9742,38,38,40,40,0,1.0,0.0,1.0,False
2026-05-23 20:28:10.191129,Aleja 29 Listopada / Opolska,50.0861,19.952,56,56,284,284,0,1.0,0.0,1.0,False
2026-05-23 20:28:10.191129,Aleja 29 Listopada / Dobrego Pasterza,50.0953,19.9746,41,41,92,92,0,1.0,0.0,1.0,False
2026-05-23 20:28:10.191129,Rondo Ofiar Katynia,50.0879,19.8976,56,56,284,284,0,1.0,0.0,1.0,False
2026-05-23 20:28:10.191129,Bronowice SKA,50.0814,19.8994,112,112,498,498,0,1.0,0.0,1.0,False
2026-05-23 20:28:10.191129,Armii Krajowej / Zarzecze,50.0738,19.8985,25,25,137,137,0,1.0,0.0,1.0,False
2026-05-23 20:28:10.191129,Czarnowiejska / Armii Krajowej,50.069,19.9075,27,36,97,73,24,0.75,25.0,1.0,False
2026-05-23 20:28:10.191129,Rondo Czyżyńskie,50.0729,20.0167,38,38,10,10,0,1.0,0.0,1.0,False
2026-05-23 20:28:10.191129,Plac Centralny,50.072,20.0372,21,21,69,69,0,1.0,0.0,1.0,False
2026-05-23 20:28:10.191129,Aleja Pokoju / Centralna,50.0667,20.0028,49,49,39,39,0,1.0,0.0,1.0,False
2026-05-23 20:28:10.191129,Nowohucka / Klimeckiego,50.0503,19.9765,29,29,230,230,0,1.0,0.0,1.0,False
2026-05-23 20:28:10.191129,M1 / Aleja Pokoju,50.0661,20.0149,28,28,120,120,0,1.0,0.0,1.0,False
2026-05-23 20:28:10.191129,Wielicka / Powstańców Wielkopolskich,50.0335,19.9621,49,49,88,88,0,1.0,0.0,1.0,False
2026-05-23 20:28:10.191129,Estakada Obrońców Lwowa,50.0396,19.9627,49,49,88,88,0,1.0,0.0,1.0,False
2026-05-23 20:28:10.191129,Bieżanowska / Wielicka,50.0207,19.982,24,24,113,113,0,1.0,0.0,1.0,False
2026-05-23 20:28:10.191129,Prokocim Szpital,50.0117,20.0005,46,46,60,60,0,1.0,0.0,1.0,False
2026-05-23 20:28:10.191129,Węzeł Łagiewniki,50.0136,19.9325,29,29,327,327,0,1.0,0.0,1.0,False
2026-05-23 20:28:10.191129,Węzeł Balice / A4,50.0878,19.7937,40,40,114,114,0,1.0,0.0,1.0,False
2026-05-23 20:28:10.191129,Węzeł Tyniec / A4,50.0196,19.8078,45,45,605,605,0,1.0,0.0,1.0,False
2026-05-23 20:28:10.191129,Węzeł Wielicka / A4,50.0034,20.0065,48,48,133,133,0,1.0,0.0,1.0,False
2026-05-23 21:29:41.546102,Rondo Mogilskie,50.0672,19.9595,34,34,16,16,0,1.0,0.0,1.0,False
2026-05-23 21:29:41.546102,Lubomirskiego,50.0676,19.9536,16,16,95,95,0,1.0,0.0,1.0,False
2026-05-23 21:29:41.546102,Aleja Powstania Warszawskiego,50.0647,19.9608,31,31,49,49,0,1.0,0.0,1.0,False
2026-05-23 21:29:41.546102,Grzegórzecka,50.0578,19.9564,29,29,47,47,0,1.0,0.0,1.0,False
2026-05-23 21:29:41.546102,Rondo Grzegórzeckie,50.0576,19.9609,30,30,50,50,0,1.0,0.0,1.0,False
2026-05-23 21:29:41.546102,Galeria Krakowska / Pawia,50.0669,19.9457,49,49,121,121,0,1.0,0.0,1.0,False
2026-05-23 21:29:41.546102,Dworzec Główny Tunel,50.0686,19.9477,39,39,124,124,0,1.0,0.0,1.0,False
2026-05-23 21:29:41.546102,Aleje Trzech Wieszczów - AGH,50.0674,19.9209,21,21,84,84,0,1.0,0.0,1.0,False
2026-05-23 21:29:41.546102,Plac Inwalidów,50.0671,19.9269,12,16,171,128,43,0.75,25.0,0.94,False
2026-05-23 21:29:41.546102,Nowy Kleparz,50.0731,19.9352,26,26,43,43,0,1.0,0.0,1.0,False
2026-05-23 21:29:41.546102,Aleja Słowackiego / Łobzowska,50.0692,19.9302,27,27,270,270,0,1.0,0.0,1.0,False
2026-05-23 21:29:41.546102,Cracovia / Aleja Mickiewicza,50.0595,19.9235,34,34,221,221,0,1.0,0.0,1.0,False
2026-05-23 21:29:41.546102,Rondo Grunwaldzkie,50.0492,19.9317,17,17,24,24,0,1.0,0.0,1.0,False
2026-05-23 21:29:41.546102,Most Dębnicki,50.053,19.9278,28,28,177,177,0,1.0,0.0,1.0,False
2026-05-23 21:29:41.546102,Rondo Matecznego,50.0364,19.9406,25,25,7,7,0,1.0,0.0,1.0,False
2026-05-23 21:29:41.546102,Kalwaryjska,50.0412,19.9443,19,25,151,115,36,0.76,24.0,0.918604,False
2026-05-23 21:29:41.546102,Bonarka / Kamieńskiego,50.0298,19.9513,34,34,15,15,0,1.0,0.0,1.0,False
2026-05-23 21:29:41.546102,Zakopiańska / Brożka,50.0227,19.9349,40,40,71,71,0,1.0,0.0,1.0,False
2026-05-23 21:29:41.546102,Łagiewniki,50.0202,19.9378,60,60,203,203,0,1.0,0.0,1.0,False
2026-05-23 21:29:41.546102,Opolska Estakada,50.0857,19.9536,34,34,50,50,0,1.0,0.0,1.0,False
2026-05-23 21:29:41.546102,Rondo Polsadu,50.0879,19.9618,43,43,35,35,0,1.0,0.0,1.0,False
2026-05-23 21:29:41.546102,Rondo Barei,50.0911,19.9742,38,38,40,40,0,1.0,0.0,1.0,False
2026-05-23 21:29:41.546102,Aleja 29 Listopada / Opolska,50.0861,19.952,56,56,284,284,0,1.0,0.0,1.0,False
2026-05-23 21:29:41.546102,Aleja 29 Listopada / Dobrego Pasterza,50.0953,19.9746,41,41,92,92,0,1.0,0.0,1.0,False
2026-05-23 21:29:41.546102,Rondo Ofiar Katynia,50.0879,19.8976,56,56,284,284,0,1.0,0.0,1.0,False
2026-05-23 21:29:41.546102,Bronowice SKA,50.0814,19.8994,112,112,498,498,0,1.0,0.0,1.0,False
2026-05-23 21:29:41.546102,Armii Krajowej / Zarzecze,50.0738,19.8985,25,25,137,137,0,1.0,0.0,1.0,False
2026-05-23 21:29:41.546102,Czarnowiejska / Armii Krajowej,50.069,19.9075,36,36,73,73,0,1.0,0.0,1.0,False
2026-05-23 21:29:41.546102,Rondo Czyżyńskie,50.0729,20.0167,38,38,10,10,0,1.0,0.0,1.0,False
2026-05-23 21:29:41.546102,Plac Centralny,50.072,20.0372,21,21,69,69,0,1.0,0.0,1.0,False
2026-05-23 21:29:41.546102,Aleja Pokoju / Centralna,50.0667,20.0028,49,49,39,39,0,1.0,0.0,1.0,False
2026-05-23 21:29:41.546102,Nowohucka / Klimeckiego,50.0503,19.9765,29,29,230,230,0,1.0,0.0,1.0,False
2026-05-23 21:29:41.546102,M1 / Aleja Pokoju,50.0661,20.0149,28,28,120,120,0,1.0,0.0,1.0,False
2026-05-23 21:29:41.546102,Wielicka / Powstańców Wielkopolskich,50.0335,19.9621,49,49,88,88,0,1.0,0.0,1.0,False
2026-05-23 21:29:41.546102,Estakada Obrońców Lwowa,50.0396,19.9627,49,49,88,88,0,1.0,0.0,1.0,False
2026-05-23 21:29:41.546102,Bieżanowska / Wielicka,50.0207,19.982,24,24,113,113,0,1.0,0.0,1.0,False
2026-05-23 21:29:41.546102,Prokocim Szpital,50.0117,20.0005,46,46,60,60,0,1.0,0.0,1.0,False
2026-05-23 21:29:41.546102,Węzeł Łagiewniki,50.0136,19.9325,29,29,327,327,0,1.0,0.0,1.0,False
2026-05-23 21:29:41.546102,Węzeł Balice / A4,50.0878,19.7937,40,40,114,114,0,1.0,0.0,1.0,False
2026-05-23 21:29:41.546102,Węzeł Tyniec / A4,50.0196,19.8078,45,45,605,605,0,1.0,0.0,1.0,False
2026-05-23 21:29:41.546102,Węzeł Wielicka / A4,50.0034,20.0065,48,48,133,133,0,1.0,0.0,1.0,False
2026-05-23 22:28:57.435509,Rondo Mogilskie,50.0672,19.9595,34,34,16,16,0,1.0,0,1,False
2026-05-23 22:28:57.435509,Lubomirskiego,50.0676,19.9536,16,16,95,95,0,1.0,0,1,False
2026-05-23 22:28:57.435509,Aleja Powstania Warszawskiego,50.0647,19.9608,31,31,49,49,0,1.0,0,1,False
2026-05-23 22:28:57.435509,Grzegórzecka,50.0578,19.9564,29,29,47,47,0,1.0,0,1,False
2026-05-23 22:28:57.435509,Rondo Grzegórzeckie,50.0576,19.9609,30,30,50,50,0,1.0,0,1,False
2026-05-23 22:28:57.435509,Galeria Krakowska / Pawia,50.0669,19.9457,49,49,121,121,0,1.0,0,1,False
2026-05-23 22:28:57.435509,Dworzec Główny Tunel,50.0686,19.9477,39,39,124,124,0,1.0,0,1,False
2026-05-23 22:28:57.435509,Aleje Trzech Wieszczów - AGH,50.0674,19.9209,21,21,84,84,0,1.0,0,1,False
2026-05-23 22:28:57.435509,Plac Inwalidów,50.0671,19.9269,16,16,128,128,0,1.0,0,1,False
2026-05-23 22:28:57.435509,Nowy Kleparz,50.0731,19.9352,26,26,43,43,0,1.0,0,1,False
2026-05-23 22:28:57.435509,Aleja Słowackiego / Łobzowska,50.0692,19.9302,27,27,270,270,0,1.0,0,1,False
2026-05-23 22:28:57.435509,Cracovia / Aleja Mickiewicza,50.0595,19.9235,34,34,221,221,0,1.0,0,1,False
2026-05-23 22:28:57.435509,Rondo Grunwaldzkie,50.0492,19.9317,17,17,24,24,0,1.0,0,1,False
2026-05-23 22:28:57.435509,Most Dębnicki,50.053,19.9278,28,28,177,177,0,1.0,0,1,False
2026-05-23 22:28:57.435509,Rondo Matecznego,50.0364,19.9406,25,25,7,7,0,1.0,0,1,False
2026-05-23 22:28:57.435509,Kalwaryjska,50.0412,19.9443,25,25,115,115,0,1.0,0,1,False
2026-05-23 22:28:57.435509,Bonarka / Kamieńskiego,50.0298,19.9513,34,34,15,15,0,1.0,0,1,False
2026-05-23 22:28:57.435509,Zakopiańska / Brożka,50.0227,19.9349,40,40,71,71,0,1.0,0,1,False
2026-05-23 22:28:57.435509,Łagiewniki,50.0202,19.9378,60,60,203,203,0,1.0,0,1,False
2026-05-23 22:28:57.435509,Opolska Estakada,50.0857,19.9536,34,34,50,50,0,1.0,0,1,False
2026-05-23 22:28:57.435509,Rondo Polsadu,50.0879,19.9618,43,43,35,35,0,1.0,0,1,False
2026-05-23 22:28:57.435509,Rondo Barei,50.0911,19.9742,38,38,40,40,0,1.0,0,1,False
2026-05-23 22:28:57.435509,Aleja 29 Listopada / Opolska,50.0861,19.952,56,56,284,284,0,1.0,0,1,False
2026-05-23 22:28:57.435509,Aleja 29 Listopada / Dobrego Pasterza,50.0953,19.9746,41,41,92,92,0,1.0,0,1,False
2026-05-23 22:28:57.435509,Rondo Ofiar Katynia,50.0879,19.8976,56,56,284,284,0,1.0,0,1,False
2026-05-23 22:28:57.435509,Bronowice SKA,50.0814,19.8994,112,112,498,498,0,1.0,0,1,False
2026-05-23 22:28:57.435509,Armii Krajowej / Zarzecze,50.0738,19.8985,25,25,137,137,0,1.0,0,1,False
2026-05-23 22:28:57.435509,Czarnowiejska / Armii Krajowej,50.069,19.9075,36,36,73,73,0,1.0,0,1,False
2026-05-23 22:28:57.435509,Rondo Czyżyńskie,50.0729,20.0167,38,38,10,10,0,1.0,0,1,False
2026-05-23 22:28:57.435509,Plac Centralny,50.072,20.0372,21,21,69,69,0,1.0,0,1,False
2026-05-23 22:28:57.435509,Aleja Pokoju / Centralna,50.0667,20.0028,49,49,39,39,0,1.0,0,1,False
2026-05-23 22:28:57.435509,Nowohucka / Klimeckiego,50.0503,19.9765,29,29,230,230,0,1.0,0,1,False
2026-05-23 22:28:57.435509,M1 / Aleja Pokoju,50.0661,20.0149,28,28,120,120,0,1.0,0,1,False
2026-05-23 22:28:57.435509,Wielicka / Powstańców Wielkopolskich,50.0335,19.9621,49,49,88,88,0,1.0,0,1,False
2026-05-23 22:28:57.435509,Estakada Obrońców Lwowa,50.0396,19.9627,49,49,88,88,0,1.0,0,1,False
2026-05-23 22:28:57.435509,Bieżanowska / Wielicka,50.0207,19.982,24,24,113,113,0,1.0,0,1,False
2026-05-23 22:28:57.435509,Prokocim Szpital,50.0117,20.0005,46,46,60,60,0,1.0,0,1,False
2026-05-23 22:28:57.435509,Węzeł Łagiewniki,50.0136,19.9325,29,29,327,327,0,1.0,0,1,False
2026-05-23 22:28:57.435509,Węzeł Balice / A4,50.0878,19.7937,40,40,114,114,0,1.0,0,1,False
2026-05-23 22:28:57.435509,Węzeł Tyniec / A4,50.0196,19.8078,45,45,605,605,0,1.0,0,1,False
2026-05-23 22:28:57.435509,Węzeł Wielicka / A4,50.0034,20.0065,48,48,133,133,0,1.0,0,1,False
2026-05-23 23:33:58.200254,Rondo Mogilskie,50.0672,19.9595,34,34,16,16,0,1.0,0.0,1.0,False
2026-05-23 23:33:58.200254,Lubomirskiego,50.0676,19.9536,16,16,95,95,0,1.0,0.0,1.0,False
2026-05-23 23:33:58.200254,Aleja Powstania Warszawskiego,50.0647,19.9608,31,31,49,49,0,1.0,0.0,1.0,False
2026-05-23 23:33:58.200254,Grzegórzecka,50.0578,19.9564,29,29,47,47,0,1.0,0.0,1.0,False
2026-05-23 23:33:58.200254,Rondo Grzegórzeckie,50.0576,19.9609,30,30,50,50,0,1.0,0.0,1.0,False
2026-05-23 23:33:58.200254,Galeria Krakowska / Pawia,50.0669,19.9457,49,49,121,121,0,1.0,0.0,1.0,False
2026-05-23 23:33:58.200254,Dworzec Główny Tunel,50.0686,19.9477,39,39,124,124,0,1.0,0.0,1.0,False
2026-05-23 23:33:58.200254,Aleje Trzech Wieszczów - AGH,50.0674,19.9209,21,21,84,84,0,1.0,0.0,1.0,False
2026-05-23 23:33:58.200254,Plac Inwalidów,50.0671,19.9269,16,16,128,128,0,1.0,0.0,1.0,False
2026-05-23 23:33:58.200254,Nowy Kleparz,50.0731,19.9352,26,26,43,43,0,1.0,0.0,1.0,False
2026-05-23 23:33:58.200254,Aleja Słowackiego / Łobzowska,50.0692,19.9302,27,27,270,270,0,1.0,0.0,1.0,False
2026-05-23 23:33:58.200254,Cracovia / Aleja Mickiewicza,50.0595,19.9235,34,34,221,221,0,1.0,0.0,1.0,False
2026-05-23 23:33:58.200254,Rondo Grunwaldzkie,50.0492,19.9317,17,17,24,24,0,1.0,0.0,1.0,False
2026-05-23 23:33:58.200254,Most Dębnicki,50.053,19.9278,28,28,177,177,0,1.0,0.0,1.0,False
2026-05-23 23:33:58.200254,Rondo Matecznego,50.0364,19.9406,25,25,7,7,0,1.0,0.0,1.0,False
2026-05-23 23:33:58.200254,Kalwaryjska,50.0412,19.9443,25,25,115,115,0,1.0,0.0,1.0,False
2026-05-23 23:33:58.200254,Bonarka / Kamieńskiego,50.0298,19.9513,34,34,15,15,0,1.0,0.0,1.0,False
2026-05-23 23:33:58.200254,Zakopiańska / Brożka,50.0227,19.9349,40,40,71,71,0,1.0,0.0,1.0,False
2026-05-23 23:33:58.200254,Łagiewniki,50.0202,19.9378,60,60,203,203,0,1.0,0.0,1.0,False
2026-05-23 23:33:58.200254,Opolska Estakada,50.0857,19.9536,34,34,50,50,0,1.0,0.0,1.0,False
2026-05-23 23:33:58.200254,Rondo Polsadu,50.0879,19.9618,43,43,35,35,0,1.0,0.0,1.0,False
2026-05-23 23:33:58.200254,Rondo Barei,50.0911,19.9742,38,38,40,40,0,1.0,0.0,1.0,False
2026-05-23 23:33:58.200254,Aleja 29 Listopada / Opolska,50.0861,19.952,56,56,284,284,0,1.0,0.0,1.0,False
2026-05-23 23:33:58.200254,Aleja 29 Listopada / Dobrego Pasterza,50.0953,19.9746,41,41,92,92,0,1.0,0.0,1.0,False
2026-05-23 23:33:58.200254,Rondo Ofiar Katynia,50.0879,19.8976,56,56,284,284,0,1.0,0.0,1.0,False
2026-05-23 23:33:58.200254,Bronowice SKA,50.0814,19.8994,112,112,498,498,0,1.0,0.0,1.0,False
2026-05-23 23:33:58.200254,Armii Krajowej / Zarzecze,50.0738,19.8985,25,25,137,137,0,1.0,0.0,1.0,False
2026-05-23 23:33:58.200254,Czarnowiejska / Armii Krajowej,50.069,19.9075,36,36,73,73,0,1.0,0.0,1.0,False
2026-05-23 23:33:58.200254,Rondo Czyżyńskie,50.0729,20.0167,38,38,10,10,0,1.0,0.0,1.0,False
2026-05-23 23:33:58.200254,Plac Centralny,50.072,20.0372,21,21,69,69,0,1.0,0.0,1.0,False
2026-05-23 23:33:58.200254,Aleja Pokoju / Centralna,50.0667,20.0028,49,49,39,39,0,1.0,0.0,1.0,False
2026-05-23 23:33:58.200254,Nowohucka / Klimeckiego,50.0503,19.9765,29,29,230,230,0,1.0,0.0,1.0,False
2026-05-23 23:33:58.200254,M1 / Aleja Pokoju,50.0661,20.0149,28,28,120,120,0,1.0,0.0,1.0,False
2026-05-23 23:33:58.200254,Wielicka / Powstańców Wielkopolskich,50.0335,19.9621,49,49,88,88,0,1.0,0.0,1.0,False
2026-05-23 23:33:58.200254,Estakada Obrońców Lwowa,50.0396,19.9627,49,49,88,88,0,1.0,0.0,1.0,False
2026-05-23 23:33:58.200254,Bieżanowska / Wielicka,50.0207,19.982,17,24,160,113,47,0.7083333333333334,29.17,0.873621,False
2026-05-23 23:33:58.200254,Prokocim Szpital,50.0117,20.0005,46,46,60,60,0,1.0,0.0,1.0,False
2026-05-23 23:33:58.200254,Węzeł Łagiewniki,50.0136,19.9325,29,29,327,327,0,1.0,0.0,1.0,False
2026-05-23 23:33:58.200254,Węzeł Balice / A4,50.0878,19.7937,40,40,114,114,0,1.0,0.0,1.0,False
2026-05-23 23:33:58.200254,Węzeł Tyniec / A4,50.0196,19.8078,45,45,605,605,0,1.0,0.0,1.0,False
2026-05-23 23:33:58.200254,Węzeł Wielicka / A4,50.0034,20.0065,48,48,133,133,0,1.0,0.0,1.0,False
2026-05-24 01:33:29.024315,Rondo Mogilskie,50.0672,19.9595,34,34,16,16,0,1.0,0.0,1.0,False
2026-05-24 01:33:29.024315,Lubomirskiego,50.0676,19.9536,16,16,95,95,0,1.0,0.0,1.0,False
2026-05-24 01:33:29.024315,Aleja Powstania Warszawskiego,50.0647,19.9608,31,31,49,49,0,1.0,0.0,1.0,False
2026-05-24 01:33:29.024315,Grzegórzecka,50.0578,19.9564,29,29,47,47,0,1.0,0.0,1.0,False
2026-05-24 01:33:29.024315,Rondo Grzegórzeckie,50.0576,19.9609,30,30,50,50,0,1.0,0.0,1.0,False
2026-05-24 01:33:29.024315,Galeria Krakowska / Pawia,50.0669,19.9457,49,49,121,121,0,1.0,0.0,1.0,False
2026-05-24 01:33:29.024315,Dworzec Główny Tunel,50.0686,19.9477,39,39,124,124,0,1.0,0.0,1.0,False
2026-05-24 01:33:29.024315,Aleje Trzech Wieszczów - AGH,50.0674,19.9209,21,21,84,84,0,1.0,0.0,1.0,False
2026-05-24 01:33:29.024315,Plac Inwalidów,50.0671,19.9269,16,16,128,128,0,1.0,0.0,1.0,False
2026-05-24 01:33:29.024315,Nowy Kleparz,50.0731,19.9352,26,26,43,43,0,1.0,0.0,1.0,False
2026-05-24 01:33:29.024315,Aleja Słowackiego / Łobzowska,50.0692,19.9302,27,27,270,270,0,1.0,0.0,1.0,False
2026-05-24 01:33:29.024315,Cracovia / Aleja Mickiewicza,50.0595,19.9235,34,34,221,221,0,1.0,0.0,1.0,False
2026-05-24 01:33:29.024315,Rondo Grunwaldzkie,50.0492,19.9317,17,17,24,24,0,1.0,0.0,1.0,False
2026-05-24 01:33:29.024315,Most Dębnicki,50.053,19.9278,28,28,177,177,0,1.0,0.0,1.0,False
2026-05-24 01:33:29.024315,Rondo Matecznego,50.0364,19.9406,18,25,10,7,3,0.72,28.0,1.0,False
2026-05-24 01:33:29.024315,Kalwaryjska,50.0412,19.9443,25,25,115,115,0,1.0,0.0,1.0,False
2026-05-24 01:33:29.024315,Bonarka / Kamieńskiego,50.0298,19.9513,34,34,15,15,0,1.0,0.0,1.0,False
2026-05-24 01:33:29.024315,Zakopiańska / Brożka,50.0227,19.9349,24,39,119,73,46,0.6153846153846154,38.46,1.0,False
2026-05-24 01:33:29.024315,Łagiewniki,50.0202,19.9378,60,60,203,203,0,1.0,0.0,1.0,False
2026-05-24 01:33:29.024315,Opolska Estakada,50.0857,19.9536,34,34,50,50,0,1.0,0.0,1.0,False
2026-05-24 01:33:29.024315,Rondo Polsadu,50.0879,19.9618,43,43,35,35,0,1.0,0.0,1.0,False
2026-05-24 01:33:29.024315,Rondo Barei,50.0911,19.9742,38,38,40,40,0,1.0,0.0,1.0,False
2026-05-24 01:33:29.024315,Aleja 29 Listopada / Opolska,50.0861,19.952,56,56,284,284,0,1.0,0.0,1.0,False
2026-05-24 01:33:29.024315,Aleja 29 Listopada / Dobrego Pasterza,50.0953,19.9746,41,41,92,92,0,1.0,0.0,1.0,False
2026-05-24 01:33:29.024315,Rondo Ofiar Katynia,50.0879,19.8976,56,56,284,284,0,1.0,0.0,1.0,False
2026-05-24 01:33:29.024315,Bronowice SKA,50.0814,19.8994,112,112,498,498,0,1.0,0.0,1.0,False
2026-05-24 01:33:29.024315,Armii Krajowej / Zarzecze,50.0738,19.8985,25,25,137,137,0,1.0,0.0,1.0,False
2026-05-24 01:33:29.024315,Czarnowiejska / Armii Krajowej,50.069,19.9075,36,36,73,73,0,1.0,0.0,1.0,False
2026-05-24 01:33:29.024315,Rondo Czyżyńskie,50.0729,20.0167,38,38,10,10,0,1.0,0.0,1.0,False
2026-05-24 01:33:29.024315,Plac Centralny,50.072,20.0372,21,21,69,69,0,1.0,0.0,1.0,False
2026-05-24 01:33:29.024315,Aleja Pokoju / Centralna,50.0667,20.0028,49,49,39,39,0,1.0,0.0,1.0,False
2026-05-24 01:33:29.024315,Nowohucka / Klimeckiego,50.0503,19.9765,29,29,230,230,0,1.0,0.0,1.0,False
2026-05-24 01:33:29.024315,M1 / Aleja Pokoju,50.0661,20.0149,28,28,120,120,0,1.0,0.0,1.0,False
2026-05-24 01:33:29.024315,Wielicka / Powstańców Wielkopolskich,50.0335,19.9621,49,49,88,88,0,1.0,0.0,1.0,False
2026-05-24 01:33:29.024315,Estakada Obrońców Lwowa,50.0396,19.9627,49,49,88,88,0,1.0,0.0,1.0,False
2026-05-24 01:33:29.024315,Bieżanowska / Wielicka,50.0207,19.982,18,24,151,113,38,0.75,25.0,0.823862,False
2026-05-24 01:33:29.024315,Prokocim Szpital,50.0117,20.0005,46,46,60,60,0,1.0,0.0,1.0,False
2026-05-24 01:33:29.024315,Węzeł Łagiewniki,50.0136,19.9325,29,29,327,327,0,1.0,0.0,1.0,False
2026-05-24 01:33:29.024315,Węzeł Balice / A4,50.0878,19.7937,40,40,114,114,0,1.0,0.0,1.0,False
2026-05-24 01:33:29.024315,Węzeł Tyniec / A4,50.0196,19.8078,45,45,605,605,0,1.0,0.0,1.0,False
2026-05-24 01:33:29.024315,Węzeł Wielicka / A4,50.0034,20.0065,48,48,133,133,0,1.0,0.0,1.0,False
2026-05-24 05:43:45.650429,Rondo Mogilskie,50.0672,19.9595,34,34,16,16,0,1.0,0,1,False
2026-05-24 05:43:45.650429,Lubomirskiego,50.0676,19.9536,16,16,95,95,0,1.0,0,1,False
2026-05-24 05:43:45.650429,Aleja Powstania Warszawskiego,50.0647,19.9608,31,31,49,49,0,1.0,0,1,False
2026-05-24 05:43:45.650429,Grzegórzecka,50.0578,19.9564,29,29,47,47,0,1.0,0,1,False
2026-05-24 05:43:45.650429,Rondo Grzegórzeckie,50.0576,19.9609,30,30,50,50,0,1.0,0,1,False
2026-05-24 05:43:45.650429,Galeria Krakowska / Pawia,50.0669,19.9457,49,49,121,121,0,1.0,0,1,False
2026-05-24 05:43:45.650429,Dworzec Główny Tunel,50.0686,19.9477,39,39,124,124,0,1.0,0,1,False
2026-05-24 05:43:45.650429,Aleje Trzech Wieszczów - AGH,50.0674,19.9209,21,21,84,84,0,1.0,0,1,False
2026-05-24 05:43:45.650429,Plac Inwalidów,50.0671,19.9269,16,16,128,128,0,1.0,0,1,False
2026-05-24 05:43:45.650429,Nowy Kleparz,50.0731,19.9352,26,26,43,43,0,1.0,0,1,False
2026-05-24 05:43:45.650429,Aleja Słowackiego / Łobzowska,50.0692,19.9302,27,27,270,270,0,1.0,0,1,False
2026-05-24 05:43:45.650429,Cracovia / Aleja Mickiewicza,50.0595,19.9235,34,34,221,221,0,1.0,0,1,False
2026-05-24 05:43:45.650429,Rondo Grunwaldzkie,50.0492,19.9317,17,17,24,24,0,1.0,0,1,False
2026-05-24 05:43:45.650429,Most Dębnicki,50.053,19.9278,28,28,177,177,0,1.0,0,1,False
2026-05-24 05:43:45.650429,Rondo Matecznego,50.0364,19.9406,25,25,7,7,0,1.0,0,1,False
2026-05-24 05:43:45.650429,Kalwaryjska,50.0412,19.9443,25,25,115,115,0,1.0,0,1,False
2026-05-24 05:43:45.650429,Bonarka / Kamieńskiego,50.0298,19.9513,34,34,15,15,0,1.0,0,1,False
2026-05-24 05:43:45.650429,Zakopiańska / Brożka,50.0227,19.9349,40,40,71,71,0,1.0,0,1,False
2026-05-24 05:43:45.650429,Łagiewniki,50.0202,19.9378,60,60,203,203,0,1.0,0,1,False
2026-05-24 05:43:45.650429,Opolska Estakada,50.0857,19.9536,34,34,50,50,0,1.0,0,1,False
2026-05-24 05:43:45.650429,Rondo Polsadu,50.0879,19.9618,43,43,35,35,0,1.0,0,1,False
2026-05-24 05:43:45.650429,Rondo Barei,50.0911,19.9742,38,38,40,40,0,1.0,0,1,False
2026-05-24 05:43:45.650429,Aleja 29 Listopada / Opolska,50.0861,19.952,56,56,284,284,0,1.0,0,1,False
2026-05-24 05:43:45.650429,Aleja 29 Listopada / Dobrego Pasterza,50.0953,19.9746,41,41,92,92,0,1.0,0,1,False
2026-05-24 05:43:45.650429,Rondo Ofiar Katynia,50.0879,19.8976,56,56,284,284,0,1.0,0,1,False
2026-05-24 05:43:45.650429,Bronowice SKA,50.0814,19.8994,112,112,498,498,0,1.0,0,1,False
2026-05-24 05:43:45.650429,Armii Krajowej / Zarzecze,50.0738,19.8985,25,25,137,137,0,1.0,0,1,False
2026-05-24 05:43:45.650429,Czarnowiejska / Armii Krajowej,50.069,19.9075,36,36,73,73,0,1.0,0,1,False
2026-05-24 05:43:45.650429,Rondo Czyżyńskie,50.0729,20.0167,38,38,10,10,0,1.0,0,1,False
2026-05-24 05:43:45.650429,Plac Centralny,50.072,20.0372,21,21,69,69,0,1.0,0,1,False
2026-05-24 05:43:45.650429,Aleja Pokoju / Centralna,50.0667,20.0028,49,49,39,39,0,1.0,0,1,False
2026-05-24 05:43:45.650429,Nowohucka / Klimeckiego,50.0503,19.9765,29,29,230,230,0,1.0,0,1,False
2026-05-24 05:43:45.650429,M1 / Aleja Pokoju,50.0661,20.0149,28,28,120,120,0,1.0,0,1,False
2026-05-24 05:43:45.650429,Wielicka / Powstańców Wielkopolskich,50.0335,19.9621,49,49,88,88,0,1.0,0,1,False
2026-05-24 05:43:45.650429,Estakada Obrońców Lwowa,50.0396,19.9627,49,49,88,88,0,1.0,0,1,False
2026-05-24 05:43:45.650429,Bieżanowska / Wielicka,50.0207,19.982,24,24,113,113,0,1.0,0,1,False
2026-05-24 05:43:45.650429,Prokocim Szpital,50.0117,20.0005,46,46,60,60,0,1.0,0,1,False
2026-05-24 05:43:45.650429,Węzeł Łagiewniki,50.0136,19.9325,29,29,327,327,0,1.0,0,1,False
2026-05-24 05:43:45.650429,Węzeł Balice / A4,50.0878,19.7937,40,40,114,114,0,1.0,0,1,False
2026-05-24 05:43:45.650429,Węzeł Tyniec / A4,50.0196,19.8078,45,45,605,605,0,1.0,0,1,False
2026-05-24 05:43:45.650429,Węzeł Wielicka / A4,50.0034,20.0065,48,48,133,133,0,1.0,0,1,False
2026-05-24 08:42:39.851925,Rondo Mogilskie,50.0672,19.9595,34,34,16,16,0,1.0,0.0,1,False
2026-05-24 08:42:39.851925,Lubomirskiego,50.0676,19.9536,16,16,95,95,0,1.0,0.0,1,False
2026-05-24 08:42:39.851925,Aleja Powstania Warszawskiego,50.0647,19.9608,31,31,49,49,0,1.0,0.0,1,False
2026-05-24 08:42:39.851925,Grzegórzecka,50.0578,19.9564,29,29,47,47,0,1.0,0.0,1,False
2026-05-24 08:42:39.851925,Rondo Grzegórzeckie,50.0576,19.9609,30,30,50,50,0,1.0,0.0,1,False
2026-05-24 08:42:39.851925,Galeria Krakowska / Pawia,50.0669,19.9457,49,49,121,121,0,1.0,0.0,1,False
2026-05-24 08:42:39.851925,Dworzec Główny Tunel,50.0686,19.9477,39,39,124,124,0,1.0,0.0,1,False
2026-05-24 08:42:39.851925,Aleje Trzech Wieszczów - AGH,50.0674,19.9209,21,21,84,84,0,1.0,0.0,1,False
2026-05-24 08:42:39.851925,Plac Inwalidów,50.0671,19.9269,16,16,128,128,0,1.0,0.0,1,False
2026-05-24 08:42:39.851925,Nowy Kleparz,50.0731,19.9352,26,26,43,43,0,1.0,0.0,1,False
2026-05-24 08:42:39.851925,Aleja Słowackiego / Łobzowska,50.0692,19.9302,27,27,270,270,0,1.0,0.0,1,False
2026-05-24 08:42:39.851925,Cracovia / Aleja Mickiewicza,50.0595,19.9235,34,34,221,221,0,1.0,0.0,1,False
2026-05-24 08:42:39.851925,Rondo Grunwaldzkie,50.0492,19.9317,13,16,31,25,6,0.8125,18.75,1,False
2026-05-24 08:42:39.851925,Most Dębnicki,50.053,19.9278,28,28,177,177,0,1.0,0.0,1,False
2026-05-24 08:42:39.851925,Rondo Matecznego,50.0364,19.9406,25,25,7,7,0,1.0,0.0,1,False
2026-05-24 08:42:39.851925,Kalwaryjska,50.0412,19.9443,25,25,115,115,0,1.0,0.0,1,False
2026-05-24 08:42:39.851925,Bonarka / Kamieńskiego,50.0298,19.9513,34,34,15,15,0,1.0,0.0,1,False
2026-05-24 08:42:39.851925,Zakopiańska / Brożka,50.0227,19.9349,30,39,95,73,22,0.7692307692307693,23.08,1,False
2026-05-24 08:42:39.851925,Łagiewniki,50.0202,19.9378,60,60,203,203,0,1.0,0.0,1,False
2026-05-24 08:42:39.851925,Opolska Estakada,50.0857,19.9536,34,34,50,50,0,1.0,0.0,1,False
2026-05-24 08:42:39.851925,Rondo Polsadu,50.0879,19.9618,43,43,35,35,0,1.0,0.0,1,False
2026-05-24 08:42:39.851925,Rondo Barei,50.0911,19.9742,38,38,40,40,0,1.0,0.0,1,False
2026-05-24 08:42:39.851925,Aleja 29 Listopada / Opolska,50.0861,19.952,52,58,305,274,31,0.896551724137931,10.34,1,False
2026-05-24 08:42:39.851925,Aleja 29 Listopada / Dobrego Pasterza,50.0953,19.9746,41,41,92,92,0,1.0,0.0,1,False
2026-05-24 08:42:39.851925,Rondo Ofiar Katynia,50.0879,19.8976,52,58,305,274,31,0.896551724137931,10.34,1,False
2026-05-24 08:42:39.851925,Bronowice SKA,50.0814,19.8994,112,112,498,498,0,1.0,0.0,1,False
2026-05-24 08:42:39.851925,Armii Krajowej / Zarzecze,50.0738,19.8985,25,25,137,137,0,1.0,0.0,1,False
2026-05-24 08:42:39.851925,Czarnowiejska / Armii Krajowej,50.069,19.9075,36,36,73,73,0,1.0,0.0,1,False
2026-05-24 08:42:39.851925,Rondo Czyżyńskie,50.0729,20.0167,38,38,10,10,0,1.0,0.0,1,False
2026-05-24 08:42:39.851925,Plac Centralny,50.072,20.0372,21,21,69,69,0,1.0,0.0,1,False
2026-05-24 08:42:39.851925,Aleja Pokoju / Centralna,50.0667,20.0028,49,49,39,39,0,1.0,0.0,1,False
2026-05-24 08:42:39.851925,Nowohucka / Klimeckiego,50.0503,19.9765,29,29,230,230,0,1.0,0.0,1,False
2026-05-24 08:42:39.851925,M1 / Aleja Pokoju,50.0661,20.0149,28,28,120,120,0,1.0,0.0,1,False
2026-05-24 08:42:39.851925,Wielicka / Powstańców Wielkopolskich,50.0335,19.9621,49,49,88,88,0,1.0,0.0,1,False
2026-05-24 08:42:39.851925,Estakada Obrońców Lwowa,50.0396,19.9627,49,49,88,88,0,1.0,0.0,1,False
2026-05-24 08:42:39.851925,Bieżanowska / Wielicka,50.0207,19.982,24,24,113,113,0,1.0,0.0,1,False
2026-05-24 08:42:39.851925,Prokocim Szpital,50.0117,20.0005,46,46,60,60,0,1.0,0.0,1,False
2026-05-24 08:42:39.851925,Węzeł Łagiewniki,50.0136,19.9325,29,29,327,327,0,1.0,0.0,1,False
2026-05-24 08:42:39.851925,Węzeł Balice / A4,50.0878,19.7937,40,40,114,114,0,1.0,0.0,1,False
2026-05-24 08:42:39.851925,Węzeł Tyniec / A4,50.0196,19.8078,45,45,605,605,0,1.0,0.0,1,False
2026-05-24 08:42:39.851925,Węzeł Wielicka / A4,50.0034,20.0065,48,48,133,133,0,1.0,0.0,1,False
2026-05-24 10:48:08.634233,Rondo Mogilskie,50.0672,19.9595,34,34,16,16,0,1.0,0.0,1,False
2026-05-24 10:48:08.634233,Lubomirskiego,50.0676,19.9536,16,16,95,95,0,1.0,0.0,1,False
2026-05-24 10:48:08.634233,Aleja Powstania Warszawskiego,50.0647,19.9608,31,31,49,49,0,1.0,0.0,1,False
2026-05-24 10:48:08.634233,Grzegórzecka,50.0578,19.9564,29,29,47,47,0,1.0,0.0,1,False
2026-05-24 10:48:08.634233,Rondo Grzegórzeckie,50.0576,19.9609,23,29,65,51,14,0.7931034482758621,20.69,1,False
2026-05-24 10:48:08.634233,Galeria Krakowska / Pawia,50.0669,19.9457,49,49,121,121,0,1.0,0.0,1,False
2026-05-24 10:48:08.634233,Dworzec Główny Tunel,50.0686,19.9477,39,39,124,124,0,1.0,0.0,1,False
2026-05-24 10:48:08.634233,Aleje Trzech Wieszczów - AGH,50.0674,19.9209,21,21,84,84,0,1.0,0.0,1,False
2026-05-24 10:48:08.634233,Plac Inwalidów,50.0671,19.9269,16,16,128,128,0,1.0,0.0,1,False
2026-05-24 10:48:08.634233,Nowy Kleparz,50.0731,19.9352,26,26,43,43,0,1.0,0.0,1,False
2026-05-24 10:48:08.634233,Aleja Słowackiego / Łobzowska,50.0692,19.9302,27,27,270,270,0,1.0,0.0,1,False
2026-05-24 10:48:08.634233,Cracovia / Aleja Mickiewicza,50.0595,19.9235,25,33,301,228,73,0.7575757575757576,24.24,1,False
2026-05-24 10:48:08.634233,Rondo Grunwaldzkie,50.0492,19.9317,17,17,24,24,0,1.0,0.0,1,False
2026-05-24 10:48:08.634233,Most Dębnicki,50.053,19.9278,28,28,177,177,0,1.0,0.0,1,False
2026-05-24 10:48:08.634233,Rondo Matecznego,50.0364,19.9406,25,25,7,7,0,1.0,0.0,1,False
2026-05-24 10:48:08.634233,Kalwaryjska,50.0412,19.9443,25,25,115,115,0,1.0,0.0,1,False
2026-05-24 10:48:08.634233,Bonarka / Kamieńskiego,50.0298,19.9513,34,34,15,15,0,1.0,0.0,1,False
2026-05-24 10:48:08.634233,Zakopiańska / Brożka,50.0227,19.9349,24,39,119,73,46,0.6153846153846154,38.46,1,False
2026-05-24 10:48:08.634233,Łagiewniki,50.0202,19.9378,60,60,203,203,0,1.0,0.0,1,False
2026-05-24 10:48:08.634233,Opolska Estakada,50.0857,19.9536,34,34,50,50,0,1.0,0.0,1,False
2026-05-24 10:48:08.634233,Rondo Polsadu,50.0879,19.9618,43,43,35,35,0,1.0,0.0,1,False
2026-05-24 10:48:08.634233,Rondo Barei,50.0911,19.9742,38,38,40,40,0,1.0,0.0,1,False
2026-05-24 10:48:08.634233,Aleja 29 Listopada / Opolska,50.0861,19.952,44,57,361,279,82,0.7719298245614035,22.81,1,False
2026-05-24 10:48:08.634233,Aleja 29 Listopada / Dobrego Pasterza,50.0953,19.9746,41,41,92,92,0,1.0,0.0,1,False
2026-05-24 10:48:08.634233,Rondo Ofiar Katynia,50.0879,19.8976,44,57,361,279,82,0.7719298245614035,22.81,1,False
2026-05-24 10:48:08.634233,Bronowice SKA,50.0814,19.8994,91,112,613,498,115,0.8125,18.75,1,False
2026-05-24 10:48:08.634233,Armii Krajowej / Zarzecze,50.0738,19.8985,25,25,137,137,0,1.0,0.0,1,False
2026-05-24 10:48:08.634233,Czarnowiejska / Armii Krajowej,50.069,19.9075,29,35,90,75,15,0.8285714285714286,17.14,1,False
2026-05-24 10:48:08.634233,Rondo Czyżyńskie,50.0729,20.0167,38,38,10,10,0,1.0,0.0,1,False
2026-05-24 10:48:08.634233,Plac Centralny,50.072,20.0372,21,21,69,69,0,1.0,0.0,1,False
2026-05-24 10:48:08.634233,Aleja Pokoju / Centralna,50.0667,20.0028,38,49,51,39,12,0.7755102040816326,22.45,1,False
2026-05-24 10:48:08.634233,Nowohucka / Klimeckiego,50.0503,19.9765,29,29,230,230,0,1.0,0.0,1,False
2026-05-24 10:48:08.634233,M1 / Aleja Pokoju,50.0661,20.0149,28,28,120,120,0,1.0,0.0,1,False
2026-05-24 10:48:08.634233,Wielicka / Powstańców Wielkopolskich,50.0335,19.9621,49,49,88,88,0,1.0,0.0,1,False
2026-05-24 10:48:08.634233,Estakada Obrońców Lwowa,50.0396,19.9627,49,49,88,88,0,1.0,0.0,1,False
2026-05-24 10:48:08.634233,Bieżanowska / Wielicka,50.0207,19.982,24,24,113,113,0,1.0,0.0,1,False
2026-05-24 10:48:08.634233,Prokocim Szpital,50.0117,20.0005,31,45,89,61,28,0.6888888888888889,31.11,1,False
2026-05-24 10:48:08.634233,Węzeł Łagiewniki,50.0136,19.9325,29,29,327,327,0,1.0,0.0,1,False
2026-05-24 10:48:08.634233,Węzeł Balice / A4,50.0878,19.7937,40,40,114,114,0,1.0,0.0,1,False
2026-05-24 10:48:08.634233,Węzeł Tyniec / A4,50.0196,19.8078,45,45,605,605,0,1.0,0.0,1,False
2026-05-24 10:48:08.634233,Węzeł Wielicka / A4,50.0034,20.0065,48,48,133,133,0,1.0,0.0,1,False
2026-05-24 12:06:53.015397,Rondo Mogilskie,50.0672,19.9595,34,34,16,16,0,1.0,0.0,1.0,False
2026-05-24 12:06:53.015397,Lubomirskiego,50.0676,19.9536,16,16,95,95,0,1.0,0.0,1.0,False
2026-05-24 12:06:53.015397,Aleja Powstania Warszawskiego,50.0647,19.9608,31,31,49,49,0,1.0,0.0,1.0,False
2026-05-24 12:06:53.015397,Grzegórzecka,50.0578,19.9564,29,29,47,47,0,1.0,0.0,1.0,False
2026-05-24 12:06:53.015397,Rondo Grzegórzeckie,50.0576,19.9609,30,30,50,50,0,1.0,0.0,1.0,False
2026-05-24 12:06:53.015397,Galeria Krakowska / Pawia,50.0669,19.9457,48,50,123,118,5,0.96,4.0,1.0,False
2026-05-24 12:06:53.015397,Dworzec Główny Tunel,50.0686,19.9477,39,39,124,124,0,1.0,0.0,1.0,False
2026-05-24 12:06:53.015397,Aleje Trzech Wieszczów - AGH,50.0674,19.9209,15,21,118,84,34,0.7142857142857143,28.57,0.97,False
2026-05-24 12:06:53.015397,Plac Inwalidów,50.0671,19.9269,16,16,128,128,0,1.0,0.0,1.0,False
2026-05-24 12:06:53.015397,Nowy Kleparz,50.0731,19.9352,21,26,53,43,10,0.8076923076923077,19.23,0.99,False
2026-05-24 12:06:53.015397,Aleja Słowackiego / Łobzowska,50.0692,19.9302,20,27,365,270,95,0.7407407407407407,25.93,0.98519,False
2026-05-24 12:06:53.015397,Cracovia / Aleja Mickiewicza,50.0595,19.9235,20,33,376,228,148,0.6060606060606061,39.39,1.0,False
2026-05-24 12:06:53.015397,Rondo Grunwaldzkie,50.0492,19.9317,10,16,41,25,16,0.625,37.5,1.0,False
2026-05-24 12:06:53.015397,Most Dębnicki,50.053,19.9278,28,28,177,177,0,1.0,0.0,1.0,False
2026-05-24 12:06:53.015397,Rondo Matecznego,50.0364,19.9406,16,25,11,7,4,0.64,36.0,1.0,False
2026-05-24 12:06:53.015397,Kalwaryjska,50.0412,19.9443,25,25,115,115,0,1.0,0.0,1.0,False
2026-05-24 12:06:53.015397,Bonarka / Kamieńskiego,50.0298,19.9513,34,34,15,15,0,1.0,0.0,1.0,False
2026-05-24 12:06:53.015397,Zakopiańska / Brożka,50.0227,19.9349,40,40,71,71,0,1.0,0.0,1.0,False
2026-05-24 12:06:53.015397,Łagiewniki,50.0202,19.9378,60,60,203,203,0,1.0,0.0,1.0,False
2026-05-24 12:06:53.015397,Opolska Estakada,50.0857,19.9536,34,34,50,50,0,1.0,0.0,1.0,False
2026-05-24 12:06:53.015397,Rondo Polsadu,50.0879,19.9618,43,43,35,35,0,1.0,0.0,1.0,False
2026-05-24 12:06:53.015397,Rondo Barei,50.0911,19.9742,38,38,40,40,0,1.0,0.0,1.0,False
2026-05-24 12:06:53.015397,Aleja 29 Listopada / Opolska,50.0861,19.952,50,56,318,284,34,0.8928571428571429,10.71,1.0,False
2026-05-24 12:06:53.015397,Aleja 29 Listopada / Dobrego Pasterza,50.0953,19.9746,41,41,92,92,0,1.0,0.0,1.0,False
2026-05-24 12:06:53.015397,Rondo Ofiar Katynia,50.0879,19.8976,50,56,318,284,34,0.8928571428571429,10.71,1.0,False
2026-05-24 12:06:53.015397,Bronowice SKA,50.0814,19.8994,77,114,724,489,235,0.6754385964912281,32.46,1.0,False
2026-05-24 12:06:53.015397,Armii Krajowej / Zarzecze,50.0738,19.8985,13,24,263,142,121,0.5416666666666666,45.83,0.773915,False
2026-05-24 12:06:53.015397,Czarnowiejska / Armii Krajowej,50.069,19.9075,26,36,101,73,28,0.7222222222222222,27.78,1.0,False
2026-05-24 12:06:53.015397,Rondo Czyżyńskie,50.0729,20.0167,38,38,10,10,0,1.0,0.0,1.0,False
2026-05-24 12:06:53.015397,Plac Centralny,50.072,20.0372,21,21,69,69,0,1.0,0.0,1.0,False
2026-05-24 12:06:53.015397,Aleja Pokoju / Centralna,50.0667,20.0028,20,50,97,38,59,0.4,60.0,1.0,False
2026-05-24 12:06:53.015397,Nowohucka / Klimeckiego,50.0503,19.9765,29,29,230,230,0,1.0,0.0,1.0,False
2026-05-24 12:06:53.015397,M1 / Aleja Pokoju,50.0661,20.0149,22,27,153,125,28,0.8148148148148148,18.52,0.87,False
2026-05-24 12:06:53.015397,Wielicka / Powstańców Wielkopolskich,50.0335,19.9621,31,48,139,90,49,0.6458333333333334,35.42,1.0,False
2026-05-24 12:06:53.015397,Estakada Obrońców Lwowa,50.0396,19.9627,31,48,139,90,49,0.6458333333333334,35.42,1.0,False
2026-05-24 12:06:53.015397,Bieżanowska / Wielicka,50.0207,19.982,24,24,113,113,0,1.0,0.0,1.0,False
2026-05-24 12:06:53.015397,Prokocim Szpital,50.0117,20.0005,46,46,60,60,0,1.0,0.0,1.0,False
2026-05-24 12:06:53.015397,Węzeł Łagiewniki,50.0136,19.9325,29,29,327,327,0,1.0,0.0,1.0,False
2026-05-24 12:06:53.015397,Węzeł Balice / A4,50.0878,19.7937,40,40,114,114,0,1.0,0.0,1.0,False
2026-05-24 12:06:53.015397,Węzeł Tyniec / A4,50.0196,19.8078,45,45,605,605,0,1.0,0.0,1.0,False
2026-05-24 12:06:53.015397,Węzeł Wielicka / A4,50.0034,20.0065,48,48,133,133,0,1.0,0.0,1.0,False
2026-05-24 14:09:52.433158,Rondo Mogilskie,50.0672,19.9595,34,34,16,16,0,1.0,0.0,1.0,False
2026-05-24 14:09:52.433158,Lubomirskiego,50.0676,19.9536,16,16,95,95,0,1.0,0.0,1.0,False
2026-05-24 14:09:52.433158,Aleja Powstania Warszawskiego,50.0647,19.9608,31,31,49,49,0,1.0,0.0,1.0,False
2026-05-24 14:09:52.433158,Grzegórzecka,50.0578,19.9564,29,29,47,47,0,1.0,0.0,1.0,False
2026-05-24 14:09:52.433158,Rondo Grzegórzeckie,50.0576,19.9609,21,30,71,50,21,0.7,30.0,1.0,False
2026-05-24 14:09:52.433158,Galeria Krakowska / Pawia,50.0669,19.9457,49,49,121,121,0,1.0,0.0,1.0,False
2026-05-24 14:09:52.433158,Dworzec Główny Tunel,50.0686,19.9477,35,39,139,124,15,0.8974358974358975,10.26,1.0,False
2026-05-24 14:09:52.433158,Aleje Trzech Wieszczów - AGH,50.0674,19.9209,8,21,221,84,137,0.38095238095238093,61.9,0.99,False
2026-05-24 14:09:52.433158,Plac Inwalidów,50.0671,19.9269,11,15,187,137,50,0.7333333333333333,26.67,0.923006,False
2026-05-24 14:09:52.433158,Nowy Kleparz,50.0731,19.9352,19,26,59,43,16,0.7307692307692307,26.92,0.99,False
2026-05-24 14:09:52.433158,Aleja Słowackiego / Łobzowska,50.0692,19.9302,20,27,365,270,95,0.7407407407407407,25.93,0.97065,False
2026-05-24 14:09:52.433158,Cracovia / Aleja Mickiewicza,50.0595,19.9235,17,33,442,228,214,0.5151515151515151,48.48,1.0,False
2026-05-24 14:09:52.433158,Rondo Grunwaldzkie,50.0492,19.9317,17,17,24,24,0,1.0,0.0,1.0,False
2026-05-24 14:09:52.433158,Most Dębnicki,50.053,19.9278,23,27,216,184,32,0.8518518518518519,14.81,0.967393,False
2026-05-24 14:09:52.433158,Rondo Matecznego,50.0364,19.9406,25,25,7,7,0,1.0,0.0,1.0,False
2026-05-24 14:09:52.433158,Kalwaryjska,50.0412,19.9443,25,25,115,115,0,1.0,0.0,1.0,False
2026-05-24 14:09:52.433158,Bonarka / Kamieńskiego,50.0298,19.9513,34,34,15,15,0,1.0,0.0,1.0,False
2026-05-24 14:09:52.433158,Zakopiańska / Brożka,50.0227,19.9349,40,40,71,71,0,1.0,0.0,1.0,False
2026-05-24 14:09:52.433158,Łagiewniki,50.0202,19.9378,60,60,203,203,0,1.0,0.0,1.0,False
2026-05-24 14:09:52.433158,Opolska Estakada,50.0857,19.9536,34,34,50,50,0,1.0,0.0,1.0,False
2026-05-24 14:09:52.433158,Rondo Polsadu,50.0879,19.9618,34,43,45,35,10,0.7906976744186046,20.93,1.0,False
2026-05-24 14:09:52.433158,Rondo Barei,50.0911,19.9742,38,38,40,40,0,1.0,0.0,1.0,False
2026-05-24 14:09:52.433158,Aleja 29 Listopada / Opolska,50.0861,19.952,45,57,353,279,74,0.7894736842105263,21.05,1.0,False
2026-05-24 14:09:52.433158,Aleja 29 Listopada / Dobrego Pasterza,50.0953,19.9746,41,41,92,92,0,1.0,0.0,1.0,False
2026-05-24 14:09:52.433158,Rondo Ofiar Katynia,50.0879,19.8976,45,57,353,279,74,0.7894736842105263,21.05,1.0,False
2026-05-24 14:09:52.433158,Bronowice SKA,50.0814,19.8994,50,109,1116,512,604,0.45871559633027525,54.13,1.0,False
2026-05-24 14:09:52.433158,Armii Krajowej / Zarzecze,50.0738,19.8985,25,25,137,137,0,1.0,0.0,1.0,False
2026-05-24 14:09:52.433158,Czarnowiejska / Armii Krajowej,50.069,19.9075,20,36,131,73,58,0.5555555555555556,44.44,1.0,False
2026-05-24 14:09:52.433158,Rondo Czyżyńskie,50.0729,20.0167,38,38,10,10,0,1.0,0.0,1.0,False
2026-05-24 14:09:52.433158,Plac Centralny,50.072,20.0372,15,21,97,69,28,0.7142857142857143,28.57,1.0,False
2026-05-24 14:09:52.433158,Aleja Pokoju / Centralna,50.0667,20.0028,24,49,80,39,41,0.4897959183673469,51.02,1.0,False
2026-05-24 14:09:52.433158,Nowohucka / Klimeckiego,50.0503,19.9765,29,29,230,230,0,1.0,0.0,1.0,False
2026-05-24 14:09:52.433158,M1 / Aleja Pokoju,50.0661,20.0149,28,28,120,120,0,1.0,0.0,1.0,False
2026-05-24 14:09:52.433158,Wielicka / Powstańców Wielkopolskich,50.0335,19.9621,35,49,123,88,35,0.7142857142857143,28.57,1.0,False
2026-05-24 14:09:52.433158,Estakada Obrońców Lwowa,50.0396,19.9627,35,49,123,88,35,0.7142857142857143,28.57,1.0,False
2026-05-24 14:09:52.433158,Bieżanowska / Wielicka,50.0207,19.982,24,24,113,113,0,1.0,0.0,1.0,False
2026-05-24 14:09:52.433158,Prokocim Szpital,50.0117,20.0005,31,46,89,60,29,0.6739130434782609,32.61,1.0,False
2026-05-24 14:09:52.433158,Węzeł Łagiewniki,50.0136,19.9325,29,29,327,327,0,1.0,0.0,1.0,False
2026-05-24 14:09:52.433158,Węzeł Balice / A4,50.0878,19.7937,40,40,114,114,0,1.0,0.0,1.0,False
2026-05-24 14:09:52.433158,Węzeł Tyniec / A4,50.0196,19.8078,45,45,605,605,0,1.0,0.0,1.0,False
2026-05-24 14:09:52.433158,Węzeł Wielicka / A4,50.0034,20.0065,48,48,133,133,0,1.0,0.0,1.0,False
2026-05-24 15:45:38.484417,Rondo Mogilskie,50.0672,19.9595,34,34,16,16,0,1.0,0.0,1.0,False
2026-05-24 15:45:38.484417,Lubomirskiego,50.0676,19.9536,16,16,95,95,0,1.0,0.0,1.0,False
2026-05-24 15:45:38.484417,Aleja Powstania Warszawskiego,50.0647,19.9608,31,31,49,49,0,1.0,0.0,1.0,False
2026-05-24 15:45:38.484417,Grzegórzecka,50.0578,19.9564,29,29,47,47,0,1.0,0.0,1.0,False
2026-05-24 15:45:38.484417,Rondo Grzegórzeckie,50.0576,19.9609,30,30,50,50,0,1.0,0.0,1.0,False
2026-05-24 15:45:38.484417,Galeria Krakowska / Pawia,50.0669,19.9457,49,49,121,121,0,1.0,0.0,1.0,False
2026-05-24 15:45:38.484417,Dworzec Główny Tunel,50.0686,19.9477,39,39,124,124,0,1.0,0.0,1.0,False
2026-05-24 15:45:38.484417,Aleje Trzech Wieszczów - AGH,50.0674,19.9209,21,21,84,84,0,1.0,0.0,1.0,False
2026-05-24 15:45:38.484417,Plac Inwalidów,50.0671,19.9269,16,16,128,128,0,1.0,0.0,1.0,False
2026-05-24 15:45:38.484417,Nowy Kleparz,50.0731,19.9352,26,26,43,43,0,1.0,0.0,1.0,False
2026-05-24 15:45:38.484417,Aleja Słowackiego / Łobzowska,50.0692,19.9302,20,27,365,270,95,0.7407407407407407,25.93,0.987845,False
2026-05-24 15:45:38.484417,Cracovia / Aleja Mickiewicza,50.0595,19.9235,23,33,327,228,99,0.696969696969697,30.3,1.0,False
2026-05-24 15:45:38.484417,Rondo Grunwaldzkie,50.0492,19.9317,17,17,24,24,0,1.0,0.0,1.0,False
2026-05-24 15:45:38.484417,Most Dębnicki,50.053,19.9278,23,27,216,184,32,0.8518518518518519,14.81,0.97706,False
2026-05-24 15:45:38.484417,Rondo Matecznego,50.0364,19.9406,9,24,20,7,13,0.375,62.5,1.0,False
2026-05-24 15:45:38.484417,Kalwaryjska,50.0412,19.9443,25,25,115,115,0,1.0,0.0,1.0,False
2026-05-24 15:45:38.484417,Bonarka / Kamieńskiego,50.0298,19.9513,34,34,15,15,0,1.0,0.0,1.0,False
2026-05-24 15:45:38.484417,Zakopiańska / Brożka,50.0227,19.9349,43,50,66,57,9,0.86,14.0,1.0,False
2026-05-24 15:45:38.484417,Łagiewniki,50.0202,19.9378,60,60,203,203,0,1.0,0.0,1.0,False
2026-05-24 15:45:38.484417,Opolska Estakada,50.0857,19.9536,34,34,50,50,0,1.0,0.0,1.0,False
2026-05-24 15:45:38.484417,Rondo Polsadu,50.0879,19.9618,43,43,35,35,0,1.0,0.0,1.0,False
2026-05-24 15:45:38.484417,Rondo Barei,50.0911,19.9742,38,38,40,40,0,1.0,0.0,1.0,False
2026-05-24 15:45:38.484417,Aleja 29 Listopada / Opolska,50.0861,19.952,47,57,338,279,59,0.8245614035087719,17.54,1.0,False
2026-05-24 15:45:38.484417,Aleja 29 Listopada / Dobrego Pasterza,50.0953,19.9746,41,41,92,92,0,1.0,0.0,1.0,False
2026-05-24 15:45:38.484417,Rondo Ofiar Katynia,50.0879,19.8976,47,57,338,279,59,0.8245614035087719,17.54,1.0,False
2026-05-24 15:45:38.484417,Bronowice SKA,50.0814,19.8994,65,111,858,502,356,0.5855855855855856,41.44,1.0,False
2026-05-24 15:45:38.484417,Armii Krajowej / Zarzecze,50.0738,19.8985,25,25,137,137,0,1.0,0.0,1.0,False
2026-05-24 15:45:38.484417,Czarnowiejska / Armii Krajowej,50.069,19.9075,27,36,97,73,24,0.75,25.0,1.0,False
2026-05-24 15:45:38.484417,Rondo Czyżyńskie,50.0729,20.0167,38,38,10,10,0,1.0,0.0,1.0,False
2026-05-24 15:45:38.484417,Plac Centralny,50.072,20.0372,17,21,85,69,16,0.8095238095238095,19.05,1.0,False
2026-05-24 15:45:38.484417,Aleja Pokoju / Centralna,50.0667,20.0028,26,49,74,39,35,0.5306122448979592,46.94,1.0,False
2026-05-24 15:45:38.484417,Nowohucka / Klimeckiego,50.0503,19.9765,29,29,230,230,0,1.0,0.0,1.0,False
2026-05-24 15:45:38.484417,M1 / Aleja Pokoju,50.0661,20.0149,28,28,120,120,0,1.0,0.0,1.0,False
2026-05-24 15:45:38.484417,Wielicka / Powstańców Wielkopolskich,50.0335,19.9621,33,48,131,90,41,0.6875,31.25,1.0,False
2026-05-24 15:45:38.484417,Estakada Obrońców Lwowa,50.0396,19.9627,33,48,131,90,41,0.6875,31.25,1.0,False
2026-05-24 15:45:38.484417,Bieżanowska / Wielicka,50.0207,19.982,24,24,113,113,0,1.0,0.0,1.0,False
2026-05-24 15:45:38.484417,Prokocim Szpital,50.0117,20.0005,46,46,60,60,0,1.0,0.0,1.0,False
2026-05-24 15:45:38.484417,Węzeł Łagiewniki,50.0136,19.9325,29,29,327,327,0,1.0,0.0,1.0,False
2026-05-24 15:45:38.484417,Węzeł Balice / A4,50.0878,19.7937,40,40,114,114,0,1.0,0.0,1.0,False
2026-05-24 15:45:38.484417,Węzeł Tyniec / A4,50.0196,19.8078,45,45,605,605,0,1.0,0.0,1.0,False
2026-05-24 15:45:38.484417,Węzeł Wielicka / A4,50.0034,20.0065,48,48,133,133,0,1.0,0.0,1.0,False
2026-05-24 17:13:00.625904,Rondo Mogilskie,50.0672,19.9595,34,34,16,16,0,1.0,0.0,1.0,False
2026-05-24 17:13:00.625904,Lubomirskiego,50.0676,19.9536,16,16,95,95,0,1.0,0.0,1.0,False
2026-05-24 17:13:00.625904,Aleja Powstania Warszawskiego,50.0647,19.9608,31,31,49,49,0,1.0,0.0,1.0,False
2026-05-24 17:13:00.625904,Grzegórzecka,50.0578,19.9564,29,29,47,47,0,1.0,0.0,1.0,False
2026-05-24 17:13:00.625904,Rondo Grzegórzeckie,50.0576,19.9609,21,30,71,50,21,0.7,30.0,1.0,False
2026-05-24 17:13:00.625904,Galeria Krakowska / Pawia,50.0669,19.9457,49,49,121,121,0,1.0,0.0,1.0,False
2026-05-24 17:13:00.625904,Dworzec Główny Tunel,50.0686,19.9477,36,42,135,115,20,0.8571428571428571,14.29,1.0,False
2026-05-24 17:13:00.625904,Aleje Trzech Wieszczów - AGH,50.0674,19.9209,21,21,84,84,0,1.0,0.0,1.0,False
2026-05-24 17:13:00.625904,Plac Inwalidów,50.0671,19.9269,16,16,128,128,0,1.0,0.0,1.0,False
2026-05-24 17:13:00.625904,Nowy Kleparz,50.0731,19.9352,20,26,56,43,13,0.7692307692307693,23.08,0.99,False
2026-05-24 17:13:00.625904,Aleja Słowackiego / Łobzowska,50.0692,19.9302,21,28,348,261,87,0.75,25.0,0.980394,False
2026-05-24 17:13:00.625904,Cracovia / Aleja Mickiewicza,50.0595,19.9235,21,33,358,228,130,0.6363636363636364,36.36,1.0,False
2026-05-24 17:13:00.625904,Rondo Grunwaldzkie,50.0492,19.9317,17,17,24,24,0,1.0,0.0,1.0,False
2026-05-24 17:13:00.625904,Most Dębnicki,50.053,19.9278,28,28,177,177,0,1.0,0.0,1.0,False
2026-05-24 17:13:00.625904,Rondo Matecznego,50.0364,19.9406,25,25,7,7,0,1.0,0.0,1.0,False
2026-05-24 17:13:00.625904,Kalwaryjska,50.0412,19.9443,25,25,115,115,0,1.0,0.0,1.0,False
2026-05-24 17:13:00.625904,Bonarka / Kamieńskiego,50.0298,19.9513,34,34,15,15,0,1.0,0.0,1.0,False
2026-05-24 17:13:00.625904,Zakopiańska / Brożka,50.0227,19.9349,40,40,71,71,0,1.0,0.0,1.0,False
2026-05-24 17:13:00.625904,Łagiewniki,50.0202,19.9378,60,60,203,203,0,1.0,0.0,1.0,False
2026-05-24 17:13:00.625904,Opolska Estakada,50.0857,19.9536,34,34,50,50,0,1.0,0.0,1.0,False
2026-05-24 17:13:00.625904,Rondo Polsadu,50.0879,19.9618,43,43,35,35,0,1.0,0.0,1.0,False
2026-05-24 17:13:00.625904,Rondo Barei,50.0911,19.9742,38,38,40,40,0,1.0,0.0,1.0,False
2026-05-24 17:13:00.625904,Aleja 29 Listopada / Opolska,50.0861,19.952,51,58,311,274,37,0.8793103448275862,12.07,1.0,False
2026-05-24 17:13:00.625904,Aleja 29 Listopada / Dobrego Pasterza,50.0953,19.9746,41,41,92,92,0,1.0,0.0,1.0,False
2026-05-24 17:13:00.625904,Rondo Ofiar Katynia,50.0879,19.8976,51,58,311,274,37,0.8793103448275862,12.07,1.0,False
2026-05-24 17:13:00.625904,Bronowice SKA,50.0814,19.8994,112,112,498,498,0,1.0,0.0,1.0,False
2026-05-24 17:13:00.625904,Armii Krajowej / Zarzecze,50.0738,19.8985,25,25,137,137,0,1.0,0.0,1.0,False
2026-05-24 17:13:00.625904,Czarnowiejska / Armii Krajowej,50.069,19.9075,25,35,105,75,30,0.7142857142857143,28.57,1.0,False
2026-05-24 17:13:00.625904,Rondo Czyżyńskie,50.0729,20.0167,38,38,10,10,0,1.0,0.0,1.0,False
2026-05-24 17:13:00.625904,Plac Centralny,50.072,20.0372,21,21,69,69,0,1.0,0.0,1.0,False
2026-05-24 17:13:00.625904,Aleja Pokoju / Centralna,50.0667,20.0028,27,48,71,40,31,0.5625,43.75,1.0,False
2026-05-24 17:13:00.625904,Nowohucka / Klimeckiego,50.0503,19.9765,29,29,230,230,0,1.0,0.0,1.0,False
2026-05-24 17:13:00.625904,M1 / Aleja Pokoju,50.0661,20.0149,28,28,120,120,0,1.0,0.0,1.0,False
2026-05-24 17:13:00.625904,Wielicka / Powstańców Wielkopolskich,50.0335,19.9621,32,49,135,88,47,0.6530612244897959,34.69,1.0,False
2026-05-24 17:13:00.625904,Estakada Obrońców Lwowa,50.0396,19.9627,32,49,135,88,47,0.6530612244897959,34.69,1.0,False
2026-05-24 17:13:00.625904,Bieżanowska / Wielicka,50.0207,19.982,24,24,113,113,0,1.0,0.0,1.0,False
2026-05-24 17:13:00.625904,Prokocim Szpital,50.0117,20.0005,46,46,60,60,0,1.0,0.0,1.0,False
2026-05-24 17:13:00.625904,Węzeł Łagiewniki,50.0136,19.9325,29,29,327,327,0,1.0,0.0,1.0,False
2026-05-24 17:13:00.625904,Węzeł Balice / A4,50.0878,19.7937,40,40,114,114,0,1.0,0.0,1.0,False
2026-05-24 17:13:00.625904,Węzeł Tyniec / A4,50.0196,19.8078,45,45,605,605,0,1.0,0.0,1.0,False
2026-05-24 17:13:00.625904,Węzeł Wielicka / A4,50.0034,20.0065,48,48,133,133,0,1.0,0.0,1.0,False
2026-05-24 18:42:12.999169,Rondo Mogilskie,50.0672,19.9595,34,34,16,16,0,1.0,0.0,1.0,False
2026-05-24 18:42:12.999169,Lubomirskiego,50.0676,19.9536,6,16,253,95,158,0.375,62.5,0.953839,False
2026-05-24 18:42:12.999169,Aleja Powstania Warszawskiego,50.0647,19.9608,31,31,49,49,0,1.0,0.0,1.0,False
2026-05-24 18:42:12.999169,Grzegórzecka,50.0578,19.9564,29,29,47,47,0,1.0,0.0,1.0,False
2026-05-24 18:42:12.999169,Rondo Grzegórzeckie,50.0576,19.9609,19,29,78,51,27,0.6551724137931034,34.48,1.0,False
2026-05-24 18:42:12.999169,Galeria Krakowska / Pawia,50.0669,19.9457,49,49,121,121,0,1.0,0.0,1.0,False
2026-05-24 18:42:12.999169,Dworzec Główny Tunel,50.0686,19.9477,30,42,162,115,47,0.7142857142857143,28.57,1.0,False
2026-05-24 18:42:12.999169,Aleje Trzech Wieszczów - AGH,50.0674,19.9209,21,21,84,84,0,1.0,0.0,1.0,False
2026-05-24 18:42:12.999169,Plac Inwalidów,50.0671,19.9269,16,16,128,128,0,1.0,0.0,1.0,False
2026-05-24 18:42:12.999169,Nowy Kleparz,50.0731,19.9352,16,25,70,45,25,0.64,36.0,0.99,False
2026-05-24 18:42:12.999169,Aleja Słowackiego / Łobzowska,50.0692,19.9302,27,27,270,270,0,1.0,0.0,1.0,False
2026-05-24 18:42:12.999169,Cracovia / Aleja Mickiewicza,50.0595,19.9235,34,34,221,221,0,1.0,0.0,1.0,False
2026-05-24 18:42:12.999169,Rondo Grunwaldzkie,50.0492,19.9317,17,17,24,24,0,1.0,0.0,1.0,False
2026-05-24 18:42:12.999169,Most Dębnicki,50.053,19.9278,28,28,177,177,0,1.0,0.0,1.0,False
2026-05-24 18:42:12.999169,Rondo Matecznego,50.0364,19.9406,25,25,7,7,0,1.0,0.0,1.0,False
2026-05-24 18:42:12.999169,Kalwaryjska,50.0412,19.9443,25,25,115,115,0,1.0,0.0,1.0,False
2026-05-24 18:42:12.999169,Bonarka / Kamieńskiego,50.0298,19.9513,34,34,15,15,0,1.0,0.0,1.0,False
2026-05-24 18:42:12.999169,Zakopiańska / Brożka,50.0227,19.9349,28,39,102,73,29,0.717948717948718,28.21,1.0,False
2026-05-24 18:42:12.999169,Łagiewniki,50.0202,19.9378,60,60,203,203,0,1.0,0.0,1.0,False
2026-05-24 18:42:12.999169,Opolska Estakada,50.0857,19.9536,34,34,50,50,0,1.0,0.0,1.0,False
2026-05-24 18:42:12.999169,Rondo Polsadu,50.0879,19.9618,43,43,35,35,0,1.0,0.0,1.0,False
2026-05-24 18:42:12.999169,Rondo Barei,50.0911,19.9742,38,38,40,40,0,1.0,0.0,1.0,False
2026-05-24 18:42:12.999169,Aleja 29 Listopada / Opolska,50.0861,19.952,56,56,284,284,0,1.0,0.0,1.0,False
2026-05-24 18:42:12.999169,Aleja 29 Listopada / Dobrego Pasterza,50.0953,19.9746,30,40,126,94,32,0.75,25.0,0.99,False
2026-05-24 18:42:12.999169,Rondo Ofiar Katynia,50.0879,19.8976,56,56,284,284,0,1.0,0.0,1.0,False
2026-05-24 18:42:12.999169,Bronowice SKA,50.0814,19.8994,112,112,498,498,0,1.0,0.0,1.0,False
2026-05-24 18:42:12.999169,Armii Krajowej / Zarzecze,50.0738,19.8985,25,25,137,137,0,1.0,0.0,1.0,False
2026-05-24 18:42:12.999169,Czarnowiejska / Armii Krajowej,50.069,19.9075,29,35,90,75,15,0.8285714285714286,17.14,1.0,False
2026-05-24 18:42:12.999169,Rondo Czyżyńskie,50.0729,20.0167,38,38,10,10,0,1.0,0.0,1.0,False
2026-05-24 18:42:12.999169,Plac Centralny,50.072,20.0372,21,21,69,69,0,1.0,0.0,1.0,False
2026-05-24 18:42:12.999169,Aleja Pokoju / Centralna,50.0667,20.0028,36,49,53,39,14,0.7346938775510204,26.53,1.0,False
2026-05-24 18:42:12.999169,Nowohucka / Klimeckiego,50.0503,19.9765,29,29,230,230,0,1.0,0.0,1.0,False
2026-05-24 18:42:12.999169,M1 / Aleja Pokoju,50.0661,20.0149,28,28,120,120,0,1.0,0.0,1.0,False
2026-05-24 18:42:12.999169,Wielicka / Powstańców Wielkopolskich,50.0335,19.9621,49,49,88,88,0,1.0,0.0,1.0,False
2026-05-24 18:42:12.999169,Estakada Obrońców Lwowa,50.0396,19.9627,49,49,88,88,0,1.0,0.0,1.0,False
2026-05-24 18:42:12.999169,Bieżanowska / Wielicka,50.0207,19.982,24,24,113,113,0,1.0,0.0,1.0,False
2026-05-24 18:42:12.999169,Prokocim Szpital,50.0117,20.0005,46,46,60,60,0,1.0,0.0,1.0,False
2026-05-24 18:42:12.999169,Węzeł Łagiewniki,50.0136,19.9325,25,29,380,327,53,0.8620689655172413,13.79,0.886611,False
2026-05-24 18:42:12.999169,Węzeł Balice / A4,50.0878,19.7937,40,40,114,114,0,1.0,0.0,1.0,False
2026-05-24 18:42:12.999169,Węzeł Tyniec / A4,50.0196,19.8078,45,45,605,605,0,1.0,0.0,1.0,False
2026-05-24 18:42:12.999169,Węzeł Wielicka / A4,50.0034,20.0065,48,48,133,133,0,1.0,0.0,1.0,False
2026-05-24 20:13:51.143555,Rondo Mogilskie,50.0672,19.9595,34,34,16,16,0,1.0,0.0,1.0,False
2026-05-24 20:13:51.143555,Lubomirskiego,50.0676,19.9536,16,16,95,95,0,1.0,0.0,1.0,False
2026-05-24 20:13:51.143555,Aleja Powstania Warszawskiego,50.0647,19.9608,31,31,49,49,0,1.0,0.0,1.0,False
2026-05-24 20:13:51.143555,Grzegórzecka,50.0578,19.9564,29,29,47,47,0,1.0,0.0,1.0,False
2026-05-24 20:13:51.143555,Rondo Grzegórzeckie,50.0576,19.9609,30,30,50,50,0,1.0,0.0,1.0,False
2026-05-24 20:13:51.143555,Galeria Krakowska / Pawia,50.0669,19.9457,49,49,121,121,0,1.0,0.0,1.0,False
2026-05-24 20:13:51.143555,Dworzec Główny Tunel,50.0686,19.9477,39,39,124,124,0,1.0,0.0,1.0,False
2026-05-24 20:13:51.143555,Aleje Trzech Wieszczów - AGH,50.0674,19.9209,21,21,84,84,0,1.0,0.0,1.0,False
2026-05-24 20:13:51.143555,Plac Inwalidów,50.0671,19.9269,16,16,128,128,0,1.0,0.0,1.0,False
2026-05-24 20:13:51.143555,Nowy Kleparz,50.0731,19.9352,20,25,56,45,11,0.8,20.0,0.97,False
2026-05-24 20:13:51.143555,Aleja Słowackiego / Łobzowska,50.0692,19.9302,27,27,270,270,0,1.0,0.0,1.0,False
2026-05-24 20:13:51.143555,Cracovia / Aleja Mickiewicza,50.0595,19.9235,34,34,221,221,0,1.0,0.0,1.0,False
2026-05-24 20:13:51.143555,Rondo Grunwaldzkie,50.0492,19.9317,11,17,37,24,13,0.6470588235294118,35.29,1.0,False
2026-05-24 20:13:51.143555,Most Dębnicki,50.053,19.9278,28,28,177,177,0,1.0,0.0,1.0,False
2026-05-24 20:13:51.143555,Rondo Matecznego,50.0364,19.9406,19,24,9,7,2,0.7916666666666666,20.83,1.0,False
2026-05-24 20:13:51.143555,Kalwaryjska,50.0412,19.9443,18,25,160,115,45,0.72,28.0,0.85,False
2026-05-24 20:13:51.143555,Bonarka / Kamieńskiego,50.0298,19.9513,27,33,19,16,3,0.8181818181818182,18.18,0.97,False
2026-05-24 20:13:51.143555,Zakopiańska / Brożka,50.0227,19.9349,40,40,71,71,0,1.0,0.0,1.0,False
2026-05-24 20:13:51.143555,Łagiewniki,50.0202,19.9378,60,60,203,203,0,1.0,0.0,1.0,False
2026-05-24 20:13:51.143555,Opolska Estakada,50.0857,19.9536,34,34,50,50,0,1.0,0.0,1.0,False
2026-05-24 20:13:51.143555,Rondo Polsadu,50.0879,19.9618,43,43,35,35,0,1.0,0.0,1.0,False
2026-05-24 20:13:51.143555,Rondo Barei,50.0911,19.9742,38,38,40,40,0,1.0,0.0,1.0,False
2026-05-24 20:13:51.143555,Aleja 29 Listopada / Opolska,50.0861,19.952,56,56,284,284,0,1.0,0.0,1.0,False
2026-05-24 20:13:51.143555,Aleja 29 Listopada / Dobrego Pasterza,50.0953,19.9746,41,41,92,92,0,1.0,0.0,1.0,False
2026-05-24 20:13:51.143555,Rondo Ofiar Katynia,50.0879,19.8976,56,56,284,284,0,1.0,0.0,1.0,False
2026-05-24 20:13:51.143555,Bronowice SKA,50.0814,19.8994,112,112,498,498,0,1.0,0.0,1.0,False
2026-05-24 20:13:51.143555,Armii Krajowej / Zarzecze,50.0738,19.8985,25,25,137,137,0,1.0,0.0,1.0,False
2026-05-24 20:13:51.143555,Czarnowiejska / Armii Krajowej,50.069,19.9075,28,36,94,73,21,0.7777777777777778,22.22,1.0,False
2026-05-24 20:13:51.143555,Rondo Czyżyńskie,50.0729,20.0167,30,38,13,10,3,0.7894736842105263,21.05,0.6,False
2026-05-24 20:13:51.143555,Plac Centralny,50.072,20.0372,17,21,85,69,16,0.8095238095238095,19.05,0.99,False
2026-05-24 20:13:51.143555,Aleja Pokoju / Centralna,50.0667,20.0028,49,49,39,39,0,1.0,0.0,1.0,False
2026-05-24 20:13:51.143555,Nowohucka / Klimeckiego,50.0503,19.9765,29,29,230,230,0,1.0,0.0,1.0,False
2026-05-24 20:13:51.143555,M1 / Aleja Pokoju,50.0661,20.0149,28,28,120,120,0,1.0,0.0,1.0,False
2026-05-24 20:13:51.143555,Wielicka / Powstańców Wielkopolskich,50.0335,19.9621,49,49,88,88,0,1.0,0.0,1.0,False
2026-05-24 20:13:51.143555,Estakada Obrońców Lwowa,50.0396,19.9627,49,49,88,88,0,1.0,0.0,1.0,False
2026-05-24 20:13:51.143555,Bieżanowska / Wielicka,50.0207,19.982,24,24,113,113,0,1.0,0.0,1.0,False
2026-05-24 20:13:51.143555,Prokocim Szpital,50.0117,20.0005,46,46,60,60,0,1.0,0.0,1.0,False
2026-05-24 20:13:51.143555,Węzeł Łagiewniki,50.0136,19.9325,29,29,327,327,0,1.0,0.0,1.0,False
2026-05-24 20:13:51.143555,Węzeł Balice / A4,50.0878,19.7937,40,40,114,114,0,1.0,0.0,1.0,False
2026-05-24 20:13:51.143555,Węzeł Tyniec / A4,50.0196,19.8078,45,45,605,605,0,1.0,0.0,1.0,False
2026-05-24 20:13:51.143555,Węzeł Wielicka / A4,50.0034,20.0065,48,48,133,133,0,1.0,0.0,1.0,False
2026-05-24 21:32:18.712960,Rondo Mogilskie,50.0672,19.9595,23,33,23,16,7,0.696969696969697,30.3,1,False
2026-05-24 21:32:18.712960,Lubomirskiego,50.0676,19.9536,16,16,95,95,0,1.0,0.0,1,False
2026-05-24 21:32:18.712960,Aleja Powstania Warszawskiego,50.0647,19.9608,31,31,49,49,0,1.0,0.0,1,False
2026-05-24 21:32:18.712960,Grzegórzecka,50.0578,19.9564,29,29,47,47,0,1.0,0.0,1,False
2026-05-24 21:32:18.712960,Rondo Grzegórzeckie,50.0576,19.9609,30,30,50,50,0,1.0,0.0,1,False
2026-05-24 21:32:18.712960,Galeria Krakowska / Pawia,50.0669,19.9457,49,49,121,121,0,1.0,0.0,1,False
2026-05-24 21:32:18.712960,Dworzec Główny Tunel,50.0686,19.9477,39,39,124,124,0,1.0,0.0,1,False
2026-05-24 21:32:18.712960,Aleje Trzech Wieszczów - AGH,50.0674,19.9209,21,21,84,84,0,1.0,0.0,1,False
2026-05-24 21:32:18.712960,Plac Inwalidów,50.0671,19.9269,16,16,128,128,0,1.0,0.0,1,False
2026-05-24 21:32:18.712960,Nowy Kleparz,50.0731,19.9352,26,26,43,43,0,1.0,0.0,1,False
2026-05-24 21:32:18.712960,Aleja Słowackiego / Łobzowska,50.0692,19.9302,27,27,270,270,0,1.0,0.0,1,False
2026-05-24 21:32:18.712960,Cracovia / Aleja Mickiewicza,50.0595,19.9235,29,33,259,228,31,0.8787878787878788,12.12,1,False
2026-05-24 21:32:18.712960,Rondo Grunwaldzkie,50.0492,19.9317,17,17,24,24,0,1.0,0.0,1,False
2026-05-24 21:32:18.712960,Most Dębnicki,50.053,19.9278,28,28,177,177,0,1.0,0.0,1,False
2026-05-24 21:32:18.712960,Rondo Matecznego,50.0364,19.9406,18,24,10,7,3,0.75,25.0,1,False
2026-05-24 21:32:18.712960,Kalwaryjska,50.0412,19.9443,25,25,115,115,0,1.0,0.0,1,False
2026-05-24 21:32:18.712960,Bonarka / Kamieńskiego,50.0298,19.9513,34,34,15,15,0,1.0,0.0,1,False
2026-05-24 21:32:18.712960,Zakopiańska / Brożka,50.0227,19.9349,31,40,92,71,21,0.775,22.5,1,False
2026-05-24 21:32:18.712960,Łagiewniki,50.0202,19.9378,60,60,203,203,0,1.0,0.0,1,False
2026-05-24 21:32:18.712960,Opolska Estakada,50.0857,19.9536,34,34,50,50,0,1.0,0.0,1,False
2026-05-24 21:32:18.712960,Rondo Polsadu,50.0879,19.9618,43,43,35,35,0,1.0,0.0,1,False
2026-05-24 21:32:18.712960,Rondo Barei,50.0911,19.9742,38,38,40,40,0,1.0,0.0,1,False
2026-05-24 21:32:18.712960,Aleja 29 Listopada / Opolska,50.0861,19.952,56,56,284,284,0,1.0,0.0,1,False
2026-05-24 21:32:18.712960,Aleja 29 Listopada / Dobrego Pasterza,50.0953,19.9746,41,41,92,92,0,1.0,0.0,1,False
2026-05-24 21:32:18.712960,Rondo Ofiar Katynia,50.0879,19.8976,56,56,284,284,0,1.0,0.0,1,False
2026-05-24 21:32:18.712960,Bronowice SKA,50.0814,19.8994,112,112,498,498,0,1.0,0.0,1,False
2026-05-24 21:32:18.712960,Armii Krajowej / Zarzecze,50.0738,19.8985,25,25,137,137,0,1.0,0.0,1,False
2026-05-24 21:32:18.712960,Czarnowiejska / Armii Krajowej,50.069,19.9075,36,36,73,73,0,1.0,0.0,1,False
2026-05-24 21:32:18.712960,Rondo Czyżyńskie,50.0729,20.0167,38,38,10,10,0,1.0,0.0,1,False
2026-05-24 21:32:18.712960,Plac Centralny,50.072,20.0372,21,21,69,69,0,1.0,0.0,1,False
2026-05-24 21:32:18.712960,Aleja Pokoju / Centralna,50.0667,20.0028,49,49,39,39,0,1.0,0.0,1,False
2026-05-24 21:32:18.712960,Nowohucka / Klimeckiego,50.0503,19.9765,29,29,230,230,0,1.0,0.0,1,False
2026-05-24 21:32:18.712960,M1 / Aleja Pokoju,50.0661,20.0149,28,28,120,120,0,1.0,0.0,1,False
2026-05-24 21:32:18.712960,Wielicka / Powstańców Wielkopolskich,50.0335,19.9621,49,49,88,88,0,1.0,0.0,1,False
2026-05-24 21:32:18.712960,Estakada Obrońców Lwowa,50.0396,19.9627,49,49,88,88,0,1.0,0.0,1,False
2026-05-24 21:32:18.712960,Bieżanowska / Wielicka,50.0207,19.982,24,24,113,113,0,1.0,0.0,1,False
2026-05-24 21:32:18.712960,Prokocim Szpital,50.0117,20.0005,34,45,81,61,20,0.7555555555555555,24.44,1,False
2026-05-24 21:32:18.712960,Węzeł Łagiewniki,50.0136,19.9325,29,29,327,327,0,1.0,0.0,1,False
2026-05-24 21:32:18.712960,Węzeł Balice / A4,50.0878,19.7937,40,40,114,114,0,1.0,0.0,1,False
2026-05-24 21:32:18.712960,Węzeł Tyniec / A4,50.0196,19.8078,45,45,605,605,0,1.0,0.0,1,False
2026-05-24 21:32:18.712960,Węzeł Wielicka / A4,50.0034,20.0065,48,48,133,133,0,1.0,0.0,1,False
2026-05-24 22:35:12.967447,Rondo Mogilskie,50.0672,19.9595,25,33,22,16,6,0.7575757575757576,24.24,1.0,False
2026-05-24 22:35:12.967447,Lubomirskiego,50.0676,19.9536,16,16,95,95,0,1.0,0.0,1.0,False
2026-05-24 22:35:12.967447,Aleja Powstania Warszawskiego,50.0647,19.9608,31,31,49,49,0,1.0,0.0,1.0,False
2026-05-24 22:35:12.967447,Grzegórzecka,50.0578,19.9564,29,29,47,47,0,1.0,0.0,1.0,False
2026-05-24 22:35:12.967447,Rondo Grzegórzeckie,50.0576,19.9609,30,30,50,50,0,1.0,0.0,1.0,False
2026-05-24 22:35:12.967447,Galeria Krakowska / Pawia,50.0669,19.9457,49,49,121,121,0,1.0,0.0,1.0,False
2026-05-24 22:35:12.967447,Dworzec Główny Tunel,50.0686,19.9477,39,39,124,124,0,1.0,0.0,1.0,False
2026-05-24 22:35:12.967447,Aleje Trzech Wieszczów - AGH,50.0674,19.9209,21,21,84,84,0,1.0,0.0,1.0,False
2026-05-24 22:35:12.967447,Plac Inwalidów,50.0671,19.9269,16,16,128,128,0,1.0,0.0,1.0,False
2026-05-24 22:35:12.967447,Nowy Kleparz,50.0731,19.9352,26,26,43,43,0,1.0,0.0,1.0,False
2026-05-24 22:35:12.967447,Aleja Słowackiego / Łobzowska,50.0692,19.9302,27,27,270,270,0,1.0,0.0,1.0,False
2026-05-24 22:35:12.967447,Cracovia / Aleja Mickiewicza,50.0595,19.9235,34,34,221,221,0,1.0,0.0,1.0,False
2026-05-24 22:35:12.967447,Rondo Grunwaldzkie,50.0492,19.9317,17,17,24,24,0,1.0,0.0,1.0,False
2026-05-24 22:35:12.967447,Most Dębnicki,50.053,19.9278,28,28,177,177,0,1.0,0.0,1.0,False
2026-05-24 22:35:12.967447,Rondo Matecznego,50.0364,19.9406,25,25,7,7,0,1.0,0.0,1.0,False
2026-05-24 22:35:12.967447,Kalwaryjska,50.0412,19.9443,25,25,115,115,0,1.0,0.0,1.0,False
2026-05-24 22:35:12.967447,Bonarka / Kamieńskiego,50.0298,19.9513,34,34,15,15,0,1.0,0.0,1.0,False
2026-05-24 22:35:12.967447,Zakopiańska / Brożka,50.0227,19.9349,40,40,71,71,0,1.0,0.0,1.0,False
2026-05-24 22:35:12.967447,Łagiewniki,50.0202,19.9378,60,60,203,203,0,1.0,0.0,1.0,False
2026-05-24 22:35:12.967447,Opolska Estakada,50.0857,19.9536,34,34,50,50,0,1.0,0.0,1.0,False
2026-05-24 22:35:12.967447,Rondo Polsadu,50.0879,19.9618,43,43,35,35,0,1.0,0.0,1.0,False
2026-05-24 22:35:12.967447,Rondo Barei,50.0911,19.9742,38,38,40,40,0,1.0,0.0,1.0,False
2026-05-24 22:35:12.967447,Aleja 29 Listopada / Opolska,50.0861,19.952,56,56,284,284,0,1.0,0.0,1.0,False
2026-05-24 22:35:12.967447,Aleja 29 Listopada / Dobrego Pasterza,50.0953,19.9746,41,41,92,92,0,1.0,0.0,1.0,False
2026-05-24 22:35:12.967447,Rondo Ofiar Katynia,50.0879,19.8976,56,56,284,284,0,1.0,0.0,1.0,False
2026-05-24 22:35:12.967447,Bronowice SKA,50.0814,19.8994,112,112,498,498,0,1.0,0.0,1.0,False
2026-05-24 22:35:12.967447,Armii Krajowej / Zarzecze,50.0738,19.8985,25,25,137,137,0,1.0,0.0,1.0,False
2026-05-24 22:35:12.967447,Czarnowiejska / Armii Krajowej,50.069,19.9075,36,36,73,73,0,1.0,0.0,1.0,False
2026-05-24 22:35:12.967447,Rondo Czyżyńskie,50.0729,20.0167,38,38,10,10,0,1.0,0.0,1.0,False
2026-05-24 22:35:12.967447,Plac Centralny,50.072,20.0372,21,21,69,69,0,1.0,0.0,1.0,False
2026-05-24 22:35:12.967447,Aleja Pokoju / Centralna,50.0667,20.0028,49,49,39,39,0,1.0,0.0,1.0,False
2026-05-24 22:35:12.967447,Nowohucka / Klimeckiego,50.0503,19.9765,29,29,230,230,0,1.0,0.0,1.0,False
2026-05-24 22:35:12.967447,M1 / Aleja Pokoju,50.0661,20.0149,28,28,120,120,0,1.0,0.0,1.0,False
2026-05-24 22:35:12.967447,Wielicka / Powstańców Wielkopolskich,50.0335,19.9621,49,49,88,88,0,1.0,0.0,1.0,False
2026-05-24 22:35:12.967447,Estakada Obrońców Lwowa,50.0396,19.9627,49,49,88,88,0,1.0,0.0,1.0,False
2026-05-24 22:35:12.967447,Bieżanowska / Wielicka,50.0207,19.982,19,24,143,113,30,0.7916666666666666,20.83,0.679138,False
2026-05-24 22:35:12.967447,Prokocim Szpital,50.0117,20.0005,46,46,60,60,0,1.0,0.0,1.0,False
2026-05-24 22:35:12.967447,Węzeł Łagiewniki,50.0136,19.9325,29,29,327,327,0,1.0,0.0,1.0,False
2026-05-24 22:35:12.967447,Węzeł Balice / A4,50.0878,19.7937,40,40,114,114,0,1.0,0.0,1.0,False
2026-05-24 22:35:12.967447,Węzeł Tyniec / A4,50.0196,19.8078,45,45,605,605,0,1.0,0.0,1.0,False
2026-05-24 22:35:12.967447,Węzeł Wielicka / A4,50.0034,20.0065,48,48,133,133,0,1.0,0.0,1.0,False
2026-05-24 23:39:43.766115,Rondo Mogilskie,50.0672,19.9595,34,34,16,16,0,1.0,0,1,False
2026-05-24 23:39:43.766115,Lubomirskiego,50.0676,19.9536,16,16,95,95,0,1.0,0,1,False
2026-05-24 23:39:43.766115,Aleja Powstania Warszawskiego,50.0647,19.9608,31,31,49,49,0,1.0,0,1,False
2026-05-24 23:39:43.766115,Grzegórzecka,50.0578,19.9564,29,29,47,47,0,1.0,0,1,False
2026-05-24 23:39:43.766115,Rondo Grzegórzeckie,50.0576,19.9609,30,30,50,50,0,1.0,0,1,False
2026-05-24 23:39:43.766115,Galeria Krakowska / Pawia,50.0669,19.9457,49,49,121,121,0,1.0,0,1,False
2026-05-24 23:39:43.766115,Dworzec Główny Tunel,50.0686,19.9477,39,39,124,124,0,1.0,0,1,False
2026-05-24 23:39:43.766115,Aleje Trzech Wieszczów - AGH,50.0674,19.9209,21,21,84,84,0,1.0,0,1,False
2026-05-24 23:39:43.766115,Plac Inwalidów,50.0671,19.9269,16,16,128,128,0,1.0,0,1,False
2026-05-24 23:39:43.766115,Nowy Kleparz,50.0731,19.9352,26,26,43,43,0,1.0,0,1,False
2026-05-24 23:39:43.766115,Aleja Słowackiego / Łobzowska,50.0692,19.9302,27,27,270,270,0,1.0,0,1,False
2026-05-24 23:39:43.766115,Cracovia / Aleja Mickiewicza,50.0595,19.9235,34,34,221,221,0,1.0,0,1,False
2026-05-24 23:39:43.766115,Rondo Grunwaldzkie,50.0492,19.9317,17,17,24,24,0,1.0,0,1,False
2026-05-24 23:39:43.766115,Most Dębnicki,50.053,19.9278,28,28,177,177,0,1.0,0,1,False
2026-05-24 23:39:43.766115,Rondo Matecznego,50.0364,19.9406,25,25,7,7,0,1.0,0,1,False
2026-05-24 23:39:43.766115,Kalwaryjska,50.0412,19.9443,25,25,115,115,0,1.0,0,1,False
2026-05-24 23:39:43.766115,Bonarka / Kamieńskiego,50.0298,19.9513,34,34,15,15,0,1.0,0,1,False
2026-05-24 23:39:43.766115,Zakopiańska / Brożka,50.0227,19.9349,40,40,71,71,0,1.0,0,1,False
2026-05-24 23:39:43.766115,Łagiewniki,50.0202,19.9378,60,60,203,203,0,1.0,0,1,False
2026-05-24 23:39:43.766115,Opolska Estakada,50.0857,19.9536,34,34,50,50,0,1.0,0,1,False
2026-05-24 23:39:43.766115,Rondo Polsadu,50.0879,19.9618,43,43,35,35,0,1.0,0,1,False
2026-05-24 23:39:43.766115,Rondo Barei,50.0911,19.9742,38,38,40,40,0,1.0,0,1,False
2026-05-24 23:39:43.766115,Aleja 29 Listopada / Opolska,50.0861,19.952,56,56,284,284,0,1.0,0,1,False
2026-05-24 23:39:43.766115,Aleja 29 Listopada / Dobrego Pasterza,50.0953,19.9746,41,41,92,92,0,1.0,0,1,False
2026-05-24 23:39:43.766115,Rondo Ofiar Katynia,50.0879,19.8976,56,56,284,284,0,1.0,0,1,False
2026-05-24 23:39:43.766115,Bronowice SKA,50.0814,19.8994,112,112,498,498,0,1.0,0,1,False
2026-05-24 23:39:43.766115,Armii Krajowej / Zarzecze,50.0738,19.8985,25,25,137,137,0,1.0,0,1,False
2026-05-24 23:39:43.766115,Czarnowiejska / Armii Krajowej,50.069,19.9075,36,36,73,73,0,1.0,0,1,False
2026-05-24 23:39:43.766115,Rondo Czyżyńskie,50.0729,20.0167,38,38,10,10,0,1.0,0,1,False
2026-05-24 23:39:43.766115,Plac Centralny,50.072,20.0372,21,21,69,69,0,1.0,0,1,False
2026-05-24 23:39:43.766115,Aleja Pokoju / Centralna,50.0667,20.0028,49,49,39,39,0,1.0,0,1,False
2026-05-24 23:39:43.766115,Nowohucka / Klimeckiego,50.0503,19.9765,29,29,230,230,0,1.0,0,1,False
2026-05-24 23:39:43.766115,M1 / Aleja Pokoju,50.0661,20.0149,28,28,120,120,0,1.0,0,1,False
2026-05-24 23:39:43.766115,Wielicka / Powstańców Wielkopolskich,50.0335,19.9621,49,49,88,88,0,1.0,0,1,False
2026-05-24 23:39:43.766115,Estakada Obrońców Lwowa,50.0396,19.9627,49,49,88,88,0,1.0,0,1,False
2026-05-24 23:39:43.766115,Bieżanowska / Wielicka,50.0207,19.982,24,24,113,113,0,1.0,0,1,False
2026-05-24 23:39:43.766115,Prokocim Szpital,50.0117,20.0005,46,46,60,60,0,1.0,0,1,False
2026-05-24 23:39:43.766115,Węzeł Łagiewniki,50.0136,19.9325,29,29,327,327,0,1.0,0,1,False
2026-05-24 23:39:43.766115,Węzeł Balice / A4,50.0878,19.7937,40,40,114,114,0,1.0,0,1,False
2026-05-24 23:39:43.766115,Węzeł Tyniec / A4,50.0196,19.8078,45,45,605,605,0,1.0,0,1,False
2026-05-24 23:39:43.766115,Węzeł Wielicka / A4,50.0034,20.0065,48,48,133,133,0,1.0,0,1,False
2026-05-25 04:45:03.967004,Rondo Mogilskie,50.0672,19.9595,34,34,16,16,0,1.0,0.0,1.0,False
2026-05-25 04:45:03.967004,Lubomirskiego,50.0676,19.9536,16,16,95,95,0,1.0,0.0,1.0,False
2026-05-25 04:45:03.967004,Aleja Powstania Warszawskiego,50.0647,19.9608,23,31,66,49,17,0.7419354838709677,25.81,0.96,False
2026-05-25 04:45:03.967004,Grzegórzecka,50.0578,19.9564,23,29,59,47,12,0.7931034482758621,20.69,1.0,False
2026-05-25 04:45:03.967004,Rondo Grzegórzeckie,50.0576,19.9609,30,30,50,50,0,1.0,0.0,1.0,False
2026-05-25 04:45:03.967004,Galeria Krakowska / Pawia,50.0669,19.9457,49,49,121,121,0,1.0,0.0,1.0,False
2026-05-25 04:45:03.967004,Dworzec Główny Tunel,50.0686,19.9477,33,48,147,101,46,0.6875,31.25,1.0,False
2026-05-25 04:45:03.967004,Aleje Trzech Wieszczów - AGH,50.0674,19.9209,15,20,118,88,30,0.75,25.0,0.85,False
2026-05-25 04:45:03.967004,Plac Inwalidów,50.0671,19.9269,16,16,128,128,0,1.0,0.0,1.0,False
2026-05-25 04:45:03.967004,Nowy Kleparz,50.0731,19.9352,26,26,43,43,0,1.0,0.0,1.0,False
2026-05-25 04:45:03.967004,Aleja Słowackiego / Łobzowska,50.0692,19.9302,22,28,332,261,71,0.7857142857142857,21.43,0.912993,False
2026-05-25 04:45:03.967004,Cracovia / Aleja Mickiewicza,50.0595,19.9235,34,34,221,221,0,1.0,0.0,1.0,False
2026-05-25 04:45:03.967004,Rondo Grunwaldzkie,50.0492,19.9317,17,17,24,24,0,1.0,0.0,1.0,False
2026-05-25 04:45:03.967004,Most Dębnicki,50.053,19.9278,28,28,177,177,0,1.0,0.0,1.0,False
2026-05-25 04:45:03.967004,Rondo Matecznego,50.0364,19.9406,19,24,9,7,2,0.7916666666666666,20.83,1.0,False
2026-05-25 04:45:03.967004,Kalwaryjska,50.0412,19.9443,25,25,115,115,0,1.0,0.0,1.0,False
2026-05-25 04:45:03.967004,Bonarka / Kamieńskiego,50.0298,19.9513,34,34,15,15,0,1.0,0.0,1.0,False
2026-05-25 04:45:03.967004,Zakopiańska / Brożka,50.0227,19.9349,36,49,79,58,21,0.7346938775510204,26.53,1.0,False
2026-05-25 04:45:03.967004,Łagiewniki,50.0202,19.9378,59,60,207,203,4,0.9833333333333333,1.67,1.0,False
2026-05-25 04:45:03.967004,Opolska Estakada,50.0857,19.9536,34,34,50,50,0,1.0,0.0,1.0,False
2026-05-25 04:45:03.967004,Rondo Polsadu,50.0879,19.9618,43,43,35,35,0,1.0,0.0,1.0,False
2026-05-25 04:45:03.967004,Rondo Barei,50.0911,19.9742,38,38,40,40,0,1.0,0.0,1.0,False
2026-05-25 04:45:03.967004,Aleja 29 Listopada / Opolska,50.0861,19.952,51,58,311,274,37,0.8793103448275862,12.07,1.0,False
2026-05-25 04:45:03.967004,Aleja 29 Listopada / Dobrego Pasterza,50.0953,19.9746,41,41,92,92,0,1.0,0.0,1.0,False
2026-05-25 04:45:03.967004,Rondo Ofiar Katynia,50.0879,19.8976,51,58,311,274,37,0.8793103448275862,12.07,1.0,False
2026-05-25 04:45:03.967004,Bronowice SKA,50.0814,19.8994,66,111,845,502,343,0.5945945945945946,40.54,1.0,False
2026-05-25 04:45:03.967004,Armii Krajowej / Zarzecze,50.0738,19.8985,25,25,137,137,0,1.0,0.0,1.0,False
2026-05-25 04:45:03.967004,Czarnowiejska / Armii Krajowej,50.069,19.9075,29,36,90,73,17,0.8055555555555556,19.44,1.0,False
2026-05-25 04:45:03.967004,Rondo Czyżyńskie,50.0729,20.0167,38,38,10,10,0,1.0,0.0,1.0,False
2026-05-25 04:45:03.967004,Plac Centralny,50.072,20.0372,21,21,69,69,0,1.0,0.0,1.0,False
2026-05-25 04:45:03.967004,Aleja Pokoju / Centralna,50.0667,20.0028,37,48,52,40,12,0.7708333333333334,22.92,1.0,False
2026-05-25 04:45:03.967004,Nowohucka / Klimeckiego,50.0503,19.9765,29,29,230,230,0,1.0,0.0,1.0,False
2026-05-25 04:45:03.967004,M1 / Aleja Pokoju,50.0661,20.0149,28,28,120,120,0,1.0,0.0,1.0,False
2026-05-25 04:45:03.967004,Wielicka / Powstańców Wielkopolskich,50.0335,19.9621,40,48,108,90,18,0.8333333333333334,16.67,1.0,False
2026-05-25 04:45:03.967004,Estakada Obrońców Lwowa,50.0396,19.9627,40,48,108,90,18,0.8333333333333334,16.67,1.0,False
2026-05-25 04:45:03.967004,Bieżanowska / Wielicka,50.0207,19.982,24,24,113,113,0,1.0,0.0,1.0,False
2026-05-25 04:45:03.967004,Prokocim Szpital,50.0117,20.0005,32,45,86,61,25,0.7111111111111111,28.89,1.0,False
2026-05-25 04:45:03.967004,Węzeł Łagiewniki,50.0136,19.9325,29,29,327,327,0,1.0,0.0,1.0,False
2026-05-25 04:45:03.967004,Węzeł Balice / A4,50.0878,19.7937,40,40,114,114,0,1.0,0.0,1.0,False
2026-05-25 04:45:03.967004,Węzeł Tyniec / A4,50.0196,19.8078,45,45,605,605,0,1.0,0.0,1.0,False
2026-05-25 04:45:03.967004,Węzeł Wielicka / A4,50.0034,20.0065,48,48,133,133,0,1.0,0.0,1.0,False
2026-05-25 12:42:02.427281,Rondo Mogilskie,50.0672,19.9595,25,34,22,16,6,0.7352941176470589,26.47,1.0,False
2026-05-25 12:42:02.427281,Lubomirskiego,50.0676,19.9536,16,16,95,95,0,1.0,0.0,1.0,False
2026-05-25 12:42:02.427281,Aleja Powstania Warszawskiego,50.0647,19.9608,22,31,69,49,20,0.7096774193548387,29.03,0.97,False
2026-05-25 12:42:02.427281,Grzegórzecka,50.0578,19.9564,18,28,75,48,27,0.6428571428571429,35.71,1.0,False
2026-05-25 12:42:02.427281,Rondo Grzegórzeckie,50.0576,19.9609,22,29,68,51,17,0.7586206896551724,24.14,1.0,False
2026-05-25 12:42:02.427281,Galeria Krakowska / Pawia,50.0669,19.9457,38,50,156,118,38,0.76,24.0,1.0,False
2026-05-25 12:42:02.427281,Dworzec Główny Tunel,50.0686,19.9477,25,39,194,124,70,0.6410256410256411,35.9,1.0,False
2026-05-25 12:42:02.427281,Aleje Trzech Wieszczów - AGH,50.0674,19.9209,17,21,104,84,20,0.8095238095238095,19.05,0.92,False
2026-05-25 12:42:02.427281,Plac Inwalidów,50.0671,19.9269,16,16,128,128,0,1.0,0.0,1.0,False
2026-05-25 12:42:02.427281,Nowy Kleparz,50.0731,19.9352,12,26,94,43,51,0.46153846153846156,53.85,0.99,False
2026-05-25 12:42:02.427281,Aleja Słowackiego / Łobzowska,50.0692,19.9302,20,28,365,261,104,0.7142857142857143,28.57,0.98782,False
2026-05-25 12:42:02.427281,Cracovia / Aleja Mickiewicza,50.0595,19.9235,34,34,221,221,0,1.0,0.0,1.0,False
2026-05-25 12:42:02.427281,Rondo Grunwaldzkie,50.0492,19.9317,12,16,34,25,9,0.75,25.0,1.0,False
2026-05-25 12:42:02.427281,Most Dębnicki,50.053,19.9278,21,26,236,191,45,0.8076923076923077,19.23,0.982747,False
2026-05-25 12:42:02.427281,Rondo Matecznego,50.0364,19.9406,25,25,7,7,0,1.0,0.0,1.0,False
2026-05-25 12:42:02.427281,Kalwaryjska,50.0412,19.9443,25,25,115,115,0,1.0,0.0,1.0,False
2026-05-25 12:42:02.427281,Bonarka / Kamieńskiego,50.0298,19.9513,34,34,15,15,0,1.0,0.0,1.0,False
2026-05-25 12:42:02.427281,Zakopiańska / Brożka,50.0227,19.9349,19,40,150,71,79,0.475,52.5,1.0,False
2026-05-25 12:42:02.427281,Łagiewniki,50.0202,19.9378,62,63,197,194,3,0.9841269841269841,1.59,1.0,False
2026-05-25 12:42:02.427281,Opolska Estakada,50.0857,19.9536,34,34,50,50,0,1.0,0.0,1.0,False
2026-05-25 12:42:02.427281,Rondo Polsadu,50.0879,19.9618,30,42,51,36,15,0.7142857142857143,28.57,1.0,False
2026-05-25 12:42:02.427281,Rondo Barei,50.0911,19.9742,29,38,53,40,13,0.7631578947368421,23.68,1.0,False
2026-05-25 12:42:02.427281,Aleja 29 Listopada / Opolska,50.0861,19.952,43,58,369,274,95,0.7413793103448276,25.86,1.0,False
2026-05-25 12:42:02.427281,Aleja 29 Listopada / Dobrego Pasterza,50.0953,19.9746,41,41,92,92,0,1.0,0.0,1.0,False
2026-05-25 12:42:02.427281,Rondo Ofiar Katynia,50.0879,19.8976,43,58,369,274,95,0.7413793103448276,25.86,1.0,False
2026-05-25 12:42:02.427281,Bronowice SKA,50.0814,19.8994,64,112,872,498,374,0.5714285714285714,42.86,1.0,False
2026-05-25 12:42:02.427281,Armii Krajowej / Zarzecze,50.0738,19.8985,15,25,228,137,91,0.6,40.0,0.96,False
2026-05-25 12:42:02.427281,Czarnowiejska / Armii Krajowej,50.069,19.9075,25,35,105,75,30,0.7142857142857143,28.57,1.0,False
2026-05-25 12:42:02.427281,Rondo Czyżyńskie,50.0729,20.0167,38,38,10,10,0,1.0,0.0,1.0,False
2026-05-25 12:42:02.427281,Plac Centralny,50.072,20.0372,13,20,112,72,40,0.65,35.0,1.0,False
2026-05-25 12:42:02.427281,Aleja Pokoju / Centralna,50.0667,20.0028,35,49,55,39,16,0.7142857142857143,28.57,1.0,False
2026-05-25 12:42:02.427281,Nowohucka / Klimeckiego,50.0503,19.9765,23,29,291,230,61,0.7931034482758621,20.69,0.96528,False
2026-05-25 12:42:02.427281,M1 / Aleja Pokoju,50.0661,20.0149,28,28,120,120,0,1.0,0.0,1.0,False
2026-05-25 12:42:02.427281,Wielicka / Powstańców Wielkopolskich,50.0335,19.9621,33,49,131,88,43,0.673469387755102,32.65,1.0,False
2026-05-25 12:42:02.427281,Estakada Obrońców Lwowa,50.0396,19.9627,33,49,131,88,43,0.673469387755102,32.65,1.0,False
2026-05-25 12:42:02.427281,Bieżanowska / Wielicka,50.0207,19.982,24,24,113,113,0,1.0,0.0,1.0,False
2026-05-25 12:42:02.427281,Prokocim Szpital,50.0117,20.0005,26,46,106,60,46,0.5652173913043478,43.48,1.0,False
2026-05-25 12:42:02.427281,Węzeł Łagiewniki,50.0136,19.9325,29,29,327,327,0,1.0,0.0,1.0,False
2026-05-25 12:42:02.427281,Węzeł Balice / A4,50.0878,19.7937,40,40,114,114,0,1.0,0.0,1.0,False
2026-05-25 12:42:02.427281,Węzeł Tyniec / A4,50.0196,19.8078,45,45,605,605,0,1.0,0.0,1.0,False
2026-05-25 12:42:02.427281,Węzeł Wielicka / A4,50.0034,20.0065,40,46,159,139,20,0.8695652173913043,13.04,0.998858,False
2026-05-25 15:56:07.149849,Rondo Mogilskie,50.0672,19.9595,26,34,21,16,5,0.7647058823529411,23.53,1.0,False
2026-05-25 15:56:07.149849,Lubomirskiego,50.0676,19.9536,16,16,95,95,0,1.0,0.0,1.0,False
2026-05-25 15:56:07.149849,Aleja Powstania Warszawskiego,50.0647,19.9608,31,31,49,49,0,1.0,0.0,1.0,False
2026-05-25 15:56:07.149849,Grzegórzecka,50.0578,19.9564,23,28,59,48,11,0.8214285714285714,17.86,1.0,False
2026-05-25 15:56:07.149849,Rondo Grzegórzeckie,50.0576,19.9609,21,29,71,51,20,0.7241379310344828,27.59,1.0,False
2026-05-25 15:56:07.149849,Galeria Krakowska / Pawia,50.0669,19.9457,49,49,121,121,0,1.0,0.0,1.0,False
2026-05-25 15:56:07.149849,Dworzec Główny Tunel,50.0686,19.9477,33,42,147,115,32,0.7857142857142857,21.43,1.0,False
2026-05-25 15:56:07.149849,Aleje Trzech Wieszczów - AGH,50.0674,19.9209,21,21,84,84,0,1.0,0.0,1.0,False
2026-05-25 15:56:07.149849,Plac Inwalidów,50.0671,19.9269,13,16,158,128,30,0.8125,18.75,0.88673,False
2026-05-25 15:56:07.149849,Nowy Kleparz,50.0731,19.9352,20,26,56,43,13,0.7692307692307693,23.08,0.99,False
2026-05-25 15:56:07.149849,Aleja Słowackiego / Łobzowska,50.0692,19.9302,22,27,332,270,62,0.8148148148148148,18.52,0.987617,False
2026-05-25 15:56:07.149849,Cracovia / Aleja Mickiewicza,50.0595,19.9235,26,34,289,221,68,0.7647058823529411,23.53,1.0,False
2026-05-25 15:56:07.149849,Rondo Grunwaldzkie,50.0492,19.9317,10,17,41,24,17,0.5882352941176471,41.18,1.0,False
2026-05-25 15:56:07.149849,Most Dębnicki,50.053,19.9278,23,27,216,184,32,0.8518518518518519,14.81,0.9724,False
2026-05-25 15:56:07.149849,Rondo Matecznego,50.0364,19.9406,13,25,14,7,7,0.52,48.0,1.0,False
2026-05-25 15:56:07.149849,Kalwaryjska,50.0412,19.9443,19,25,151,115,36,0.76,24.0,0.97,False
2026-05-25 15:56:07.149849,Bonarka / Kamieńskiego,50.0298,19.9513,34,34,15,15,0,1.0,0.0,1.0,False
2026-05-25 15:56:07.149849,Zakopiańska / Brożka,50.0227,19.9349,27,39,106,73,33,0.6923076923076923,30.77,1.0,False
2026-05-25 15:56:07.149849,Łagiewniki,50.0202,19.9378,57,60,214,203,11,0.95,5.0,1.0,False
2026-05-25 15:56:07.149849,Opolska Estakada,50.0857,19.9536,34,34,50,50,0,1.0,0.0,1.0,False
2026-05-25 15:56:07.149849,Rondo Polsadu,50.0879,19.9618,43,43,35,35,0,1.0,0.0,1.0,False
2026-05-25 15:56:07.149849,Rondo Barei,50.0911,19.9742,27,38,57,40,17,0.7105263157894737,28.95,1.0,False
2026-05-25 15:56:07.149849,Aleja 29 Listopada / Opolska,50.0861,19.952,44,58,361,274,87,0.7586206896551724,24.14,1.0,False
2026-05-25 15:56:07.149849,Aleja 29 Listopada / Dobrego Pasterza,50.0953,19.9746,41,41,92,92,0,1.0,0.0,1.0,False
2026-05-25 15:56:07.149849,Rondo Ofiar Katynia,50.0879,19.8976,44,58,361,274,87,0.7586206896551724,24.14,1.0,False
2026-05-25 15:56:07.149849,Bronowice SKA,50.0814,19.8994,61,111,914,502,412,0.5495495495495496,45.05,1.0,False
2026-05-25 15:56:07.149849,Armii Krajowej / Zarzecze,50.0738,19.8985,25,25,137,137,0,1.0,0.0,1.0,False
2026-05-25 15:56:07.149849,Czarnowiejska / Armii Krajowej,50.069,19.9075,29,35,90,75,15,0.8285714285714286,17.14,1.0,False
2026-05-25 15:56:07.149849,Rondo Czyżyńskie,50.0729,20.0167,38,38,10,10,0,1.0,0.0,1.0,False
2026-05-25 15:56:07.149849,Plac Centralny,50.072,20.0372,17,21,85,69,16,0.8095238095238095,19.05,1.0,False
2026-05-25 15:56:07.149849,Aleja Pokoju / Centralna,50.0667,20.0028,23,49,84,39,45,0.46938775510204084,53.06,1.0,False
2026-05-25 15:56:07.149849,Nowohucka / Klimeckiego,50.0503,19.9765,29,29,230,230,0,1.0,0.0,1.0,False
2026-05-25 15:56:07.149849,M1 / Aleja Pokoju,50.0661,20.0149,28,28,120,120,0,1.0,0.0,1.0,False
2026-05-25 15:56:07.149849,Wielicka / Powstańców Wielkopolskich,50.0335,19.9621,32,49,135,88,47,0.6530612244897959,34.69,1.0,False
2026-05-25 15:56:07.149849,Estakada Obrońców Lwowa,50.0396,19.9627,32,49,135,88,47,0.6530612244897959,34.69,1.0,False
2026-05-25 15:56:07.149849,Bieżanowska / Wielicka,50.0207,19.982,24,24,113,113,0,1.0,0.0,1.0,False
2026-05-25 15:56:07.149849,Prokocim Szpital,50.0117,20.0005,29,46,95,60,35,0.6304347826086957,36.96,1.0,False
2026-05-25 15:56:07.149849,Węzeł Łagiewniki,50.0136,19.9325,25,29,380,327,53,0.8620689655172413,13.79,0.967572,False
2026-05-25 15:56:07.149849,Węzeł Balice / A4,50.0878,19.7937,40,40,114,114,0,1.0,0.0,1.0,False
2026-05-25 15:56:07.149849,Węzeł Tyniec / A4,50.0196,19.8078,45,45,605,605,0,1.0,0.0,1.0,False
2026-05-25 15:56:07.149849,Węzeł Wielicka / A4,50.0034,20.0065,48,48,133,133,0,1.0,0.0,1.0,False
2026-05-25 17:50:29.054999,Rondo Mogilskie,50.0672,19.9595,34,34,16,16,0,1.0,0.0,1.0,False
2026-05-25 17:50:29.054999,Lubomirskiego,50.0676,19.9536,16,16,95,95,0,1.0,0.0,1.0,False
2026-05-25 17:50:29.054999,Aleja Powstania Warszawskiego,50.0647,19.9608,31,31,49,49,0,1.0,0.0,1.0,False
2026-05-25 17:50:29.054999,Grzegórzecka,50.0578,19.9564,22,28,62,48,14,0.7857142857142857,21.43,1.0,False
2026-05-25 17:50:29.054999,Rondo Grzegórzeckie,50.0576,19.9609,18,30,83,50,33,0.6,40.0,1.0,False
2026-05-25 17:50:29.054999,Galeria Krakowska / Pawia,50.0669,19.9457,49,49,121,121,0,1.0,0.0,1.0,False
2026-05-25 17:50:29.054999,Dworzec Główny Tunel,50.0686,19.9477,39,39,124,124,0,1.0,0.0,1.0,False
2026-05-25 17:50:29.054999,Aleje Trzech Wieszczów - AGH,50.0674,19.9209,14,21,126,84,42,0.6666666666666666,33.33,0.96,False
2026-05-25 17:50:29.054999,Plac Inwalidów,50.0671,19.9269,16,16,128,128,0,1.0,0.0,1.0,False
2026-05-25 17:50:29.054999,Nowy Kleparz,50.0731,19.9352,17,25,66,45,21,0.68,32.0,0.99,False
2026-05-25 17:50:29.054999,Aleja Słowackiego / Łobzowska,50.0692,19.9302,27,27,270,270,0,1.0,0.0,1.0,False
2026-05-25 17:50:29.054999,Cracovia / Aleja Mickiewicza,50.0595,19.9235,26,33,289,228,61,0.7878787878787878,21.21,0.99733,False
2026-05-25 17:50:29.054999,Rondo Grunwaldzkie,50.0492,19.9317,17,17,24,24,0,1.0,0.0,1.0,False
2026-05-25 17:50:29.054999,Most Dębnicki,50.053,19.9278,28,28,177,177,0,1.0,0.0,1.0,False
2026-05-25 17:50:29.054999,Rondo Matecznego,50.0364,19.9406,11,26,16,7,9,0.4230769230769231,57.69,1.0,False
2026-05-25 17:50:29.054999,Kalwaryjska,50.0412,19.9443,25,25,115,115,0,1.0,0.0,1.0,False
2026-05-25 17:50:29.054999,Bonarka / Kamieńskiego,50.0298,19.9513,34,34,15,15,0,1.0,0.0,1.0,False
2026-05-25 17:50:29.054999,Zakopiańska / Brożka,50.0227,19.9349,40,40,71,71,0,1.0,0.0,1.0,False
2026-05-25 17:50:29.054999,Łagiewniki,50.0202,19.9378,60,60,203,203,0,1.0,0.0,1.0,False
2026-05-25 17:50:29.054999,Opolska Estakada,50.0857,19.9536,34,34,50,50,0,1.0,0.0,1.0,False
2026-05-25 17:50:29.054999,Rondo Polsadu,50.0879,19.9618,43,43,35,35,0,1.0,0.0,1.0,False
2026-05-25 17:50:29.054999,Rondo Barei,50.0911,19.9742,30,38,51,40,11,0.7894736842105263,21.05,1.0,False
2026-05-25 17:50:29.054999,Aleja 29 Listopada / Opolska,50.0861,19.952,43,57,369,279,90,0.7543859649122807,24.56,1.0,False
2026-05-25 17:50:29.054999,Aleja 29 Listopada / Dobrego Pasterza,50.0953,19.9746,33,41,114,92,22,0.8048780487804879,19.51,1.0,False
2026-05-25 17:50:29.054999,Rondo Ofiar Katynia,50.0879,19.8976,43,57,369,279,90,0.7543859649122807,24.56,1.0,False
2026-05-25 17:50:29.054999,Bronowice SKA,50.0814,19.8994,95,112,587,498,89,0.8482142857142857,15.18,1.0,False
2026-05-25 17:50:29.054999,Armii Krajowej / Zarzecze,50.0738,19.8985,25,25,137,137,0,1.0,0.0,1.0,False
2026-05-25 17:50:29.054999,Czarnowiejska / Armii Krajowej,50.069,19.9075,26,36,101,73,28,0.7222222222222222,27.78,1.0,False
2026-05-25 17:50:29.054999,Rondo Czyżyńskie,50.0729,20.0167,38,38,10,10,0,1.0,0.0,1.0,False
2026-05-25 17:50:29.054999,Plac Centralny,50.072,20.0372,17,21,85,69,16,0.8095238095238095,19.05,1.0,False
2026-05-25 17:50:29.054999,Aleja Pokoju / Centralna,50.0667,20.0028,39,48,49,40,9,0.8125,18.75,1.0,False
2026-05-25 17:50:29.054999,Nowohucka / Klimeckiego,50.0503,19.9765,29,29,230,230,0,1.0,0.0,1.0,False
2026-05-25 17:50:29.054999,M1 / Aleja Pokoju,50.0661,20.0149,28,28,120,120,0,1.0,0.0,1.0,False
2026-05-25 17:50:29.054999,Wielicka / Powstańców Wielkopolskich,50.0335,19.9621,49,49,88,88,0,1.0,0.0,1.0,False
2026-05-25 17:50:29.054999,Estakada Obrońców Lwowa,50.0396,19.9627,49,49,88,88,0,1.0,0.0,1.0,False
2026-05-25 17:50:29.054999,Bieżanowska / Wielicka,50.0207,19.982,24,24,113,113,0,1.0,0.0,1.0,False
2026-05-25 17:50:29.054999,Prokocim Szpital,50.0117,20.0005,27,44,102,63,39,0.6136363636363636,38.64,1.0,False
2026-05-25 17:50:29.054999,Węzeł Łagiewniki,50.0136,19.9325,25,29,380,327,53,0.8620689655172413,13.79,0.961347,False
2026-05-25 17:50:29.054999,Węzeł Balice / A4,50.0878,19.7937,40,40,114,114,0,1.0,0.0,1.0,False
2026-05-25 17:50:29.054999,Węzeł Tyniec / A4,50.0196,19.8078,45,45,605,605,0,1.0,0.0,1.0,False
2026-05-25 17:50:29.054999,Węzeł Wielicka / A4,50.0034,20.0065,48,48,133,133,0,1.0,0.0,1.0,False
2026-05-25 19:54:20.442414,Rondo Mogilskie,50.0672,19.9595,34,34,16,16,0,1.0,0.0,1.0,False
2026-05-25 19:54:20.442414,Lubomirskiego,50.0676,19.9536,16,16,95,95,0,1.0,0.0,1.0,False
2026-05-25 19:54:20.442414,Aleja Powstania Warszawskiego,50.0647,19.9608,31,31,49,49,0,1.0,0.0,1.0,False
2026-05-25 19:54:20.442414,Grzegórzecka,50.0578,19.9564,29,29,47,47,0,1.0,0.0,1.0,False
2026-05-25 19:54:20.442414,Rondo Grzegórzeckie,50.0576,19.9609,30,30,50,50,0,1.0,0.0,1.0,False
2026-05-25 19:54:20.442414,Galeria Krakowska / Pawia,50.0669,19.9457,49,49,121,121,0,1.0,0.0,1.0,False
2026-05-25 19:54:20.442414,Dworzec Główny Tunel,50.0686,19.9477,27,39,180,124,56,0.6923076923076923,30.77,1.0,False
2026-05-25 19:54:20.442414,Aleje Trzech Wieszczów - AGH,50.0674,19.9209,21,21,84,84,0,1.0,0.0,1.0,False
2026-05-25 19:54:20.442414,Plac Inwalidów,50.0671,19.9269,16,16,128,128,0,1.0,0.0,1.0,False
2026-05-25 19:54:20.442414,Nowy Kleparz,50.0731,19.9352,19,26,59,43,16,0.7307692307692307,26.92,0.99,False
2026-05-25 19:54:20.442414,Aleja Słowackiego / Łobzowska,50.0692,19.9302,27,27,270,270,0,1.0,0.0,1.0,False
2026-05-25 19:54:20.442414,Cracovia / Aleja Mickiewicza,50.0595,19.9235,34,34,221,221,0,1.0,0.0,1.0,False
2026-05-25 19:54:20.442414,Rondo Grunwaldzkie,50.0492,19.9317,17,17,24,24,0,1.0,0.0,1.0,False
2026-05-25 19:54:20.442414,Most Dębnicki,50.053,19.9278,24,27,207,184,23,0.8888888888888888,11.11,0.955507,False
2026-05-25 19:54:20.442414,Rondo Matecznego,50.0364,19.9406,12,24,15,7,8,0.5,50.0,1.0,False
2026-05-25 19:54:20.442414,Kalwaryjska,50.0412,19.9443,25,25,115,115,0,1.0,0.0,1.0,False
2026-05-25 19:54:20.442414,Bonarka / Kamieńskiego,50.0298,19.9513,34,34,15,15,0,1.0,0.0,1.0,False
2026-05-25 19:54:20.442414,Zakopiańska / Brożka,50.0227,19.9349,40,40,71,71,0,1.0,0.0,1.0,False
2026-05-25 19:54:20.442414,Łagiewniki,50.0202,19.9378,60,60,203,203,0,1.0,0.0,1.0,False
2026-05-25 19:54:20.442414,Opolska Estakada,50.0857,19.9536,34,34,50,50,0,1.0,0.0,1.0,False
2026-05-25 19:54:20.442414,Rondo Polsadu,50.0879,19.9618,43,43,35,35,0,1.0,0.0,1.0,False
2026-05-25 19:54:20.442414,Rondo Barei,50.0911,19.9742,38,38,40,40,0,1.0,0.0,1.0,False
2026-05-25 19:54:20.442414,Aleja 29 Listopada / Opolska,50.0861,19.952,56,56,284,284,0,1.0,0.0,1.0,False
2026-05-25 19:54:20.442414,Aleja 29 Listopada / Dobrego Pasterza,50.0953,19.9746,41,41,92,92,0,1.0,0.0,1.0,False
2026-05-25 19:54:20.442414,Rondo Ofiar Katynia,50.0879,19.8976,56,56,284,284,0,1.0,0.0,1.0,False
2026-05-25 19:54:20.442414,Bronowice SKA,50.0814,19.8994,112,112,498,498,0,1.0,0.0,1.0,False
2026-05-25 19:54:20.442414,Armii Krajowej / Zarzecze,50.0738,19.8985,25,25,137,137,0,1.0,0.0,1.0,False
2026-05-25 19:54:20.442414,Czarnowiejska / Armii Krajowej,50.069,19.9075,28,36,94,73,21,0.7777777777777778,22.22,1.0,False
2026-05-25 19:54:20.442414,Rondo Czyżyńskie,50.0729,20.0167,38,38,10,10,0,1.0,0.0,1.0,False
2026-05-25 19:54:20.442414,Plac Centralny,50.072,20.0372,21,21,69,69,0,1.0,0.0,1.0,False
2026-05-25 19:54:20.442414,Aleja Pokoju / Centralna,50.0667,20.0028,31,49,62,39,23,0.6326530612244898,36.73,1.0,False
2026-05-25 19:54:20.442414,Nowohucka / Klimeckiego,50.0503,19.9765,29,29,230,230,0,1.0,0.0,1.0,False
2026-05-25 19:54:20.442414,M1 / Aleja Pokoju,50.0661,20.0149,28,28,120,120,0,1.0,0.0,1.0,False
2026-05-25 19:54:20.442414,Wielicka / Powstańców Wielkopolskich,50.0335,19.9621,36,49,120,88,32,0.7346938775510204,26.53,1.0,False
2026-05-25 19:54:20.442414,Estakada Obrońców Lwowa,50.0396,19.9627,36,49,120,88,32,0.7346938775510204,26.53,1.0,False
2026-05-25 19:54:20.442414,Bieżanowska / Wielicka,50.0207,19.982,24,24,113,113,0,1.0,0.0,1.0,False
2026-05-25 19:54:20.442414,Prokocim Szpital,50.0117,20.0005,35,46,79,60,19,0.7608695652173914,23.91,1.0,False
2026-05-25 19:54:20.442414,Węzeł Łagiewniki,50.0136,19.9325,29,29,327,327,0,1.0,0.0,1.0,False
2026-05-25 19:54:20.442414,Węzeł Balice / A4,50.0878,19.7937,40,40,114,114,0,1.0,0.0,1.0,False
2026-05-25 19:54:20.442414,Węzeł Tyniec / A4,50.0196,19.8078,45,45,605,605,0,1.0,0.0,1.0,False
2026-05-25 19:54:20.442414,Węzeł Wielicka / A4,50.0034,20.0065,48,48,133,133,0,1.0,0.0,1.0,False
2026-05-25 21:19:04.215298,Rondo Mogilskie,50.0672,19.9595,34,34,16,16,0,1.0,0.0,1.0,False
2026-05-25 21:19:04.215298,Lubomirskiego,50.0676,19.9536,16,16,95,95,0,1.0,0.0,1.0,False
2026-05-25 21:19:04.215298,Aleja Powstania Warszawskiego,50.0647,19.9608,31,31,49,49,0,1.0,0.0,1.0,False
2026-05-25 21:19:04.215298,Grzegórzecka,50.0578,19.9564,29,29,47,47,0,1.0,0.0,1.0,False
2026-05-25 21:19:04.215298,Rondo Grzegórzeckie,50.0576,19.9609,30,30,50,50,0,1.0,0.0,1.0,False
2026-05-25 21:19:04.215298,Galeria Krakowska / Pawia,50.0669,19.9457,49,49,121,121,0,1.0,0.0,1.0,False
2026-05-25 21:19:04.215298,Dworzec Główny Tunel,50.0686,19.9477,39,39,124,124,0,1.0,0.0,1.0,False
2026-05-25 21:19:04.215298,Aleje Trzech Wieszczów - AGH,50.0674,19.9209,21,21,84,84,0,1.0,0.0,1.0,False
2026-05-25 21:19:04.215298,Plac Inwalidów,50.0671,19.9269,16,16,128,128,0,1.0,0.0,1.0,False
2026-05-25 21:19:04.215298,Nowy Kleparz,50.0731,19.9352,26,26,43,43,0,1.0,0.0,1.0,False
2026-05-25 21:19:04.215298,Aleja Słowackiego / Łobzowska,50.0692,19.9302,27,27,270,270,0,1.0,0.0,1.0,False
2026-05-25 21:19:04.215298,Cracovia / Aleja Mickiewicza,50.0595,19.9235,34,34,221,221,0,1.0,0.0,1.0,False
2026-05-25 21:19:04.215298,Rondo Grunwaldzkie,50.0492,19.9317,17,17,24,24,0,1.0,0.0,1.0,False
2026-05-25 21:19:04.215298,Most Dębnicki,50.053,19.9278,28,28,177,177,0,1.0,0.0,1.0,False
2026-05-25 21:19:04.215298,Rondo Matecznego,50.0364,19.9406,15,24,12,7,5,0.625,37.5,1.0,False
2026-05-25 21:19:04.215298,Kalwaryjska,50.0412,19.9443,25,25,115,115,0,1.0,0.0,1.0,False
2026-05-25 21:19:04.215298,Bonarka / Kamieńskiego,50.0298,19.9513,34,34,15,15,0,1.0,0.0,1.0,False
2026-05-25 21:19:04.215298,Zakopiańska / Brożka,50.0227,19.9349,40,40,71,71,0,1.0,0.0,1.0,False
2026-05-25 21:19:04.215298,Łagiewniki,50.0202,19.9378,60,60,203,203,0,1.0,0.0,1.0,False
2026-05-25 21:19:04.215298,Opolska Estakada,50.0857,19.9536,34,34,50,50,0,1.0,0.0,1.0,False
2026-05-25 21:19:04.215298,Rondo Polsadu,50.0879,19.9618,43,43,35,35,0,1.0,0.0,1.0,False
2026-05-25 21:19:04.215298,Rondo Barei,50.0911,19.9742,38,38,40,40,0,1.0,0.0,1.0,False
2026-05-25 21:19:04.215298,Aleja 29 Listopada / Opolska,50.0861,19.952,56,56,284,284,0,1.0,0.0,1.0,False
2026-05-25 21:19:04.215298,Aleja 29 Listopada / Dobrego Pasterza,50.0953,19.9746,41,41,92,92,0,1.0,0.0,1.0,False
2026-05-25 21:19:04.215298,Rondo Ofiar Katynia,50.0879,19.8976,56,56,284,284,0,1.0,0.0,1.0,False
2026-05-25 21:19:04.215298,Bronowice SKA,50.0814,19.8994,112,112,498,498,0,1.0,0.0,1.0,False
2026-05-25 21:19:04.215298,Armii Krajowej / Zarzecze,50.0738,19.8985,25,25,137,137,0,1.0,0.0,1.0,False
2026-05-25 21:19:04.215298,Czarnowiejska / Armii Krajowej,50.069,19.9075,31,35,84,75,9,0.8857142857142857,11.43,1.0,False
2026-05-25 21:19:04.215298,Rondo Czyżyńskie,50.0729,20.0167,38,38,10,10,0,1.0,0.0,1.0,False
2026-05-25 21:19:04.215298,Plac Centralny,50.072,20.0372,21,21,69,69,0,1.0,0.0,1.0,False
2026-05-25 21:19:04.215298,Aleja Pokoju / Centralna,50.0667,20.0028,49,49,39,39,0,1.0,0.0,1.0,False
2026-05-25 21:19:04.215298,Nowohucka / Klimeckiego,50.0503,19.9765,29,29,230,230,0,1.0,0.0,1.0,False
2026-05-25 21:19:04.215298,M1 / Aleja Pokoju,50.0661,20.0149,28,28,120,120,0,1.0,0.0,1.0,False
2026-05-25 21:19:04.215298,Wielicka / Powstańców Wielkopolskich,50.0335,19.9621,49,49,88,88,0,1.0,0.0,1.0,False
2026-05-25 21:19:04.215298,Estakada Obrońców Lwowa,50.0396,19.9627,49,49,88,88,0,1.0,0.0,1.0,False
2026-05-25 21:19:04.215298,Bieżanowska / Wielicka,50.0207,19.982,19,24,143,113,30,0.7916666666666666,20.83,0.93,False
2026-05-25 21:19:04.215298,Prokocim Szpital,50.0117,20.0005,46,46,60,60,0,1.0,0.0,1.0,False
2026-05-25 21:19:04.215298,Węzeł Łagiewniki,50.0136,19.9325,29,29,327,327,0,1.0,0.0,1.0,False
2026-05-25 21:19:04.215298,Węzeł Balice / A4,50.0878,19.7937,40,40,114,114,0,1.0,0.0,1.0,False
2026-05-25 21:19:04.215298,Węzeł Tyniec / A4,50.0196,19.8078,45,45,605,605,0,1.0,0.0,1.0,False
2026-05-25 21:19:04.215298,Węzeł Wielicka / A4,50.0034,20.0065,48,48,133,133,0,1.0,0.0,1.0,False
2026-05-25 22:37:34.359952,Rondo Mogilskie,50.0672,19.9595,34,34,16,16,0,1.0,0.0,1,False
2026-05-25 22:37:34.359952,Lubomirskiego,50.0676,19.9536,16,16,95,95,0,1.0,0.0,1,False
2026-05-25 22:37:34.359952,Aleja Powstania Warszawskiego,50.0647,19.9608,31,31,49,49,0,1.0,0.0,1,False
2026-05-25 22:37:34.359952,Grzegórzecka,50.0578,19.9564,29,29,47,47,0,1.0,0.0,1,False
2026-05-25 22:37:34.359952,Rondo Grzegórzeckie,50.0576,19.9609,30,30,50,50,0,1.0,0.0,1,False
2026-05-25 22:37:34.359952,Galeria Krakowska / Pawia,50.0669,19.9457,49,49,121,121,0,1.0,0.0,1,False
2026-05-25 22:37:34.359952,Dworzec Główny Tunel,50.0686,19.9477,39,39,124,124,0,1.0,0.0,1,False
2026-05-25 22:37:34.359952,Aleje Trzech Wieszczów - AGH,50.0674,19.9209,21,21,84,84,0,1.0,0.0,1,False
2026-05-25 22:37:34.359952,Plac Inwalidów,50.0671,19.9269,16,16,128,128,0,1.0,0.0,1,False
2026-05-25 22:37:34.359952,Nowy Kleparz,50.0731,19.9352,26,26,43,43,0,1.0,0.0,1,False
2026-05-25 22:37:34.359952,Aleja Słowackiego / Łobzowska,50.0692,19.9302,27,27,270,270,0,1.0,0.0,1,False
2026-05-25 22:37:34.359952,Cracovia / Aleja Mickiewicza,50.0595,19.9235,34,34,221,221,0,1.0,0.0,1,False
2026-05-25 22:37:34.359952,Rondo Grunwaldzkie,50.0492,19.9317,17,17,24,24,0,1.0,0.0,1,False
2026-05-25 22:37:34.359952,Most Dębnicki,50.053,19.9278,28,28,177,177,0,1.0,0.0,1,False
2026-05-25 22:37:34.359952,Rondo Matecznego,50.0364,19.9406,20,25,9,7,2,0.8,20.0,1,False
2026-05-25 22:37:34.359952,Kalwaryjska,50.0412,19.9443,25,25,115,115,0,1.0,0.0,1,False
2026-05-25 22:37:34.359952,Bonarka / Kamieńskiego,50.0298,19.9513,34,34,15,15,0,1.0,0.0,1,False
2026-05-25 22:37:34.359952,Zakopiańska / Brożka,50.0227,19.9349,40,40,71,71,0,1.0,0.0,1,False
2026-05-25 22:37:34.359952,Łagiewniki,50.0202,19.9378,60,60,203,203,0,1.0,0.0,1,False
2026-05-25 22:37:34.359952,Opolska Estakada,50.0857,19.9536,34,34,50,50,0,1.0,0.0,1,False
2026-05-25 22:37:34.359952,Rondo Polsadu,50.0879,19.9618,43,43,35,35,0,1.0,0.0,1,False
2026-05-25 22:37:34.359952,Rondo Barei,50.0911,19.9742,38,38,40,40,0,1.0,0.0,1,False
2026-05-25 22:37:34.359952,Aleja 29 Listopada / Opolska,50.0861,19.952,56,56,284,284,0,1.0,0.0,1,False
2026-05-25 22:37:34.359952,Aleja 29 Listopada / Dobrego Pasterza,50.0953,19.9746,41,41,92,92,0,1.0,0.0,1,False
2026-05-25 22:37:34.359952,Rondo Ofiar Katynia,50.0879,19.8976,56,56,284,284,0,1.0,0.0,1,False
2026-05-25 22:37:34.359952,Bronowice SKA,50.0814,19.8994,112,112,498,498,0,1.0,0.0,1,False
2026-05-25 22:37:34.359952,Armii Krajowej / Zarzecze,50.0738,19.8985,25,25,137,137,0,1.0,0.0,1,False
2026-05-25 22:37:34.359952,Czarnowiejska / Armii Krajowej,50.069,19.9075,36,36,73,73,0,1.0,0.0,1,False
2026-05-25 22:37:34.359952,Rondo Czyżyńskie,50.0729,20.0167,38,38,10,10,0,1.0,0.0,1,False
2026-05-25 22:37:34.359952,Plac Centralny,50.072,20.0372,21,21,69,69,0,1.0,0.0,1,False
2026-05-25 22:37:34.359952,Aleja Pokoju / Centralna,50.0667,20.0028,49,49,39,39,0,1.0,0.0,1,False
2026-05-25 22:37:34.359952,Nowohucka / Klimeckiego,50.0503,19.9765,29,29,230,230,0,1.0,0.0,1,False
2026-05-25 22:37:34.359952,M1 / Aleja Pokoju,50.0661,20.0149,28,28,120,120,0,1.0,0.0,1,False
2026-05-25 22:37:34.359952,Wielicka / Powstańców Wielkopolskich,50.0335,19.9621,49,49,88,88,0,1.0,0.0,1,False
2026-05-25 22:37:34.359952,Estakada Obrońców Lwowa,50.0396,19.9627,49,49,88,88,0,1.0,0.0,1,False
2026-05-25 22:37:34.359952,Bieżanowska / Wielicka,50.0207,19.982,24,24,113,113,0,1.0,0.0,1,False
2026-05-25 22:37:34.359952,Prokocim Szpital,50.0117,20.0005,46,46,60,60,0,1.0,0.0,1,False
2026-05-25 22:37:34.359952,Węzeł Łagiewniki,50.0136,19.9325,29,29,327,327,0,1.0,0.0,1,False
2026-05-25 22:37:34.359952,Węzeł Balice / A4,50.0878,19.7937,40,40,114,114,0,1.0,0.0,1,False
2026-05-25 22:37:34.359952,Węzeł Tyniec / A4,50.0196,19.8078,45,45,605,605,0,1.0,0.0,1,False
2026-05-25 22:37:34.359952,Węzeł Wielicka / A4,50.0034,20.0065,48,48,133,133,0,1.0,0.0,1,False
2026-05-26 00:13:48.282361,Rondo Mogilskie,50.0672,19.9595,34,34,16,16,0,1.0,0,1,False
2026-05-26 00:13:48.282361,Lubomirskiego,50.0676,19.9536,16,16,95,95,0,1.0,0,1,False
2026-05-26 00:13:48.282361,Aleja Powstania Warszawskiego,50.0647,19.9608,31,31,49,49,0,1.0,0,1,False
2026-05-26 00:13:48.282361,Grzegórzecka,50.0578,19.9564,29,29,47,47,0,1.0,0,1,False
2026-05-26 00:13:48.282361,Rondo Grzegórzeckie,50.0576,19.9609,30,30,50,50,0,1.0,0,1,False
2026-05-26 00:13:48.282361,Galeria Krakowska / Pawia,50.0669,19.9457,49,49,121,121,0,1.0,0,1,False
2026-05-26 00:13:48.282361,Dworzec Główny Tunel,50.0686,19.9477,39,39,124,124,0,1.0,0,1,False
2026-05-26 00:13:48.282361,Aleje Trzech Wieszczów - AGH,50.0674,19.9209,21,21,84,84,0,1.0,0,1,False
2026-05-26 00:13:48.282361,Plac Inwalidów,50.0671,19.9269,16,16,128,128,0,1.0,0,1,False
2026-05-26 00:13:48.282361,Nowy Kleparz,50.0731,19.9352,26,26,43,43,0,1.0,0,1,False
2026-05-26 00:13:48.282361,Aleja Słowackiego / Łobzowska,50.0692,19.9302,27,27,270,270,0,1.0,0,1,False
2026-05-26 00:13:48.282361,Cracovia / Aleja Mickiewicza,50.0595,19.9235,34,34,221,221,0,1.0,0,1,False
2026-05-26 00:13:48.282361,Rondo Grunwaldzkie,50.0492,19.9317,17,17,24,24,0,1.0,0,1,False
2026-05-26 00:13:48.282361,Most Dębnicki,50.053,19.9278,28,28,177,177,0,1.0,0,1,False
2026-05-26 00:13:48.282361,Rondo Matecznego,50.0364,19.9406,25,25,7,7,0,1.0,0,1,False
2026-05-26 00:13:48.282361,Kalwaryjska,50.0412,19.9443,25,25,115,115,0,1.0,0,1,False
2026-05-26 00:13:48.282361,Bonarka / Kamieńskiego,50.0298,19.9513,34,34,15,15,0,1.0,0,1,False
2026-05-26 00:13:48.282361,Zakopiańska / Brożka,50.0227,19.9349,40,40,71,71,0,1.0,0,1,False
2026-05-26 00:13:48.282361,Łagiewniki,50.0202,19.9378,60,60,203,203,0,1.0,0,1,False
2026-05-26 00:13:48.282361,Opolska Estakada,50.0857,19.9536,34,34,50,50,0,1.0,0,1,False
2026-05-26 00:13:48.282361,Rondo Polsadu,50.0879,19.9618,43,43,35,35,0,1.0,0,1,False
2026-05-26 00:13:48.282361,Rondo Barei,50.0911,19.9742,38,38,40,40,0,1.0,0,1,False
2026-05-26 00:13:48.282361,Aleja 29 Listopada / Opolska,50.0861,19.952,56,56,284,284,0,1.0,0,1,False
2026-05-26 00:13:48.282361,Aleja 29 Listopada / Dobrego Pasterza,50.0953,19.9746,41,41,92,92,0,1.0,0,1,False
2026-05-26 00:13:48.282361,Rondo Ofiar Katynia,50.0879,19.8976,56,56,284,284,0,1.0,0,1,False
2026-05-26 00:13:48.282361,Bronowice SKA,50.0814,19.8994,112,112,498,498,0,1.0,0,1,False
2026-05-26 00:13:48.282361,Armii Krajowej / Zarzecze,50.0738,19.8985,25,25,137,137,0,1.0,0,1,False
2026-05-26 00:13:48.282361,Czarnowiejska / Armii Krajowej,50.069,19.9075,36,36,73,73,0,1.0,0,1,False
2026-05-26 00:13:48.282361,Rondo Czyżyńskie,50.0729,20.0167,38,38,10,10,0,1.0,0,1,False
2026-05-26 00:13:48.282361,Plac Centralny,50.072,20.0372,21,21,69,69,0,1.0,0,1,False
2026-05-26 00:13:48.282361,Aleja Pokoju / Centralna,50.0667,20.0028,49,49,39,39,0,1.0,0,1,False
2026-05-26 00:13:48.282361,Nowohucka / Klimeckiego,50.0503,19.9765,29,29,230,230,0,1.0,0,1,False
2026-05-26 00:13:48.282361,M1 / Aleja Pokoju,50.0661,20.0149,28,28,120,120,0,1.0,0,1,False
2026-05-26 00:13:48.282361,Wielicka / Powstańców Wielkopolskich,50.0335,19.9621,49,49,88,88,0,1.0,0,1,False
2026-05-26 00:13:48.282361,Estakada Obrońców Lwowa,50.0396,19.9627,49,49,88,88,0,1.0,0,1,False
2026-05-26 00:13:48.282361,Bieżanowska / Wielicka,50.0207,19.982,24,24,113,113,0,1.0,0,1,False
2026-05-26 00:13:48.282361,Prokocim Szpital,50.0117,20.0005,46,46,60,60,0,1.0,0,1,False
2026-05-26 00:13:48.282361,Węzeł Łagiewniki,50.0136,19.9325,29,29,327,327,0,1.0,0,1,False
2026-05-26 00:13:48.282361,Węzeł Balice / A4,50.0878,19.7937,40,40,114,114,0,1.0,0,1,False
2026-05-26 00:13:48.282361,Węzeł Tyniec / A4,50.0196,19.8078,45,45,605,605,0,1.0,0,1,False
2026-05-26 00:13:48.282361,Węzeł Wielicka / A4,50.0034,20.0065,48,48,133,133,0,1.0,0,1,False
2026-05-26 04:47:19.054522,Rondo Mogilskie,50.0672,19.9595,27,33,20,16,4,0.8181818181818182,18.18,1.0,False
2026-05-26 04:47:19.054522,Lubomirskiego,50.0676,19.9536,16,16,95,95,0,1.0,0.0,1.0,False
2026-05-26 04:47:19.054522,Aleja Powstania Warszawskiego,50.0647,19.9608,16,30,95,50,45,0.5333333333333333,46.67,0.964762,False
2026-05-26 04:47:19.054522,Grzegórzecka,50.0578,19.9564,20,28,68,48,20,0.7142857142857143,28.57,1.0,False
2026-05-26 04:47:19.054522,Rondo Grzegórzeckie,50.0576,19.9609,23,29,65,51,14,0.7931034482758621,20.69,1.0,False
2026-05-26 04:47:19.054522,Galeria Krakowska / Pawia,50.0669,19.9457,49,49,121,121,0,1.0,0.0,1.0,False
2026-05-26 04:47:19.054522,Dworzec Główny Tunel,50.0686,19.9477,31,43,157,113,44,0.7209302325581395,27.91,1.0,False
2026-05-26 04:47:19.054522,Aleje Trzech Wieszczów - AGH,50.0674,19.9209,21,21,84,84,0,1.0,0.0,1.0,False
2026-05-26 04:47:19.054522,Plac Inwalidów,50.0671,19.9269,16,16,128,128,0,1.0,0.0,1.0,False
2026-05-26 04:47:19.054522,Nowy Kleparz,50.0731,19.9352,26,26,43,43,0,1.0,0.0,1.0,False
2026-05-26 04:47:19.054522,Aleja Słowackiego / Łobzowska,50.0692,19.9302,27,27,270,270,0,1.0,0.0,1.0,False
2026-05-26 04:47:19.054522,Cracovia / Aleja Mickiewicza,50.0595,19.9235,34,34,221,221,0,1.0,0.0,1.0,False
2026-05-26 04:47:19.054522,Rondo Grunwaldzkie,50.0492,19.9317,17,17,24,24,0,1.0,0.0,1.0,False
2026-05-26 04:47:19.054522,Most Dębnicki,50.053,19.9278,23,27,216,184,32,0.8518518518518519,14.81,0.852693,False
2026-05-26 04:47:19.054522,Rondo Matecznego,50.0364,19.9406,18,25,10,7,3,0.72,28.0,1.0,False
2026-05-26 04:47:19.054522,Kalwaryjska,50.0412,19.9443,25,25,115,115,0,1.0,0.0,1.0,False
2026-05-26 04:47:19.054522,Bonarka / Kamieńskiego,50.0298,19.9513,34,34,15,15,0,1.0,0.0,1.0,False
2026-05-26 04:47:19.054522,Zakopiańska / Brożka,50.0227,19.9349,30,46,95,62,33,0.6521739130434783,34.78,1.0,False
2026-05-26 04:47:19.054522,Łagiewniki,50.0202,19.9378,60,60,203,203,0,1.0,0.0,1.0,False
2026-05-26 04:47:19.054522,Opolska Estakada,50.0857,19.9536,34,34,50,50,0,1.0,0.0,1.0,False
2026-05-26 04:47:19.054522,Rondo Polsadu,50.0879,19.9618,34,42,45,36,9,0.8095238095238095,19.05,0.99,False
2026-05-26 04:47:19.054522,Rondo Barei,50.0911,19.9742,38,38,40,40,0,1.0,0.0,1.0,False
2026-05-26 04:47:19.054522,Aleja 29 Listopada / Opolska,50.0861,19.952,48,56,331,284,47,0.8571428571428571,14.29,1.0,False
2026-05-26 04:47:19.054522,Aleja 29 Listopada / Dobrego Pasterza,50.0953,19.9746,41,41,92,92,0,1.0,0.0,1.0,False
2026-05-26 04:47:19.054522,Rondo Ofiar Katynia,50.0879,19.8976,48,56,331,284,47,0.8571428571428571,14.29,1.0,False
2026-05-26 04:47:19.054522,Bronowice SKA,50.0814,19.8994,72,111,775,502,273,0.6486486486486487,35.14,1.0,False
2026-05-26 04:47:19.054522,Armii Krajowej / Zarzecze,50.0738,19.8985,25,25,137,137,0,1.0,0.0,1.0,False
2026-05-26 04:47:19.054522,Czarnowiejska / Armii Krajowej,50.069,19.9075,27,36,97,73,24,0.75,25.0,1.0,False
2026-05-26 04:47:19.054522,Rondo Czyżyńskie,50.0729,20.0167,38,38,10,10,0,1.0,0.0,1.0,False
2026-05-26 04:47:19.054522,Plac Centralny,50.072,20.0372,21,21,69,69,0,1.0,0.0,1.0,False
2026-05-26 04:47:19.054522,Aleja Pokoju / Centralna,50.0667,20.0028,37,49,52,39,13,0.7551020408163265,24.49,1.0,False
2026-05-26 04:47:19.054522,Nowohucka / Klimeckiego,50.0503,19.9765,29,29,230,230,0,1.0,0.0,1.0,False
2026-05-26 04:47:19.054522,M1 / Aleja Pokoju,50.0661,20.0149,28,28,120,120,0,1.0,0.0,1.0,False
2026-05-26 04:47:19.054522,Wielicka / Powstańców Wielkopolskich,50.0335,19.9621,49,49,88,88,0,1.0,0.0,1.0,False
2026-05-26 04:47:19.054522,Estakada Obrońców Lwowa,50.0396,19.9627,49,49,88,88,0,1.0,0.0,1.0,False
2026-05-26 04:47:19.054522,Bieżanowska / Wielicka,50.0207,19.982,24,24,113,113,0,1.0,0.0,1.0,False
2026-05-26 04:47:19.054522,Prokocim Szpital,50.0117,20.0005,30,46,92,60,32,0.6521739130434783,34.78,1.0,False
2026-05-26 04:47:19.054522,Węzeł Łagiewniki,50.0136,19.9325,29,29,327,327,0,1.0,0.0,1.0,False
2026-05-26 04:47:19.054522,Węzeł Balice / A4,50.0878,19.7937,40,40,114,114,0,1.0,0.0,1.0,False
2026-05-26 04:47:19.054522,Węzeł Tyniec / A4,50.0196,19.8078,45,45,605,605,0,1.0,0.0,1.0,False
2026-05-26 04:47:19.054522,Węzeł Wielicka / A4,50.0034,20.0065,48,48,133,133,0,1.0,0.0,1.0,False
2026-05-26 08:40:10.618944,Rondo Mogilskie,50.0672,19.9595,18,34,30,16,14,0.5294117647058824,47.06,1.0,False
2026-05-26 08:40:10.618944,Lubomirskiego,50.0676,19.9536,16,16,95,95,0,1.0,0.0,1.0,False
2026-05-26 08:40:10.618944,Aleja Powstania Warszawskiego,50.0647,19.9608,19,30,80,50,30,0.6333333333333333,36.67,1.0,False
2026-05-26 08:40:10.618944,Grzegórzecka,50.0578,19.9564,19,29,71,47,24,0.6551724137931034,34.48,1.0,False
2026-05-26 08:40:10.618944,Rondo Grzegórzeckie,50.0576,19.9609,22,30,68,50,18,0.7333333333333333,26.67,1.0,False
2026-05-26 08:40:10.618944,Galeria Krakowska / Pawia,50.0669,19.9457,49,49,121,121,0,1.0,0.0,1.0,False
2026-05-26 08:40:10.618944,Dworzec Główny Tunel,50.0686,19.9477,40,46,121,105,16,0.8695652173913043,13.04,1.0,False
2026-05-26 08:40:10.618944,Aleje Trzech Wieszczów - AGH,50.0674,19.9209,21,21,84,84,0,1.0,0.0,1.0,False
2026-05-26 08:40:10.618944,Plac Inwalidów,50.0671,19.9269,16,16,128,128,0,1.0,0.0,1.0,False
2026-05-26 08:40:10.618944,Nowy Kleparz,50.0731,19.9352,12,26,94,43,51,0.46153846153846156,53.85,0.99,False
2026-05-26 08:40:10.618944,Aleja Słowackiego / Łobzowska,50.0692,19.9302,18,27,406,270,136,0.6666666666666666,33.33,0.976563,False
2026-05-26 08:40:10.618944,Cracovia / Aleja Mickiewicza,50.0595,19.9235,34,34,221,221,0,1.0,0.0,1.0,False
2026-05-26 08:40:10.618944,Rondo Grunwaldzkie,50.0492,19.9317,12,16,34,25,9,0.75,25.0,1.0,False
2026-05-26 08:40:10.618944,Most Dębnicki,50.053,19.9278,22,27,225,184,41,0.8148148148148148,18.52,0.978447,False
2026-05-26 08:40:10.618944,Rondo Matecznego,50.0364,19.9406,11,25,16,7,9,0.44,56.0,1.0,False
2026-05-26 08:40:10.618944,Kalwaryjska,50.0412,19.9443,25,25,115,115,0,1.0,0.0,1.0,False
2026-05-26 08:40:10.618944,Bonarka / Kamieńskiego,50.0298,19.9513,34,34,15,15,0,1.0,0.0,1.0,False
2026-05-26 08:40:10.618944,Zakopiańska / Brożka,50.0227,19.9349,31,40,92,71,21,0.775,22.5,1.0,False
2026-05-26 08:40:10.618944,Łagiewniki,50.0202,19.9378,60,60,203,203,0,1.0,0.0,1.0,False
2026-05-26 08:40:10.618944,Opolska Estakada,50.0857,19.9536,34,34,50,50,0,1.0,0.0,1.0,False
2026-05-26 08:40:10.618944,Rondo Polsadu,50.0879,19.9618,43,43,35,35,0,1.0,0.0,1.0,False
2026-05-26 08:40:10.618944,Rondo Barei,50.0911,19.9742,38,38,40,40,0,1.0,0.0,1.0,False
2026-05-26 08:40:10.618944,Aleja 29 Listopada / Opolska,50.0861,19.952,44,57,361,279,82,0.7719298245614035,22.81,1.0,False
2026-05-26 08:40:10.618944,Aleja 29 Listopada / Dobrego Pasterza,50.0953,19.9746,33,40,114,94,20,0.825,17.5,1.0,False
2026-05-26 08:40:10.618944,Rondo Ofiar Katynia,50.0879,19.8976,44,57,361,279,82,0.7719298245614035,22.81,1.0,False
2026-05-26 08:40:10.618944,Bronowice SKA,50.0814,19.8994,83,112,672,498,174,0.7410714285714286,25.89,1.0,False
2026-05-26 08:40:10.618944,Armii Krajowej / Zarzecze,50.0738,19.8985,19,24,180,142,38,0.7916666666666666,20.83,0.96,False
2026-05-26 08:40:10.618944,Czarnowiejska / Armii Krajowej,50.069,19.9075,30,36,87,73,14,0.8333333333333334,16.67,1.0,False
2026-05-26 08:40:10.618944,Rondo Czyżyńskie,50.0729,20.0167,38,38,10,10,0,1.0,0.0,1.0,False
2026-05-26 08:40:10.618944,Plac Centralny,50.072,20.0372,11,20,132,72,60,0.55,45.0,1.0,False
2026-05-26 08:40:10.618944,Aleja Pokoju / Centralna,50.0667,20.0028,35,48,55,40,15,0.7291666666666666,27.08,1.0,False
2026-05-26 08:40:10.618944,Nowohucka / Klimeckiego,50.0503,19.9765,23,28,291,239,52,0.8214285714285714,17.86,0.976914,False
2026-05-26 08:40:10.618944,M1 / Aleja Pokoju,50.0661,20.0149,28,28,120,120,0,1.0,0.0,1.0,False
2026-05-26 08:40:10.618944,Wielicka / Powstańców Wielkopolskich,50.0335,19.9621,35,48,123,90,33,0.7291666666666666,27.08,1.0,False
2026-05-26 08:40:10.618944,Estakada Obrońców Lwowa,50.0396,19.9627,35,48,123,90,33,0.7291666666666666,27.08,1.0,False
2026-05-26 08:40:10.618944,Bieżanowska / Wielicka,50.0207,19.982,24,24,113,113,0,1.0,0.0,1.0,False
2026-05-26 08:40:10.618944,Prokocim Szpital,50.0117,20.0005,28,45,99,61,38,0.6222222222222222,37.78,1.0,False
2026-05-26 08:40:10.618944,Węzeł Łagiewniki,50.0136,19.9325,23,28,413,339,74,0.8214285714285714,17.86,0.90836,False
2026-05-26 08:40:10.618944,Węzeł Balice / A4,50.0878,19.7937,40,40,114,114,0,1.0,0.0,1.0,False
2026-05-26 08:40:10.618944,Węzeł Tyniec / A4,50.0196,19.8078,45,45,605,605,0,1.0,0.0,1.0,False
2026-05-26 08:40:10.618944,Węzeł Wielicka / A4,50.0034,20.0065,35,46,182,139,43,0.7608695652173914,23.91,0.98,False
2026-05-26 16:28:20.084912,Rondo Mogilskie,50.0672,19.9595,34,34,16,16,0,1.0,0.0,1.0,False
2026-05-26 16:28:20.084912,Lubomirskiego,50.0676,19.9536,10,16,152,95,57,0.625,37.5,0.94,False
2026-05-26 16:28:20.084912,Aleja Powstania Warszawskiego,50.0647,19.9608,31,31,49,49,0,1.0,0.0,1.0,False
2026-05-26 16:28:20.084912,Grzegórzecka,50.0578,19.9564,23,29,59,47,12,0.7931034482758621,20.69,1.0,False
2026-05-26 16:28:20.084912,Rondo Grzegórzeckie,50.0576,19.9609,21,29,71,51,20,0.7241379310344828,27.59,1.0,False
2026-05-26 16:28:20.084912,Galeria Krakowska / Pawia,50.0669,19.9457,49,49,121,121,0,1.0,0.0,1.0,False
2026-05-26 16:28:20.084912,Dworzec Główny Tunel,50.0686,19.9477,37,49,131,99,32,0.7551020408163265,24.49,1.0,False
2026-05-26 16:28:20.084912,Aleje Trzech Wieszczów - AGH,50.0674,19.9209,16,20,110,88,22,0.8,20.0,0.94,False
2026-05-26 16:28:20.084912,Plac Inwalidów,50.0671,19.9269,12,15,171,137,34,0.8,20.0,0.818034,False
2026-05-26 16:28:20.084912,Nowy Kleparz,50.0731,19.9352,9,26,125,43,82,0.34615384615384615,65.38,0.99,False
2026-05-26 16:28:20.084912,Aleja Słowackiego / Łobzowska,50.0692,19.9302,27,27,270,270,0,1.0,0.0,1.0,False
2026-05-26 16:28:20.084912,Cracovia / Aleja Mickiewicza,50.0595,19.9235,23,33,327,228,99,0.696969696969697,30.3,1.0,False
2026-05-26 16:28:20.084912,Rondo Grunwaldzkie,50.0492,19.9317,17,17,24,24,0,1.0,0.0,1.0,False
2026-05-26 16:28:20.084912,Most Dębnicki,50.053,19.9278,28,28,177,177,0,1.0,0.0,1.0,False
2026-05-26 16:28:20.084912,Rondo Matecznego,50.0364,19.9406,19,25,9,7,2,0.76,24.0,1.0,False
2026-05-26 16:28:20.084912,Kalwaryjska,50.0412,19.9443,25,25,115,115,0,1.0,0.0,1.0,False
2026-05-26 16:28:20.084912,Bonarka / Kamieńskiego,50.0298,19.9513,34,34,15,15,0,1.0,0.0,1.0,False
2026-05-26 16:28:20.084912,Zakopiańska / Brożka,50.0227,19.9349,26,42,110,68,42,0.6190476190476191,38.1,1.0,False
2026-05-26 16:28:20.084912,Łagiewniki,50.0202,19.9378,62,63,197,194,3,0.9841269841269841,1.59,1.0,False
2026-05-26 16:28:20.084912,Opolska Estakada,50.0857,19.9536,34,34,50,50,0,1.0,0.0,1.0,False
2026-05-26 16:28:20.084912,Rondo Polsadu,50.0879,19.9618,43,43,35,35,0,1.0,0.0,1.0,False
2026-05-26 16:28:20.084912,Rondo Barei,50.0911,19.9742,24,37,64,42,22,0.6486486486486487,35.14,1.0,False
2026-05-26 16:28:20.084912,Aleja 29 Listopada / Opolska,50.0861,19.952,46,57,345,279,66,0.8070175438596491,19.3,1.0,False
2026-05-26 16:28:20.084912,Aleja 29 Listopada / Dobrego Pasterza,50.0953,19.9746,33,41,114,92,22,0.8048780487804879,19.51,1.0,False
2026-05-26 16:28:20.084912,Rondo Ofiar Katynia,50.0879,19.8976,46,57,345,279,66,0.8070175438596491,19.3,1.0,False
2026-05-26 16:28:20.084912,Bronowice SKA,50.0814,19.8994,78,112,715,498,217,0.6964285714285714,30.36,1.0,False
2026-05-26 16:28:20.084912,Armii Krajowej / Zarzecze,50.0738,19.8985,25,25,137,137,0,1.0,0.0,1.0,False
2026-05-26 16:28:20.084912,Czarnowiejska / Armii Krajowej,50.069,19.9075,27,36,97,73,24,0.75,25.0,1.0,False
2026-05-26 16:28:20.084912,Rondo Czyżyńskie,50.0729,20.0167,38,38,10,10,0,1.0,0.0,1.0,False
2026-05-26 16:28:20.084912,Plac Centralny,50.072,20.0372,21,21,69,69,0,1.0,0.0,1.0,False
2026-05-26 16:28:20.084912,Aleja Pokoju / Centralna,50.0667,20.0028,27,49,71,39,32,0.5510204081632653,44.9,1.0,False
2026-05-26 16:28:20.084912,Nowohucka / Klimeckiego,50.0503,19.9765,29,29,230,230,0,1.0,0.0,1.0,False
2026-05-26 16:28:20.084912,M1 / Aleja Pokoju,50.0661,20.0149,31,33,109,102,7,0.9393939393939394,6.06,0.941372,False
2026-05-26 16:28:20.084912,Wielicka / Powstańców Wielkopolskich,50.0335,19.9621,39,49,111,88,23,0.7959183673469388,20.41,1.0,False
2026-05-26 16:28:20.084912,Estakada Obrońców Lwowa,50.0396,19.9627,39,49,111,88,23,0.7959183673469388,20.41,1.0,False
2026-05-26 16:28:20.084912,Bieżanowska / Wielicka,50.0207,19.982,17,24,160,113,47,0.7083333333333334,29.17,0.995276,False
2026-05-26 16:28:20.084912,Prokocim Szpital,50.0117,20.0005,34,45,81,61,20,0.7555555555555555,24.44,1.0,False
2026-05-26 16:28:20.084912,Węzeł Łagiewniki,50.0136,19.9325,25,29,380,327,53,0.8620689655172413,13.79,0.969566,False
2026-05-26 16:28:20.084912,Węzeł Balice / A4,50.0878,19.7937,40,40,114,114,0,1.0,0.0,1.0,False
2026-05-26 16:28:20.084912,Węzeł Tyniec / A4,50.0196,19.8078,32,45,850,605,245,0.7111111111111111,28.89,0.894676,False
2026-05-26 16:28:20.084912,Węzeł Wielicka / A4,50.0034,20.0065,48,48,133,133,0,1.0,0.0,1.0,False
2026-05-26 19:03:12.695347,Rondo Mogilskie,50.0672,19.9595,34,34,16,16,0,1.0,0.0,1.0,False
2026-05-26 19:03:12.695347,Lubomirskiego,50.0676,19.9536,16,16,95,95,0,1.0,0.0,1.0,False
2026-05-26 19:03:12.695347,Aleja Powstania Warszawskiego,50.0647,19.9608,31,31,49,49,0,1.0,0.0,1.0,False
2026-05-26 19:03:12.695347,Grzegórzecka,50.0578,19.9564,20,29,68,47,21,0.6896551724137931,31.03,1.0,False
2026-05-26 19:03:12.695347,Rondo Grzegórzeckie,50.0576,19.9609,23,29,65,51,14,0.7931034482758621,20.69,1.0,False
2026-05-26 19:03:12.695347,Galeria Krakowska / Pawia,50.0669,19.9457,49,49,121,121,0,1.0,0.0,1.0,False
2026-05-26 19:03:12.695347,Dworzec Główny Tunel,50.0686,19.9477,39,39,124,124,0,1.0,0.0,1.0,False
2026-05-26 19:03:12.695347,Aleje Trzech Wieszczów - AGH,50.0674,19.9209,21,21,84,84,0,1.0,0.0,1.0,False
2026-05-26 19:03:12.695347,Plac Inwalidów,50.0671,19.9269,10,14,206,147,59,0.7142857142857143,28.57,0.93,False
2026-05-26 19:03:12.695347,Nowy Kleparz,50.0731,19.9352,17,25,66,45,21,0.68,32.0,0.99,False
2026-05-26 19:03:12.695347,Aleja Słowackiego / Łobzowska,50.0692,19.9302,19,27,384,270,114,0.7037037037037037,29.63,0.961655,False
2026-05-26 19:03:12.695347,Cracovia / Aleja Mickiewicza,50.0595,19.9235,26,34,289,221,68,0.7647058823529411,23.53,1.0,False
2026-05-26 19:03:12.695347,Rondo Grunwaldzkie,50.0492,19.9317,17,17,24,24,0,1.0,0.0,1.0,False
2026-05-26 19:03:12.695347,Most Dębnicki,50.053,19.9278,28,28,177,177,0,1.0,0.0,1.0,False
2026-05-26 19:03:12.695347,Rondo Matecznego,50.0364,19.9406,15,25,12,7,5,0.6,40.0,1.0,False
2026-05-26 19:03:12.695347,Kalwaryjska,50.0412,19.9443,25,25,115,115,0,1.0,0.0,1.0,False
2026-05-26 19:03:12.695347,Bonarka / Kamieńskiego,50.0298,19.9513,34,34,15,15,0,1.0,0.0,1.0,False
2026-05-26 19:03:12.695347,Zakopiańska / Brożka,50.0227,19.9349,28,43,102,66,36,0.6511627906976745,34.88,1.0,False
2026-05-26 19:03:12.695347,Łagiewniki,50.0202,19.9378,60,60,203,203,0,1.0,0.0,1.0,False
2026-05-26 19:03:12.695347,Opolska Estakada,50.0857,19.9536,34,34,50,50,0,1.0,0.0,1.0,False
2026-05-26 19:03:12.695347,Rondo Polsadu,50.0879,19.9618,34,43,45,35,10,0.7906976744186046,20.93,1.0,False
2026-05-26 19:03:12.695347,Rondo Barei,50.0911,19.9742,38,38,40,40,0,1.0,0.0,1.0,False
2026-05-26 19:03:12.695347,Aleja 29 Listopada / Opolska,50.0861,19.952,46,57,345,279,66,0.8070175438596491,19.3,1.0,False
2026-05-26 19:03:12.695347,Aleja 29 Listopada / Dobrego Pasterza,50.0953,19.9746,41,41,92,92,0,1.0,0.0,1.0,False
2026-05-26 19:03:12.695347,Rondo Ofiar Katynia,50.0879,19.8976,46,57,345,279,66,0.8070175438596491,19.3,1.0,False
2026-05-26 19:03:12.695347,Bronowice SKA,50.0814,19.8994,112,112,498,498,0,1.0,0.0,1.0,False
2026-05-26 19:03:12.695347,Armii Krajowej / Zarzecze,50.0738,19.8985,25,25,137,137,0,1.0,0.0,1.0,False
2026-05-26 19:03:12.695347,Czarnowiejska / Armii Krajowej,50.069,19.9075,28,36,94,73,21,0.7777777777777778,22.22,1.0,False
2026-05-26 19:03:12.695347,Rondo Czyżyńskie,50.0729,20.0167,38,38,10,10,0,1.0,0.0,1.0,False
2026-05-26 19:03:12.695347,Plac Centralny,50.072,20.0372,15,20,97,72,25,0.75,25.0,1.0,False
2026-05-26 19:03:12.695347,Aleja Pokoju / Centralna,50.0667,20.0028,27,49,71,39,32,0.5510204081632653,44.9,1.0,False
2026-05-26 19:03:12.695347,Nowohucka / Klimeckiego,50.0503,19.9765,29,29,230,230,0,1.0,0.0,1.0,False
2026-05-26 19:03:12.695347,M1 / Aleja Pokoju,50.0661,20.0149,28,28,120,120,0,1.0,0.0,1.0,False
2026-05-26 19:03:12.695347,Wielicka / Powstańców Wielkopolskich,50.0335,19.9621,36,49,120,88,32,0.7346938775510204,26.53,1.0,False
2026-05-26 19:03:12.695347,Estakada Obrońców Lwowa,50.0396,19.9627,36,49,120,88,32,0.7346938775510204,26.53,1.0,False
2026-05-26 19:03:12.695347,Bieżanowska / Wielicka,50.0207,19.982,24,24,113,113,0,1.0,0.0,1.0,False
2026-05-26 19:03:12.695347,Prokocim Szpital,50.0117,20.0005,46,46,60,60,0,1.0,0.0,1.0,False
2026-05-26 19:03:12.695347,Węzeł Łagiewniki,50.0136,19.9325,29,29,327,327,0,1.0,0.0,1.0,False
2026-05-26 19:03:12.695347,Węzeł Balice / A4,50.0878,19.7937,40,40,114,114,0,1.0,0.0,1.0,False
2026-05-26 19:03:12.695347,Węzeł Tyniec / A4,50.0196,19.8078,45,45,605,605,0,1.0,0.0,1.0,False
2026-05-26 19:03:12.695347,Węzeł Wielicka / A4,50.0034,20.0065,48,48,133,133,0,1.0,0.0,1.0,False
2026-05-26 20:59:06.285440,Rondo Mogilskie,50.0672,19.9595,34,34,16,16,0,1.0,0.0,1,False
2026-05-26 20:59:06.285440,Lubomirskiego,50.0676,19.9536,16,16,95,95,0,1.0,0.0,1,False
2026-05-26 20:59:06.285440,Aleja Powstania Warszawskiego,50.0647,19.9608,31,31,49,49,0,1.0,0.0,1,False
2026-05-26 20:59:06.285440,Grzegórzecka,50.0578,19.9564,29,29,47,47,0,1.0,0.0,1,False
2026-05-26 20:59:06.285440,Rondo Grzegórzeckie,50.0576,19.9609,30,30,50,50,0,1.0,0.0,1,False
2026-05-26 20:59:06.285440,Galeria Krakowska / Pawia,50.0669,19.9457,49,49,121,121,0,1.0,0.0,1,False
2026-05-26 20:59:06.285440,Dworzec Główny Tunel,50.0686,19.9477,39,39,124,124,0,1.0,0.0,1,False
2026-05-26 20:59:06.285440,Aleje Trzech Wieszczów - AGH,50.0674,19.9209,21,21,84,84,0,1.0,0.0,1,False
2026-05-26 20:59:06.285440,Plac Inwalidów,50.0671,19.9269,16,16,128,128,0,1.0,0.0,1,False
2026-05-26 20:59:06.285440,Nowy Kleparz,50.0731,19.9352,26,26,43,43,0,1.0,0.0,1,False
2026-05-26 20:59:06.285440,Aleja Słowackiego / Łobzowska,50.0692,19.9302,27,27,270,270,0,1.0,0.0,1,False
2026-05-26 20:59:06.285440,Cracovia / Aleja Mickiewicza,50.0595,19.9235,34,34,221,221,0,1.0,0.0,1,False
2026-05-26 20:59:06.285440,Rondo Grunwaldzkie,50.0492,19.9317,17,17,24,24,0,1.0,0.0,1,False
2026-05-26 20:59:06.285440,Most Dębnicki,50.053,19.9278,28,28,177,177,0,1.0,0.0,1,False
2026-05-26 20:59:06.285440,Rondo Matecznego,50.0364,19.9406,19,25,9,7,2,0.76,24.0,1,False
2026-05-26 20:59:06.285440,Kalwaryjska,50.0412,19.9443,25,25,115,115,0,1.0,0.0,1,False
2026-05-26 20:59:06.285440,Bonarka / Kamieńskiego,50.0298,19.9513,34,34,15,15,0,1.0,0.0,1,False
2026-05-26 20:59:06.285440,Zakopiańska / Brożka,50.0227,19.9349,40,40,71,71,0,1.0,0.0,1,False
2026-05-26 20:59:06.285440,Łagiewniki,50.0202,19.9378,60,60,203,203,0,1.0,0.0,1,False
2026-05-26 20:59:06.285440,Opolska Estakada,50.0857,19.9536,34,34,50,50,0,1.0,0.0,1,False
2026-05-26 20:59:06.285440,Rondo Polsadu,50.0879,19.9618,43,43,35,35,0,1.0,0.0,1,False
2026-05-26 20:59:06.285440,Rondo Barei,50.0911,19.9742,38,38,40,40,0,1.0,0.0,1,False
2026-05-26 20:59:06.285440,Aleja 29 Listopada / Opolska,50.0861,19.952,56,56,284,284,0,1.0,0.0,1,False
2026-05-26 20:59:06.285440,Aleja 29 Listopada / Dobrego Pasterza,50.0953,19.9746,41,41,92,92,0,1.0,0.0,1,False
2026-05-26 20:59:06.285440,Rondo Ofiar Katynia,50.0879,19.8976,56,56,284,284,0,1.0,0.0,1,False
2026-05-26 20:59:06.285440,Bronowice SKA,50.0814,19.8994,112,112,498,498,0,1.0,0.0,1,False
2026-05-26 20:59:06.285440,Armii Krajowej / Zarzecze,50.0738,19.8985,25,25,137,137,0,1.0,0.0,1,False
2026-05-26 20:59:06.285440,Czarnowiejska / Armii Krajowej,50.069,19.9075,31,36,84,73,11,0.8611111111111112,13.89,1,False
2026-05-26 20:59:06.285440,Rondo Czyżyńskie,50.0729,20.0167,38,38,10,10,0,1.0,0.0,1,False
2026-05-26 20:59:06.285440,Plac Centralny,50.072,20.0372,21,21,69,69,0,1.0,0.0,1,False
2026-05-26 20:59:06.285440,Aleja Pokoju / Centralna,50.0667,20.0028,49,49,39,39,0,1.0,0.0,1,False
2026-05-26 20:59:06.285440,Nowohucka / Klimeckiego,50.0503,19.9765,29,29,230,230,0,1.0,0.0,1,False
2026-05-26 20:59:06.285440,M1 / Aleja Pokoju,50.0661,20.0149,28,28,120,120,0,1.0,0.0,1,False
2026-05-26 20:59:06.285440,Wielicka / Powstańców Wielkopolskich,50.0335,19.9621,49,49,88,88,0,1.0,0.0,1,False
2026-05-26 20:59:06.285440,Estakada Obrońców Lwowa,50.0396,19.9627,49,49,88,88,0,1.0,0.0,1,False
2026-05-26 20:59:06.285440,Bieżanowska / Wielicka,50.0207,19.982,24,24,113,113,0,1.0,0.0,1,False
2026-05-26 20:59:06.285440,Prokocim Szpital,50.0117,20.0005,46,46,60,60,0,1.0,0.0,1,False
2026-05-26 20:59:06.285440,Węzeł Łagiewniki,50.0136,19.9325,29,29,327,327,0,1.0,0.0,1,False
2026-05-26 20:59:06.285440,Węzeł Balice / A4,50.0878,19.7937,40,40,114,114,0,1.0,0.0,1,False
2026-05-26 20:59:06.285440,Węzeł Tyniec / A4,50.0196,19.8078,45,45,605,605,0,1.0,0.0,1,False
2026-05-26 20:59:06.285440,Węzeł Wielicka / A4,50.0034,20.0065,48,48,133,133,0,1.0,0.0,1,False
2026-05-26 22:26:37.330888,Rondo Mogilskie,50.0672,19.9595,34,34,16,16,0,1.0,0.0,1,False
2026-05-26 22:26:37.330888,Lubomirskiego,50.0676,19.9536,16,16,95,95,0,1.0,0.0,1,False
2026-05-26 22:26:37.330888,Aleja Powstania Warszawskiego,50.0647,19.9608,31,31,49,49,0,1.0,0.0,1,False
2026-05-26 22:26:37.330888,Grzegórzecka,50.0578,19.9564,29,29,47,47,0,1.0,0.0,1,False
2026-05-26 22:26:37.330888,Rondo Grzegórzeckie,50.0576,19.9609,30,30,50,50,0,1.0,0.0,1,False
2026-05-26 22:26:37.330888,Galeria Krakowska / Pawia,50.0669,19.9457,49,49,121,121,0,1.0,0.0,1,False
2026-05-26 22:26:37.330888,Dworzec Główny Tunel,50.0686,19.9477,39,39,124,124,0,1.0,0.0,1,False
2026-05-26 22:26:37.330888,Aleje Trzech Wieszczów - AGH,50.0674,19.9209,21,21,84,84,0,1.0,0.0,1,False
2026-05-26 22:26:37.330888,Plac Inwalidów,50.0671,19.9269,16,16,128,128,0,1.0,0.0,1,False
2026-05-26 22:26:37.330888,Nowy Kleparz,50.0731,19.9352,26,26,43,43,0,1.0,0.0,1,False
2026-05-26 22:26:37.330888,Aleja Słowackiego / Łobzowska,50.0692,19.9302,27,27,270,270,0,1.0,0.0,1,False
2026-05-26 22:26:37.330888,Cracovia / Aleja Mickiewicza,50.0595,19.9235,34,34,221,221,0,1.0,0.0,1,False
2026-05-26 22:26:37.330888,Rondo Grunwaldzkie,50.0492,19.9317,12,16,34,25,9,0.75,25.0,1,False
2026-05-26 22:26:37.330888,Most Dębnicki,50.053,19.9278,28,28,177,177,0,1.0,0.0,1,False
2026-05-26 22:26:37.330888,Rondo Matecznego,50.0364,19.9406,19,25,9,7,2,0.76,24.0,1,False
2026-05-26 22:26:37.330888,Kalwaryjska,50.0412,19.9443,25,25,115,115,0,1.0,0.0,1,False
2026-05-26 22:26:37.330888,Bonarka / Kamieńskiego,50.0298,19.9513,34,34,15,15,0,1.0,0.0,1,False
2026-05-26 22:26:37.330888,Zakopiańska / Brożka,50.0227,19.9349,40,40,71,71,0,1.0,0.0,1,False
2026-05-26 22:26:37.330888,Łagiewniki,50.0202,19.9378,60,60,203,203,0,1.0,0.0,1,False
2026-05-26 22:26:37.330888,Opolska Estakada,50.0857,19.9536,34,34,50,50,0,1.0,0.0,1,False
2026-05-26 22:26:37.330888,Rondo Polsadu,50.0879,19.9618,43,43,35,35,0,1.0,0.0,1,False
2026-05-26 22:26:37.330888,Rondo Barei,50.0911,19.9742,38,38,40,40,0,1.0,0.0,1,False
2026-05-26 22:26:37.330888,Aleja 29 Listopada / Opolska,50.0861,19.952,56,56,284,284,0,1.0,0.0,1,False
2026-05-26 22:26:37.330888,Aleja 29 Listopada / Dobrego Pasterza,50.0953,19.9746,41,41,92,92,0,1.0,0.0,1,False
2026-05-26 22:26:37.330888,Rondo Ofiar Katynia,50.0879,19.8976,56,56,284,284,0,1.0,0.0,1,False
2026-05-26 22:26:37.330888,Bronowice SKA,50.0814,19.8994,112,112,498,498,0,1.0,0.0,1,False
2026-05-26 22:26:37.330888,Armii Krajowej / Zarzecze,50.0738,19.8985,25,25,137,137,0,1.0,0.0,1,False
2026-05-26 22:26:37.330888,Czarnowiejska / Armii Krajowej,50.069,19.9075,31,36,84,73,11,0.8611111111111112,13.89,1,False
2026-05-26 22:26:37.330888,Rondo Czyżyńskie,50.0729,20.0167,38,38,10,10,0,1.0,0.0,1,False
2026-05-26 22:26:37.330888,Plac Centralny,50.072,20.0372,21,21,69,69,0,1.0,0.0,1,False
2026-05-26 22:26:37.330888,Aleja Pokoju / Centralna,50.0667,20.0028,49,49,39,39,0,1.0,0.0,1,False
2026-05-26 22:26:37.330888,Nowohucka / Klimeckiego,50.0503,19.9765,29,29,230,230,0,1.0,0.0,1,False
2026-05-26 22:26:37.330888,M1 / Aleja Pokoju,50.0661,20.0149,28,28,120,120,0,1.0,0.0,1,False
2026-05-26 22:26:37.330888,Wielicka / Powstańców Wielkopolskich,50.0335,19.9621,49,49,88,88,0,1.0,0.0,1,False
2026-05-26 22:26:37.330888,Estakada Obrońców Lwowa,50.0396,19.9627,49,49,88,88,0,1.0,0.0,1,False
2026-05-26 22:26:37.330888,Bieżanowska / Wielicka,50.0207,19.982,24,24,113,113,0,1.0,0.0,1,False
2026-05-26 22:26:37.330888,Prokocim Szpital,50.0117,20.0005,46,46,60,60,0,1.0,0.0,1,False
2026-05-26 22:26:37.330888,Węzeł Łagiewniki,50.0136,19.9325,29,29,327,327,0,1.0,0.0,1,False
2026-05-26 22:26:37.330888,Węzeł Balice / A4,50.0878,19.7937,40,40,114,114,0,1.0,0.0,1,False
2026-05-26 22:26:37.330888,Węzeł Tyniec / A4,50.0196,19.8078,45,45,605,605,0,1.0,0.0,1,False
2026-05-26 22:26:37.330888,Węzeł Wielicka / A4,50.0034,20.0065,48,48,133,133,0,1.0,0.0,1,False
2026-05-26 23:43:05.130658,Rondo Mogilskie,50.0672,19.9595,34,34,16,16,0,1.0,0.0,1.0,False
2026-05-26 23:43:05.130658,Lubomirskiego,50.0676,19.9536,16,16,95,95,0,1.0,0.0,1.0,False
2026-05-26 23:43:05.130658,Aleja Powstania Warszawskiego,50.0647,19.9608,31,31,49,49,0,1.0,0.0,1.0,False
2026-05-26 23:43:05.130658,Grzegórzecka,50.0578,19.9564,29,29,47,47,0,1.0,0.0,1.0,False
2026-05-26 23:43:05.130658,Rondo Grzegórzeckie,50.0576,19.9609,22,29,68,51,17,0.7586206896551724,24.14,1.0,False
2026-05-26 23:43:05.130658,Galeria Krakowska / Pawia,50.0669,19.9457,49,49,121,121,0,1.0,0.0,1.0,False
2026-05-26 23:43:05.130658,Dworzec Główny Tunel,50.0686,19.9477,39,39,124,124,0,1.0,0.0,1.0,False
2026-05-26 23:43:05.130658,Aleje Trzech Wieszczów - AGH,50.0674,19.9209,21,21,84,84,0,1.0,0.0,1.0,False
2026-05-26 23:43:05.130658,Plac Inwalidów,50.0671,19.9269,16,16,128,128,0,1.0,0.0,1.0,False
2026-05-26 23:43:05.130658,Nowy Kleparz,50.0731,19.9352,26,26,43,43,0,1.0,0.0,1.0,False
2026-05-26 23:43:05.130658,Aleja Słowackiego / Łobzowska,50.0692,19.9302,27,27,270,270,0,1.0,0.0,1.0,False
2026-05-26 23:43:05.130658,Cracovia / Aleja Mickiewicza,50.0595,19.9235,34,34,221,221,0,1.0,0.0,1.0,False
2026-05-26 23:43:05.130658,Rondo Grunwaldzkie,50.0492,19.9317,17,17,24,24,0,1.0,0.0,1.0,False
2026-05-26 23:43:05.130658,Most Dębnicki,50.053,19.9278,28,28,177,177,0,1.0,0.0,1.0,False
2026-05-26 23:43:05.130658,Rondo Matecznego,50.0364,19.9406,13,25,14,7,7,0.52,48.0,0.99,False
2026-05-26 23:43:05.130658,Kalwaryjska,50.0412,19.9443,19,25,151,115,36,0.76,24.0,0.576374,False
2026-05-26 23:43:05.130658,Bonarka / Kamieńskiego,50.0298,19.9513,34,34,15,15,0,1.0,0.0,1.0,False
2026-05-26 23:43:05.130658,Zakopiańska / Brożka,50.0227,19.9349,40,40,71,71,0,1.0,0.0,1.0,False
2026-05-26 23:43:05.130658,Łagiewniki,50.0202,19.9378,60,60,203,203,0,1.0,0.0,1.0,False
2026-05-26 23:43:05.130658,Opolska Estakada,50.0857,19.9536,34,34,50,50,0,1.0,0.0,1.0,False
2026-05-26 23:43:05.130658,Rondo Polsadu,50.0879,19.9618,43,43,35,35,0,1.0,0.0,1.0,False
2026-05-26 23:43:05.130658,Rondo Barei,50.0911,19.9742,38,38,40,40,0,1.0,0.0,1.0,False
2026-05-26 23:43:05.130658,Aleja 29 Listopada / Opolska,50.0861,19.952,56,56,284,284,0,1.0,0.0,1.0,False
2026-05-26 23:43:05.130658,Aleja 29 Listopada / Dobrego Pasterza,50.0953,19.9746,41,41,92,92,0,1.0,0.0,1.0,False
2026-05-26 23:43:05.130658,Rondo Ofiar Katynia,50.0879,19.8976,56,56,284,284,0,1.0,0.0,1.0,False
2026-05-26 23:43:05.130658,Bronowice SKA,50.0814,19.8994,112,112,498,498,0,1.0,0.0,1.0,False
2026-05-26 23:43:05.130658,Armii Krajowej / Zarzecze,50.0738,19.8985,25,25,137,137,0,1.0,0.0,1.0,False
2026-05-26 23:43:05.130658,Czarnowiejska / Armii Krajowej,50.069,19.9075,36,36,73,73,0,1.0,0.0,1.0,False
2026-05-26 23:43:05.130658,Rondo Czyżyńskie,50.0729,20.0167,38,38,10,10,0,1.0,0.0,1.0,False
2026-05-26 23:43:05.130658,Plac Centralny,50.072,20.0372,21,21,69,69,0,1.0,0.0,1.0,False
2026-05-26 23:43:05.130658,Aleja Pokoju / Centralna,50.0667,20.0028,49,49,39,39,0,1.0,0.0,1.0,False
2026-05-26 23:43:05.130658,Nowohucka / Klimeckiego,50.0503,19.9765,29,29,230,230,0,1.0,0.0,1.0,False
2026-05-26 23:43:05.130658,M1 / Aleja Pokoju,50.0661,20.0149,28,28,120,120,0,1.0,0.0,1.0,False
2026-05-26 23:43:05.130658,Wielicka / Powstańców Wielkopolskich,50.0335,19.9621,49,49,88,88,0,1.0,0.0,1.0,False
2026-05-26 23:43:05.130658,Estakada Obrońców Lwowa,50.0396,19.9627,49,49,88,88,0,1.0,0.0,1.0,False
2026-05-26 23:43:05.130658,Bieżanowska / Wielicka,50.0207,19.982,24,24,113,113,0,1.0,0.0,1.0,False
2026-05-26 23:43:05.130658,Prokocim Szpital,50.0117,20.0005,46,46,60,60,0,1.0,0.0,1.0,False
2026-05-26 23:43:05.130658,Węzeł Łagiewniki,50.0136,19.9325,29,29,327,327,0,1.0,0.0,1.0,False
2026-05-26 23:43:05.130658,Węzeł Balice / A4,50.0878,19.7937,40,40,114,114,0,1.0,0.0,1.0,False
2026-05-26 23:43:05.130658,Węzeł Tyniec / A4,50.0196,19.8078,45,45,605,605,0,1.0,0.0,1.0,False
2026-05-26 23:43:05.130658,Węzeł Wielicka / A4,50.0034,20.0065,48,48,133,133,0,1.0,0.0,1.0,False
2026-05-27 04:43:22.575272,Rondo Mogilskie,50.0672,19.9595,34,34,16,16,0,1.0,0.0,1,False
2026-05-27 04:43:22.575272,Lubomirskiego,50.0676,19.9536,16,16,95,95,0,1.0,0.0,1,False
2026-05-27 04:43:22.575272,Aleja Powstania Warszawskiego,50.0647,19.9608,31,31,49,49,0,1.0,0.0,1,False
2026-05-27 04:43:22.575272,Grzegórzecka,50.0578,19.9564,22,28,62,48,14,0.7857142857142857,21.43,1,False
2026-05-27 04:43:22.575272,Rondo Grzegórzeckie,50.0576,19.9609,22,30,68,50,18,0.7333333333333333,26.67,1,False
2026-05-27 04:43:22.575272,Galeria Krakowska / Pawia,50.0669,19.9457,49,49,121,121,0,1.0,0.0,1,False
2026-05-27 04:43:22.575272,Dworzec Główny Tunel,50.0686,19.9477,35,44,139,110,29,0.7954545454545454,20.45,1,False
2026-05-27 04:43:22.575272,Aleje Trzech Wieszczów - AGH,50.0674,19.9209,21,21,84,84,0,1.0,0.0,1,False
2026-05-27 04:43:22.575272,Plac Inwalidów,50.0671,19.9269,16,16,128,128,0,1.0,0.0,1,False
2026-05-27 04:43:22.575272,Nowy Kleparz,50.0731,19.9352,26,26,43,43,0,1.0,0.0,1,False
2026-05-27 04:43:22.575272,Aleja Słowackiego / Łobzowska,50.0692,19.9302,27,27,270,270,0,1.0,0.0,1,False
2026-05-27 04:43:22.575272,Cracovia / Aleja Mickiewicza,50.0595,19.9235,34,34,221,221,0,1.0,0.0,1,False
2026-05-27 04:43:22.575272,Rondo Grunwaldzkie,50.0492,19.9317,17,17,24,24,0,1.0,0.0,1,False
2026-05-27 04:43:22.575272,Most Dębnicki,50.053,19.9278,28,28,177,177,0,1.0,0.0,1,False
2026-05-27 04:43:22.575272,Rondo Matecznego,50.0364,19.9406,25,25,7,7,0,1.0,0.0,1,False
2026-05-27 04:43:22.575272,Kalwaryjska,50.0412,19.9443,25,25,115,115,0,1.0,0.0,1,False
2026-05-27 04:43:22.575272,Bonarka / Kamieńskiego,50.0298,19.9513,34,34,15,15,0,1.0,0.0,1,False
2026-05-27 04:43:22.575272,Zakopiańska / Brożka,50.0227,19.9349,32,49,89,58,31,0.6530612244897959,34.69,1,False
2026-05-27 04:43:22.575272,Łagiewniki,50.0202,19.9378,60,60,203,203,0,1.0,0.0,1,False
2026-05-27 04:43:22.575272,Opolska Estakada,50.0857,19.9536,34,34,50,50,0,1.0,0.0,1,False
2026-05-27 04:43:22.575272,Rondo Polsadu,50.0879,19.9618,43,43,35,35,0,1.0,0.0,1,False
2026-05-27 04:43:22.575272,Rondo Barei,50.0911,19.9742,38,38,40,40,0,1.0,0.0,1,False
2026-05-27 04:43:22.575272,Aleja 29 Listopada / Opolska,50.0861,19.952,44,57,361,279,82,0.7719298245614035,22.81,1,False
2026-05-27 04:43:22.575272,Aleja 29 Listopada / Dobrego Pasterza,50.0953,19.9746,41,41,92,92,0,1.0,0.0,1,False
2026-05-27 04:43:22.575272,Rondo Ofiar Katynia,50.0879,19.8976,43,56,369,284,85,0.7678571428571429,23.21,1,False
2026-05-27 04:43:22.575272,Bronowice SKA,50.0814,19.8994,69,111,808,502,306,0.6216216216216216,37.84,1,False
2026-05-27 04:43:22.575272,Armii Krajowej / Zarzecze,50.0738,19.8985,25,25,137,137,0,1.0,0.0,1,False
2026-05-27 04:43:22.575272,Czarnowiejska / Armii Krajowej,50.069,19.9075,36,36,73,73,0,1.0,0.0,1,False
2026-05-27 04:43:22.575272,Rondo Czyżyńskie,50.0729,20.0167,38,38,10,10,0,1.0,0.0,1,False
2026-05-27 04:43:22.575272,Plac Centralny,50.072,20.0372,21,21,69,69,0,1.0,0.0,1,False
2026-05-27 04:43:22.575272,Aleja Pokoju / Centralna,50.0667,20.0028,28,48,69,40,29,0.5833333333333334,41.67,1,False
2026-05-27 04:43:22.575272,Nowohucka / Klimeckiego,50.0503,19.9765,29,29,230,230,0,1.0,0.0,1,False
2026-05-27 04:43:22.575272,M1 / Aleja Pokoju,50.0661,20.0149,28,28,120,120,0,1.0,0.0,1,False
2026-05-27 04:43:22.575272,Wielicka / Powstańców Wielkopolskich,50.0335,19.9621,49,49,88,88,0,1.0,0.0,1,False
2026-05-27 04:43:22.575272,Estakada Obrońców Lwowa,50.0396,19.9627,49,49,88,88,0,1.0,0.0,1,False
2026-05-27 04:43:22.575272,Bieżanowska / Wielicka,50.0207,19.982,24,24,113,113,0,1.0,0.0,1,False
2026-05-27 04:43:22.575272,Prokocim Szpital,50.0117,20.0005,46,46,60,60,0,1.0,0.0,1,False
2026-05-27 04:43:22.575272,Węzeł Łagiewniki,50.0136,19.9325,29,29,327,327,0,1.0,0.0,1,False
2026-05-27 04:43:22.575272,Węzeł Balice / A4,50.0878,19.7937,40,40,114,114,0,1.0,0.0,1,False
2026-05-27 04:43:22.575272,Węzeł Tyniec / A4,50.0196,19.8078,45,45,605,605,0,1.0,0.0,1,False
2026-05-27 04:43:22.575272,Węzeł Wielicka / A4,50.0034,20.0065,48,48,133,133,0,1.0,0.0,1,False
2026-05-27 08:45:33.124839,Rondo Mogilskie,50.0672,19.9595,34,34,16,16,0,1.0,0.0,1.0,False
2026-05-27 08:45:33.124839,Lubomirskiego,50.0676,19.9536,16,16,95,95,0,1.0,0.0,1.0,False
2026-05-27 08:45:33.124839,Aleja Powstania Warszawskiego,50.0647,19.9608,18,30,84,50,34,0.6,40.0,0.995238,False
2026-05-27 08:45:33.124839,Grzegórzecka,50.0578,19.9564,23,28,59,48,11,0.8214285714285714,17.86,1.0,False
2026-05-27 08:45:33.124839,Rondo Grzegórzeckie,50.0576,19.9609,19,29,78,51,27,0.6551724137931034,34.48,1.0,False
2026-05-27 08:45:33.124839,Galeria Krakowska / Pawia,50.0669,19.9457,39,50,152,118,34,0.78,22.0,1.0,False
2026-05-27 08:45:33.124839,Dworzec Główny Tunel,50.0686,19.9477,36,44,135,110,25,0.8181818181818182,18.18,1.0,False
2026-05-27 08:45:33.124839,Aleje Trzech Wieszczów - AGH,50.0674,19.9209,21,21,84,84,0,1.0,0.0,1.0,False
2026-05-27 08:45:33.124839,Plac Inwalidów,50.0671,19.9269,16,16,128,128,0,1.0,0.0,1.0,False
2026-05-27 08:45:33.124839,Nowy Kleparz,50.0731,19.9352,11,26,102,43,59,0.4230769230769231,57.69,0.99,False
2026-05-27 08:45:33.124839,Aleja Słowackiego / Łobzowska,50.0692,19.9302,27,27,270,270,0,1.0,0.0,1.0,False
2026-05-27 08:45:33.124839,Cracovia / Aleja Mickiewicza,50.0595,19.9235,34,34,221,221,0,1.0,0.0,1.0,False
2026-05-27 08:45:33.124839,Rondo Grunwaldzkie,50.0492,19.9317,11,16,37,25,12,0.6875,31.25,1.0,False
2026-05-27 08:45:33.124839,Most Dębnicki,50.053,19.9278,17,28,292,177,115,0.6071428571428571,39.29,0.973184,False
2026-05-27 08:45:33.124839,Rondo Matecznego,50.0364,19.9406,12,25,15,7,8,0.48,52.0,1.0,False
2026-05-27 08:45:33.124839,Kalwaryjska,50.0412,19.9443,21,26,137,110,27,0.8076923076923077,19.23,0.943915,False
2026-05-27 08:45:33.124839,Bonarka / Kamieńskiego,50.0298,19.9513,34,34,15,15,0,1.0,0.0,1.0,False
2026-05-27 08:45:33.124839,Zakopiańska / Brożka,50.0227,19.9349,37,50,77,57,20,0.74,26.0,1.0,False
2026-05-27 08:45:33.124839,Łagiewniki,50.0202,19.9378,60,60,203,203,0,1.0,0.0,1.0,False
2026-05-27 08:45:33.124839,Opolska Estakada,50.0857,19.9536,34,34,50,50,0,1.0,0.0,1.0,False
2026-05-27 08:45:33.124839,Rondo Polsadu,50.0879,19.9618,43,43,35,35,0,1.0,0.0,1.0,False
2026-05-27 08:45:33.124839,Rondo Barei,50.0911,19.9742,24,38,64,40,24,0.631578947368421,36.84,0.99,False
2026-05-27 08:45:33.124839,Aleja 29 Listopada / Opolska,50.0861,19.952,46,56,345,284,61,0.8214285714285714,17.86,1.0,False
2026-05-27 08:45:33.124839,Aleja 29 Listopada / Dobrego Pasterza,50.0953,19.9746,41,41,92,92,0,1.0,0.0,1.0,False
2026-05-27 08:45:33.124839,Rondo Ofiar Katynia,50.0879,19.8976,46,56,345,284,61,0.8214285714285714,17.86,1.0,False
2026-05-27 08:45:33.124839,Bronowice SKA,50.0814,19.8994,112,112,498,498,0,1.0,0.0,1.0,False
2026-05-27 08:45:33.124839,Armii Krajowej / Zarzecze,50.0738,19.8985,25,25,137,137,0,1.0,0.0,1.0,False
2026-05-27 08:45:33.124839,Czarnowiejska / Armii Krajowej,50.069,19.9075,29,36,90,73,17,0.8055555555555556,19.44,1.0,False
2026-05-27 08:45:33.124839,Rondo Czyżyńskie,50.0729,20.0167,25,37,16,10,6,0.6756756756756757,32.43,0.96,False
2026-05-27 08:45:33.124839,Plac Centralny,50.072,20.0372,21,21,69,69,0,1.0,0.0,1.0,False
2026-05-27 08:45:33.124839,Aleja Pokoju / Centralna,50.0667,20.0028,23,48,84,40,44,0.4791666666666667,52.08,1.0,False
2026-05-27 08:45:33.124839,Nowohucka / Klimeckiego,50.0503,19.9765,24,28,278,239,39,0.8571428571428571,14.29,0.975955,False
2026-05-27 08:45:33.124839,M1 / Aleja Pokoju,50.0661,20.0149,13,27,259,125,134,0.48148148148148145,51.85,0.92,False
2026-05-27 08:45:33.124839,Wielicka / Powstańców Wielkopolskich,50.0335,19.9621,39,48,111,90,21,0.8125,18.75,1.0,False
2026-05-27 08:45:33.124839,Estakada Obrońców Lwowa,50.0396,19.9627,39,48,111,90,21,0.8125,18.75,1.0,False
2026-05-27 08:45:33.124839,Bieżanowska / Wielicka,50.0207,19.982,16,24,170,113,57,0.6666666666666666,33.33,0.985276,False
2026-05-27 08:45:33.124839,Prokocim Szpital,50.0117,20.0005,32,45,86,61,25,0.7111111111111111,28.89,1.0,False
2026-05-27 08:45:33.124839,Węzeł Łagiewniki,50.0136,19.9325,29,29,327,327,0,1.0,0.0,1.0,False
2026-05-27 08:45:33.124839,Węzeł Balice / A4,50.0878,19.7937,40,40,114,114,0,1.0,0.0,1.0,False
2026-05-27 08:45:33.124839,Węzeł Tyniec / A4,50.0196,19.8078,45,45,605,605,0,1.0,0.0,1.0,False
2026-05-27 08:45:33.124839,Węzeł Wielicka / A4,50.0034,20.0065,48,48,133,133,0,1.0,0.0,1.0,False
2026-05-27 12:29:25.511040,Rondo Mogilskie,50.0672,19.9595,34,34,16,16,0,1.0,0.0,1.0,False
2026-05-27 12:29:25.511040,Lubomirskiego,50.0676,19.9536,16,16,95,95,0,1.0,0.0,1.0,False
2026-05-27 12:29:25.511040,Aleja Powstania Warszawskiego,50.0647,19.9608,19,30,80,50,30,0.6333333333333333,36.67,0.994762,False
2026-05-27 12:29:25.511040,Grzegórzecka,50.0578,19.9564,16,29,85,47,38,0.5517241379310345,44.83,1.0,False
2026-05-27 12:29:25.511040,Rondo Grzegórzeckie,50.0576,19.9609,19,30,78,50,28,0.6333333333333333,36.67,1.0,False
2026-05-27 12:29:25.511040,Galeria Krakowska / Pawia,50.0669,19.9457,38,49,156,121,35,0.7755102040816326,22.45,1.0,False
2026-05-27 12:29:25.511040,Dworzec Główny Tunel,50.0686,19.9477,43,49,113,99,14,0.8775510204081632,12.24,1.0,False
2026-05-27 12:29:25.511040,Aleje Trzech Wieszczów - AGH,50.0674,19.9209,21,21,84,84,0,1.0,0.0,1.0,False
2026-05-27 12:29:25.511040,Plac Inwalidów,50.0671,19.9269,16,16,128,128,0,1.0,0.0,1.0,False
2026-05-27 12:29:25.511040,Nowy Kleparz,50.0731,19.9352,14,26,80,43,37,0.5384615384615384,46.15,1.0,False
2026-05-27 12:29:25.511040,Aleja Słowackiego / Łobzowska,50.0692,19.9302,21,28,348,261,87,0.75,25.0,0.975578,False
2026-05-27 12:29:25.511040,Cracovia / Aleja Mickiewicza,50.0595,19.9235,34,34,221,221,0,1.0,0.0,1.0,False
2026-05-27 12:29:25.511040,Rondo Grunwaldzkie,50.0492,19.9317,17,17,24,24,0,1.0,0.0,1.0,False
2026-05-27 12:29:25.511040,Most Dębnicki,50.053,19.9278,28,28,177,177,0,1.0,0.0,1.0,False
2026-05-27 12:29:25.511040,Rondo Matecznego,50.0364,19.9406,25,25,7,7,0,1.0,0.0,1.0,False
2026-05-27 12:29:25.511040,Kalwaryjska,50.0412,19.9443,25,25,115,115,0,1.0,0.0,1.0,False
2026-05-27 12:29:25.511040,Bonarka / Kamieńskiego,50.0298,19.9513,34,34,15,15,0,1.0,0.0,1.0,False
2026-05-27 12:29:25.511040,Zakopiańska / Brożka,50.0227,19.9349,17,39,168,73,95,0.4358974358974359,56.41,1.0,False
2026-05-27 12:29:25.511040,Łagiewniki,50.0202,19.9378,60,60,203,203,0,1.0,0.0,1.0,False
2026-05-27 12:29:25.511040,Opolska Estakada,50.0857,19.9536,26,34,65,50,15,0.7647058823529411,23.53,1.0,False
2026-05-27 12:29:25.511040,Rondo Polsadu,50.0879,19.9618,24,43,64,35,29,0.5581395348837209,44.19,1.0,False
2026-05-27 12:29:25.511040,Rondo Barei,50.0911,19.9742,38,38,40,40,0,1.0,0.0,1.0,False
2026-05-27 12:29:25.511040,Aleja 29 Listopada / Opolska,50.0861,19.952,42,57,378,279,99,0.7368421052631579,26.32,1.0,False
2026-05-27 12:29:25.511040,Aleja 29 Listopada / Dobrego Pasterza,50.0953,19.9746,41,41,92,92,0,1.0,0.0,1.0,False
2026-05-27 12:29:25.511040,Rondo Ofiar Katynia,50.0879,19.8976,42,57,378,279,99,0.7368421052631579,26.32,1.0,False
2026-05-27 12:29:25.511040,Bronowice SKA,50.0814,19.8994,80,111,697,502,195,0.7207207207207207,27.93,1.0,False
2026-05-27 12:29:25.511040,Armii Krajowej / Zarzecze,50.0738,19.8985,25,25,137,137,0,1.0,0.0,1.0,False
2026-05-27 12:29:25.511040,Czarnowiejska / Armii Krajowej,50.069,19.9075,23,35,114,75,39,0.6571428571428571,34.29,1.0,False
2026-05-27 12:29:25.511040,Rondo Czyżyńskie,50.0729,20.0167,38,38,10,10,0,1.0,0.0,1.0,False
2026-05-27 12:29:25.511040,Plac Centralny,50.072,20.0372,21,21,69,69,0,1.0,0.0,1.0,False
2026-05-27 12:29:25.511040,Aleja Pokoju / Centralna,50.0667,20.0028,31,48,62,40,22,0.6458333333333334,35.42,1.0,False
2026-05-27 12:29:25.511040,Nowohucka / Klimeckiego,50.0503,19.9765,19,29,352,230,122,0.6551724137931034,34.48,0.92474,False
2026-05-27 12:29:25.511040,M1 / Aleja Pokoju,50.0661,20.0149,24,33,140,102,38,0.7272727272727273,27.27,0.937912,False
2026-05-27 12:29:25.511040,Wielicka / Powstańców Wielkopolskich,50.0335,19.9621,35,49,123,88,35,0.7142857142857143,28.57,1.0,False
2026-05-27 12:29:25.511040,Estakada Obrońców Lwowa,50.0396,19.9627,35,49,123,88,35,0.7142857142857143,28.57,1.0,False
2026-05-27 12:29:25.511040,Bieżanowska / Wielicka,50.0207,19.982,17,24,160,113,47,0.7083333333333334,29.17,0.975276,False
2026-05-27 12:29:25.511040,Prokocim Szpital,50.0117,20.0005,28,45,99,61,38,0.6222222222222222,37.78,1.0,False
2026-05-27 12:29:25.511040,Węzeł Łagiewniki,50.0136,19.9325,27,29,351,327,24,0.9310344827586207,6.9,0.904624,False
2026-05-27 12:29:25.511040,Węzeł Balice / A4,50.0878,19.7937,40,40,114,114,0,1.0,0.0,1.0,False
2026-05-27 12:29:25.511040,Węzeł Tyniec / A4,50.0196,19.8078,39,45,698,605,93,0.8666666666666667,13.33,0.827943,False
2026-05-27 12:29:25.511040,Węzeł Wielicka / A4,50.0034,20.0065,48,48,133,133,0,1.0,0.0,1.0,False
2026-05-27 16:25:38.641059,Rondo Mogilskie,50.0672,19.9595,34,34,16,16,0,1.0,0.0,1.0,False
2026-05-27 16:25:38.641059,Lubomirskiego,50.0676,19.9536,16,16,95,95,0,1.0,0.0,1.0,False
2026-05-27 16:25:38.641059,Aleja Powstania Warszawskiego,50.0647,19.9608,31,31,49,49,0,1.0,0.0,1.0,False
2026-05-27 16:25:38.641059,Grzegórzecka,50.0578,19.9564,18,29,75,47,28,0.6206896551724138,37.93,1.0,False
2026-05-27 16:25:38.641059,Rondo Grzegórzeckie,50.0576,19.9609,22,30,68,50,18,0.7333333333333333,26.67,1.0,False
2026-05-27 16:25:38.641059,Galeria Krakowska / Pawia,50.0669,19.9457,49,49,121,121,0,1.0,0.0,1.0,False
2026-05-27 16:25:38.641059,Dworzec Główny Tunel,50.0686,19.9477,28,42,173,115,58,0.6666666666666666,33.33,1.0,False
2026-05-27 16:25:38.641059,Aleje Trzech Wieszczów - AGH,50.0674,19.9209,17,21,104,84,20,0.8095238095238095,19.05,0.98,False
2026-05-27 16:25:38.641059,Plac Inwalidów,50.0671,19.9269,16,16,128,128,0,1.0,0.0,1.0,False
2026-05-27 16:25:38.641059,Nowy Kleparz,50.0731,19.9352,14,26,80,43,37,0.5384615384615384,46.15,0.99,False
2026-05-27 16:25:38.641059,Aleja Słowackiego / Łobzowska,50.0692,19.9302,27,27,270,270,0,1.0,0.0,1.0,False
2026-05-27 16:25:38.641059,Cracovia / Aleja Mickiewicza,50.0595,19.9235,34,34,221,221,0,1.0,0.0,1.0,False
2026-05-27 16:25:38.641059,Rondo Grunwaldzkie,50.0492,19.9317,17,17,24,24,0,1.0,0.0,1.0,False
2026-05-27 16:25:38.641059,Most Dębnicki,50.053,19.9278,28,28,177,177,0,1.0,0.0,1.0,False
2026-05-27 16:25:38.641059,Rondo Matecznego,50.0364,19.9406,25,25,7,7,0,1.0,0.0,1.0,False
2026-05-27 16:25:38.641059,Kalwaryjska,50.0412,19.9443,25,25,115,115,0,1.0,0.0,1.0,False
2026-05-27 16:25:38.641059,Bonarka / Kamieńskiego,50.0298,19.9513,34,34,15,15,0,1.0,0.0,1.0,False
2026-05-27 16:25:38.641059,Zakopiańska / Brożka,50.0227,19.9349,36,50,79,57,22,0.72,28.0,1.0,False
2026-05-27 16:25:38.641059,Łagiewniki,50.0202,19.9378,60,60,203,203,0,1.0,0.0,1.0,False
2026-05-27 16:25:38.641059,Opolska Estakada,50.0857,19.9536,34,34,50,50,0,1.0,0.0,1.0,False
2026-05-27 16:25:38.641059,Rondo Polsadu,50.0879,19.9618,43,43,35,35,0,1.0,0.0,1.0,False
2026-05-27 16:25:38.641059,Rondo Barei,50.0911,19.9742,38,38,40,40,0,1.0,0.0,1.0,False
2026-05-27 16:25:38.641059,Aleja 29 Listopada / Opolska,50.0861,19.952,43,57,369,279,90,0.7543859649122807,24.56,1.0,False
2026-05-27 16:25:38.641059,Aleja 29 Listopada / Dobrego Pasterza,50.0953,19.9746,33,40,114,94,20,0.825,17.5,1.0,False
2026-05-27 16:25:38.641059,Rondo Ofiar Katynia,50.0879,19.8976,43,57,369,279,90,0.7543859649122807,24.56,1.0,False
2026-05-27 16:25:38.641059,Bronowice SKA,50.0814,19.8994,112,112,498,498,0,1.0,0.0,1.0,False
2026-05-27 16:25:38.641059,Armii Krajowej / Zarzecze,50.0738,19.8985,25,25,137,137,0,1.0,0.0,1.0,False
2026-05-27 16:25:38.641059,Czarnowiejska / Armii Krajowej,50.069,19.9075,24,36,109,73,36,0.6666666666666666,33.33,1.0,False
2026-05-27 16:25:38.641059,Rondo Czyżyńskie,50.0729,20.0167,38,38,10,10,0,1.0,0.0,1.0,False
2026-05-27 16:25:38.641059,Plac Centralny,50.072,20.0372,21,21,69,69,0,1.0,0.0,1.0,False
2026-05-27 16:25:38.641059,Aleja Pokoju / Centralna,50.0667,20.0028,23,48,84,40,44,0.4791666666666667,52.08,1.0,False
2026-05-27 16:25:38.641059,Nowohucka / Klimeckiego,50.0503,19.9765,29,29,230,230,0,1.0,0.0,1.0,False
2026-05-27 16:25:38.641059,M1 / Aleja Pokoju,50.0661,20.0149,21,34,160,99,61,0.6176470588235294,38.24,0.906169,False
2026-05-27 16:25:38.641059,Wielicka / Powstańców Wielkopolskich,50.0335,19.9621,38,49,114,88,26,0.7755102040816326,22.45,1.0,False
2026-05-27 16:25:38.641059,Estakada Obrońców Lwowa,50.0396,19.9627,38,49,114,88,26,0.7755102040816326,22.45,1.0,False
2026-05-27 16:25:38.641059,Bieżanowska / Wielicka,50.0207,19.982,24,24,113,113,0,1.0,0.0,1.0,False
2026-05-27 16:25:38.641059,Prokocim Szpital,50.0117,20.0005,46,46,60,60,0,1.0,0.0,1.0,False
2026-05-27 16:25:38.641059,Węzeł Łagiewniki,50.0136,19.9325,25,29,380,327,53,0.8620689655172413,13.79,0.961844,False
2026-05-27 16:25:38.641059,Węzeł Balice / A4,50.0878,19.7937,40,40,114,114,0,1.0,0.0,1.0,False
2026-05-27 16:25:38.641059,Węzeł Tyniec / A4,50.0196,19.8078,45,45,605,605,0,1.0,0.0,1.0,False
2026-05-27 16:25:38.641059,Węzeł Wielicka / A4,50.0034,20.0065,48,48,133,133,0,1.0,0.0,1.0,False
2026-05-27 18:40:55.007218,Rondo Mogilskie,50.0672,19.9595,34,34,16,16,0,1.0,0.0,1,False
2026-05-27 18:40:55.007218,Lubomirskiego,50.0676,19.9536,16,16,95,95,0,1.0,0.0,1,False
2026-05-27 18:40:55.007218,Aleja Powstania Warszawskiego,50.0647,19.9608,31,31,49,49,0,1.0,0.0,1,False
2026-05-27 18:40:55.007218,Grzegórzecka,50.0578,19.9564,22,29,62,47,15,0.7586206896551724,24.14,1,False
2026-05-27 18:40:55.007218,Rondo Grzegórzeckie,50.0576,19.9609,30,30,50,50,0,1.0,0.0,1,False
2026-05-27 18:40:55.007218,Galeria Krakowska / Pawia,50.0669,19.9457,49,49,121,121,0,1.0,0.0,1,False
2026-05-27 18:40:55.007218,Dworzec Główny Tunel,50.0686,19.9477,39,39,124,124,0,1.0,0.0,1,False
2026-05-27 18:40:55.007218,Aleje Trzech Wieszczów - AGH,50.0674,19.9209,21,21,84,84,0,1.0,0.0,1,False
2026-05-27 18:40:55.007218,Plac Inwalidów,50.0671,19.9269,16,16,128,128,0,1.0,0.0,1,False
2026-05-27 18:40:55.007218,Nowy Kleparz,50.0731,19.9352,26,26,43,43,0,1.0,0.0,1,False
2026-05-27 18:40:55.007218,Aleja Słowackiego / Łobzowska,50.0692,19.9302,27,27,270,270,0,1.0,0.0,1,False
2026-05-27 18:40:55.007218,Cracovia / Aleja Mickiewicza,50.0595,19.9235,22,33,342,228,114,0.6666666666666666,33.33,1,False
2026-05-27 18:40:55.007218,Rondo Grunwaldzkie,50.0492,19.9317,17,17,24,24,0,1.0,0.0,1,False
2026-05-27 18:40:55.007218,Most Dębnicki,50.053,19.9278,28,28,177,177,0,1.0,0.0,1,False
2026-05-27 18:40:55.007218,Rondo Matecznego,50.0364,19.9406,9,25,20,7,13,0.36,64.0,1,False
2026-05-27 18:40:55.007218,Kalwaryjska,50.0412,19.9443,25,25,115,115,0,1.0,0.0,1,False
2026-05-27 18:40:55.007218,Bonarka / Kamieńskiego,50.0298,19.9513,34,34,15,15,0,1.0,0.0,1,False
2026-05-27 18:40:55.007218,Zakopiańska / Brożka,50.0227,19.9349,26,39,110,73,37,0.6666666666666666,33.33,1,False
2026-05-27 18:40:55.007218,Łagiewniki,50.0202,19.9378,60,60,203,203,0,1.0,0.0,1,False
2026-05-27 18:40:55.007218,Opolska Estakada,50.0857,19.9536,34,34,50,50,0,1.0,0.0,1,False
2026-05-27 18:40:55.007218,Rondo Polsadu,50.0879,19.9618,43,43,35,35,0,1.0,0.0,1,False
2026-05-27 18:40:55.007218,Rondo Barei,50.0911,19.9742,38,38,40,40,0,1.0,0.0,1,False
2026-05-27 18:40:55.007218,Aleja 29 Listopada / Opolska,50.0861,19.952,49,56,324,284,40,0.875,12.5,1,False
2026-05-27 18:40:55.007218,Aleja 29 Listopada / Dobrego Pasterza,50.0953,19.9746,41,41,92,92,0,1.0,0.0,1,False
2026-05-27 18:40:55.007218,Rondo Ofiar Katynia,50.0879,19.8976,49,56,324,284,40,0.875,12.5,1,False
2026-05-27 18:40:55.007218,Bronowice SKA,50.0814,19.8994,112,112,498,498,0,1.0,0.0,1,False
2026-05-27 18:40:55.007218,Armii Krajowej / Zarzecze,50.0738,19.8985,25,25,137,137,0,1.0,0.0,1,False
2026-05-27 18:40:55.007218,Czarnowiejska / Armii Krajowej,50.069,19.9075,32,36,82,73,9,0.8888888888888888,11.11,1,False
2026-05-27 18:40:55.007218,Rondo Czyżyńskie,50.0729,20.0167,38,38,10,10,0,1.0,0.0,1,False
2026-05-27 18:40:55.007218,Plac Centralny,50.072,20.0372,21,21,69,69,0,1.0,0.0,1,False
2026-05-27 18:40:55.007218,Aleja Pokoju / Centralna,50.0667,20.0028,25,49,77,39,38,0.5102040816326531,48.98,1,False
2026-05-27 18:40:55.007218,Nowohucka / Klimeckiego,50.0503,19.9765,29,29,230,230,0,1.0,0.0,1,False
2026-05-27 18:40:55.007218,M1 / Aleja Pokoju,50.0661,20.0149,28,28,120,120,0,1.0,0.0,1,False
2026-05-27 18:40:55.007218,Wielicka / Powstańców Wielkopolskich,50.0335,19.9621,37,50,117,86,31,0.74,26.0,1,False
2026-05-27 18:40:55.007218,Estakada Obrońców Lwowa,50.0396,19.9627,37,50,117,86,31,0.74,26.0,1,False
2026-05-27 18:40:55.007218,Bieżanowska / Wielicka,50.0207,19.982,24,24,113,113,0,1.0,0.0,1,False
2026-05-27 18:40:55.007218,Prokocim Szpital,50.0117,20.0005,27,44,102,63,39,0.6136363636363636,38.64,1,False
2026-05-27 18:40:55.007218,Węzeł Łagiewniki,50.0136,19.9325,29,29,327,327,0,1.0,0.0,1,False
2026-05-27 18:40:55.007218,Węzeł Balice / A4,50.0878,19.7937,40,40,114,114,0,1.0,0.0,1,False
2026-05-27 18:40:55.007218,Węzeł Tyniec / A4,50.0196,19.8078,45,45,605,605,0,1.0,0.0,1,False
2026-05-27 18:40:55.007218,Węzeł Wielicka / A4,50.0034,20.0065,48,48,133,133,0,1.0,0.0,1,False
